txn_id,customer_id,persona,ts,type,direction,amount,counterparty,counterparty_name,counterparty_type,merchant_type,category,purpose,balance_before,balance_after,is_scam,scam_type,incident_id,unusual,late_days
T0000001,D0003,shop_owner,2026-04-01 06:44:04,receive_money,in,239,01069678633,,person,none,income,,25900,26139,0,none,,,0
T0000002,D0001,salaried,2026-04-01 08:53:41,send_money,out,2100,01094533718,Babul (friend),person,none,personal_transfer,friend,3100,1000,0,none,,,0
T0000003,D0003,shop_owner,2026-04-01 08:58:19,receive_money,in,185,01014099709,,person,none,income,,26139,26324,0,none,,,0
T0000004,D0003,shop_owner,2026-04-01 09:27:00,receive_money,in,613,01085270310,,person,none,income,,26324,26937,0,none,,,0
T0000005,D0003,shop_owner,2026-04-01 09:50:35,receive_money,in,415,01014033484,,person,none,income,,26937,27352,0,none,,,0
T0000006,D0003,shop_owner,2026-04-01 10:26:26,receive_money,in,609,01007195337,,person,none,income,,27352,27961,0,none,,,0
T0000007,D0001,salaried,2026-04-01 10:44:16,merchant_payment,out,701,M0003,Shapla General Store (Uttara),merchant,grocery,groceries,groceries,1000,299,0,none,,,0
T0000008,D0003,shop_owner,2026-04-01 11:37:24,receive_money,in,192,01065482665,,person,none,income,,27961,28153,0,none,,,0
T0000009,D0001,salaried,2026-04-01 12:59:58,salary_in,in,45000,E0333,Employer E0333,employer,none,income,,299,45299,0,none,,,0
T0000010,D0003,shop_owner,2026-04-01 14:06:19,receive_money,in,294,01029498267,,person,none,income,,28153,28447,0,none,,,0
T0000011,D0003,shop_owner,2026-04-01 15:36:14,receive_money,in,550,01005331556,,person,none,income,,28447,28997,0,none,,,0
T0000012,D0003,shop_owner,2026-04-01 16:33:21,receive_money,in,783,01091871870,,person,none,income,,28997,29780,0,none,,,0
T0000013,D0001,salaried,2026-04-01 17:07:08,merchant_payment,out,363,M0216,Khichuri Kitchen (Rajshahi),merchant,restaurant,eating_out,eating_out,45299,44936,0,none,,,0
T0000014,D0003,shop_owner,2026-04-01 17:14:24,receive_money,in,142,01027052262,,person,none,income,,29780,29922,0,none,,,0
T0000015,D0003,shop_owner,2026-04-01 17:19:14,receive_money,in,577,01095275963,,person,none,income,,29922,30499,0,none,,,0
T0000016,D0003,shop_owner,2026-04-01 19:05:00,receive_money,in,90,01047752703,,person,none,income,,30499,30589,0,none,,,0
T0000017,D0003,shop_owner,2026-04-01 19:58:05,merchant_payment,out,496,M0159,Mishti Mukh (Uttara),merchant,restaurant,eating_out,eating_out,30589,30093,0,none,,,0
T0000018,D0004,irregular,2026-04-01 20:18:26,receive_money,in,400,01060750274,Jahid (client),person,none,income,,700,1100,0,none,,,0
T0000019,D0004,irregular,2026-04-01 20:34:43,merchant_payment,out,83,M0163,Mishti Mukh (Gazipur),merchant,restaurant,eating_out,eating_out,1100,1017,0,none,,,0
T0000020,D0003,shop_owner,2026-04-01 21:02:30,receive_money,in,2285,01084984285,,person,none,income,,30093,32378,0,none,,,0
T0000021,D0002,student,2026-04-01 21:52:26,merchant_payment,out,257,M0151,Dhaba Express (Gazipur),merchant,restaurant,eating_out,eating_out,1200,943,0,none,,,0
T0000022,D0004,irregular,2026-04-01 22:07:57,mobile_recharge,out,30,OP-3,Operator C,operator,telecom,mobile_recharge,mobile_recharge,1017,987,0,none,,,0
T0000023,D0001,salaried,2026-04-01 22:40:19,merchant_payment,out,91,M0268,Launch Ticket Desk (Mohammadpur),merchant,transport,transport,transport,44936,44845,0,none,,,0
T0000024,D0003,shop_owner,2026-04-02 08:24:15,receive_money,in,1129,01001769515,,person,none,income,,32378,33507,0,none,,,0
T0000025,D0001,salaried,2026-04-02 08:54:36,merchant_payment,out,176,M0228,City Ride (Rajshahi),merchant,transport,transport,transport,44845,44669,0,none,,,0
T0000026,D0003,shop_owner,2026-04-02 10:20:03,send_money,out,15000,01061394525,Arif (supplier),person,none,business_supplies,business,33507,18507,0,none,,,0
T0000027,D0003,shop_owner,2026-04-02 11:03:46,merchant_payment,out,6278,M0453,Mohajon Supply (Chattogram),merchant,wholesale,other,business_supplies,18507,12229,0,none,,,0
T0000028,D0003,shop_owner,2026-04-02 11:49:19,receive_money,in,184,01030020835,,person,none,income,,12229,12413,0,none,,,0
T0000029,D0004,irregular,2026-04-02 14:40:32,cash_out,out,900,A0038,Agent point A0038,agent,none,cash_withdrawal,cash_withdrawal,987,87,0,none,,,0
T0000030,D0003,shop_owner,2026-04-02 14:48:41,receive_money,in,1237,01006535604,,person,none,income,,12413,13650,0,none,,,0
T0000031,D0003,shop_owner,2026-04-02 14:56:35,receive_money,in,1212,01064365238,,person,none,income,,13650,14862,0,none,,,0
T0000032,D0004,irregular,2026-04-02 17:21:30,receive_money,in,1950,01060750274,Jahid (client),person,none,income,,87,2037,0,none,,,0
T0000033,D0001,salaried,2026-04-02 17:44:51,mobile_recharge,out,100,OP-2,Operator B,operator,telecom,mobile_recharge,mobile_recharge,44669,44569,0,none,,,0
T0000034,D0003,shop_owner,2026-04-02 18:44:25,receive_money,in,101,01084549817,,person,none,income,,14862,14963,0,none,,,0
T0000035,D0003,shop_owner,2026-04-02 19:53:51,receive_money,in,180,01013000282,,person,none,income,,14963,15143,0,none,,,0
T0000036,D0003,shop_owner,2026-04-02 21:39:13,receive_money,in,595,01042518090,,person,none,income,,15143,15738,0,none,,,0
T0000037,D0003,shop_owner,2026-04-02 22:23:01,receive_money,in,1163,01042669357,,person,none,income,,15738,16901,0,none,,,0
T0000038,D0003,shop_owner,2026-04-03 13:25:26,cash_out,out,12000,A0039,Agent point A0039,agent,none,cash_withdrawal,cash_withdrawal,16901,4901,0,none,,,0
T0000039,D0002,student,2026-04-03 13:40:10,mobile_recharge,out,100,OP-2,Operator B,operator,telecom,mobile_recharge,mobile_recharge,943,843,0,none,,,0
T0000040,D0001,salaried,2026-04-03 14:40:08,send_money,out,15000,01075294314,Lima (landlord),person,none,rent,rent,44569,29569,0,none,,,0
T0000041,D0001,salaried,2026-04-03 16:17:09,merchant_payment,out,379,M0183,Tehari House (Uttara),merchant,restaurant,eating_out,eating_out,29569,29190,0,none,,,0
T0000042,D0002,student,2026-04-03 17:32:11,merchant_payment,out,152,M0151,Dhaba Express (Gazipur),merchant,restaurant,eating_out,eating_out,843,691,0,none,,,0
T0000043,D0003,shop_owner,2026-04-03 21:16:27,merchant_payment,out,240,M0262,Jatri Ride (Sylhet),merchant,transport,transport,transport,4901,4661,0,none,,,0
T0000044,D0003,shop_owner,2026-04-04 06:54:20,receive_money,in,104,01005574540,,person,none,income,,4661,4765,0,none,,,0
T0000045,D0002,student,2026-04-04 07:14:25,merchant_payment,out,156,M0238,Nogor Bus Counter (Sylhet),merchant,transport,transport,transport,691,535,0,none,,,0
T0000046,D0001,salaried,2026-04-04 07:31:57,merchant_payment,out,265,M0268,Launch Ticket Desk (Mohammadpur),merchant,transport,transport,transport,29190,28925,0,none,,,0
T0000047,D0001,salaried,2026-04-04 07:57:27,merchant_payment,out,259,M0226,City Ride (Sylhet),merchant,transport,transport,transport,28925,28666,0,none,,,0
T0000048,D0003,shop_owner,2026-04-04 08:31:44,merchant_payment,out,4295,M0453,Mohajon Supply (Chattogram),merchant,wholesale,business_supplies,business_supplies,4765,470,0,none,,,0
T0000049,D0003,shop_owner,2026-04-04 11:27:17,receive_money,in,331,01016296054,,person,none,income,,470,801,0,none,,,0
T0000050,D0003,shop_owner,2026-04-04 12:13:27,receive_money,in,234,01090908189,,person,none,income,,801,1035,0,none,,,0
T0000051,D0003,shop_owner,2026-04-04 12:26:42,receive_money,in,381,01030615192,,person,none,income,,1035,1416,0,none,,,0
T0000052,D0004,irregular,2026-04-04 17:35:11,mobile_recharge,out,20,OP-3,Operator C,operator,telecom,mobile_recharge,mobile_recharge,2037,2017,0,none,,,0
T0000053,D0001,salaried,2026-04-04 18:50:24,merchant_payment,out,147,M0268,Launch Ticket Desk (Mohammadpur),merchant,transport,transport,transport,28666,28519,0,none,,,0
T0000054,D0003,shop_owner,2026-04-04 19:43:32,merchant_payment,out,1016,M0071,Poribar Mart (Khulna),merchant,grocery,groceries,groceries,1416,400,0,none,,,0
T0000055,D0003,shop_owner,2026-04-04 20:44:27,cash_in,in,10500,A0241,Agent point A0241,agent,none,cash_in,,400,10900,0,none,,,0
T0000056,D0004,irregular,2026-04-04 21:01:33,cash_out,out,200,A0038,Agent point A0038,agent,none,cash_withdrawal,cash_withdrawal,2017,1817,0,none,,,0
T0000057,D0003,shop_owner,2026-04-04 21:25:27,send_money,out,3900,01044146813,Babul (supplier),person,none,business_supplies,business,10900,7000,0,none,,,0
T0000058,D0004,irregular,2026-04-04 21:47:05,receive_money,in,1400,01061866158,Rubel (client),person,none,income,,1817,3217,0,none,,,0
T0000059,D0001,salaried,2026-04-04 23:23:44,merchant_payment,out,333,M0183,Tehari House (Uttara),merchant,restaurant,eating_out,eating_out,28519,28186,0,none,,,0
T0000060,D0001,salaried,2026-04-05 00:20:11,merchant_payment,out,2335,M0347,Style Bazar (Khulna),merchant,online_shop,shopping,shopping,28186,25851,0,none,,,0
T0000061,D0001,salaried,2026-04-05 08:04:29,send_money,out,8000,01060431815,Sumaiya (family),person,none,family_support,family_support,25851,17851,0,none,,,0
T0000062,D0001,salaried,2026-04-05 08:54:05,mobile_recharge,out,100,OP-2,Operator B,operator,telecom,mobile_recharge,mobile_recharge,17851,17751,0,none,,,0
T0000063,D0003,shop_owner,2026-04-05 08:58:04,receive_money,in,980,01044885709,,person,none,income,,7000,7980,0,none,,,0
T0000064,D0003,shop_owner,2026-04-05 10:41:15,receive_money,in,471,01000059615,,person,none,income,,7980,8451,0,none,,,0
T0000065,D0001,salaried,2026-04-05 11:00:10,merchant_payment,out,210,M0226,City Ride (Sylhet),merchant,transport,transport,transport,17751,17541,0,none,,,0
T0000066,D0003,shop_owner,2026-04-05 12:08:35,receive_money,in,409,01065304895,,person,none,income,,8451,8860,0,none,,,0
T0000067,D0003,shop_owner,2026-04-05 12:14:09,receive_money,in,426,01086802113,,person,none,income,,8860,9286,0,none,,,0
T0000068,D0002,student,2026-04-05 13:07:28,cash_in,in,2000,A0036,Agent point A0036,agent,none,cash_in,,535,2535,0,none,,,0
T0000069,D0002,student,2026-04-05 13:13:28,send_money,out,1800,01029655789,,person,none,shopping,purchase,2535,735,0,none,,,0
T0000070,D0001,salaried,2026-04-05 14:42:18,merchant_payment,out,1741,M0347,Style Bazar (Khulna),merchant,online_shop,shopping,shopping,17541,15800,0,none,,,0
T0000071,D0003,shop_owner,2026-04-05 15:16:43,merchant_payment,out,7578,M0459,Bikroy Distributors (Uttara),merchant,wholesale,business_supplies,business_supplies,9286,1708,0,none,,,0
T0000072,D0004,irregular,2026-04-05 16:29:39,receive_money,in,750,01060750274,Jahid (client),person,none,income,,3217,3967,0,none,,,0
T0000073,D0003,shop_owner,2026-04-05 18:11:58,receive_money,in,290,01081500092,,person,none,income,,1708,1998,0,none,,,0
T0000074,D0001,salaried,2026-04-05 19:06:42,mobile_recharge,out,100,OP-2,Operator B,operator,telecom,mobile_recharge,mobile_recharge,15800,15700,0,none,,,0
T0000075,D0003,shop_owner,2026-04-05 19:11:00,receive_money,in,256,01054879683,,person,none,income,,1998,2254,0,none,,,0
T0000076,D0003,shop_owner,2026-04-05 19:37:51,receive_money,in,261,01011683776,,person,none,income,,2254,2515,0,none,,,0
T0000077,D0001,salaried,2026-04-05 20:07:34,merchant_payment,out,1206,M0064,Poribar Mart (Mohammadpur),merchant,grocery,groceries,groceries,15700,14494,0,none,,,0
T0000078,D0003,shop_owner,2026-04-05 20:35:59,receive_money,in,406,01025590896,,person,none,income,,2515,2921,0,none,,,0
T0000079,D0003,shop_owner,2026-04-05 20:49:48,receive_money,in,649,01081500092,,person,none,income,,2921,3570,0,none,,,0
T0000080,D0003,shop_owner,2026-04-05 21:58:52,mobile_recharge,out,150,OP-2,Operator B,operator,telecom,mobile_recharge,mobile_recharge,3570,3420,0,none,,,0
T0000081,D0003,shop_owner,2026-04-06 06:03:19,receive_money,in,322,01047734271,,person,none,income,,3420,3742,0,none,,,0
T0000082,D0003,shop_owner,2026-04-06 07:10:19,receive_money,in,263,01076649166,,person,none,income,,3742,4005,0,none,,,0
T0000083,D0003,shop_owner,2026-04-06 08:06:52,receive_money,in,1234,01041843325,,person,none,income,,4005,5239,0,none,,,0
T0000084,D0003,shop_owner,2026-04-06 08:14:43,receive_money,in,304,01087290064,,person,none,income,,5239,5543,0,none,,,0
T0000085,D0003,shop_owner,2026-04-06 09:30:09,receive_money,in,249,01091871870,,person,none,income,,5543,5792,0,none,,,0
T0000086,D0003,shop_owner,2026-04-06 09:30:14,cash_in,in,16000,A0241,Agent point A0241,agent,none,cash_in,,5792,21792,0,none,,,0
T0000087,D0004,irregular,2026-04-06 09:54:10,mobile_recharge,out,50,OP-3,Operator C,operator,telecom,mobile_recharge,mobile_recharge,3967,3917,0,none,,,0
T0000088,D0003,shop_owner,2026-04-06 10:06:39,send_money,out,17500,01062734169,Shanto (landlord),person,none,rent,rent,21792,4292,0,none,,,0
T0000089,D0003,shop_owner,2026-04-06 10:15:32,cash_in,in,8500,A0241,Agent point A0241,agent,none,cash_in,,4292,12792,0,none,,,0
T0000090,D0003,shop_owner,2026-04-06 10:25:32,merchant_payment,out,11032,M0456,Mohajon Supply (Rajshahi),merchant,wholesale,business_supplies,business_supplies,12792,1760,0,none,,,0
T0000091,D0003,shop_owner,2026-04-06 11:16:16,receive_money,in,573,01083880613,,person,none,income,,1760,2333,0,none,,,0
T0000092,D0003,shop_owner,2026-04-06 11:40:23,receive_money,in,426,01060006851,,person,none,income,,2333,2759,0,none,,,0
T0000093,D0003,shop_owner,2026-04-06 11:50:23,receive_money,in,716,01028734761,,person,none,income,,2759,3475,0,none,,,0
T0000094,D0003,shop_owner,2026-04-06 16:22:22,cash_in,in,10000,A0241,Agent point A0241,agent,none,cash_in,,3475,13475,0,none,,,0
T0000095,D0003,shop_owner,2026-04-06 16:47:22,cash_out,out,9500,A0145,Agent point A0145,agent,none,cash_withdrawal,cash_withdrawal,13475,3975,0,none,,,0
T0000096,D0003,shop_owner,2026-04-06 17:05:51,receive_money,in,390,01081500092,,person,none,income,,3975,4365,0,none,,,0
T0000097,D0003,shop_owner,2026-04-06 17:25:28,receive_money,in,748,01026020507,,person,none,income,,4365,5113,0,none,,,0
T0000098,D0001,salaried,2026-04-06 18:20:23,merchant_payment,out,653,M0003,Shapla General Store (Uttara),merchant,grocery,groceries,groceries,14494,13841,0,none,,,0
T0000099,D0003,shop_owner,2026-04-06 19:25:37,receive_money,in,545,01019791450,,person,none,income,,5113,5658,0,none,,,0
T0000100,D0001,salaried,2026-04-06 19:58:55,send_money,out,2000,01094533718,Babul (friend),person,none,personal_transfer,friend,13841,11841,0,none,,,0
T0000101,D0003,shop_owner,2026-04-06 20:50:51,receive_money,in,262,01052045879,,person,none,income,,5658,5920,0,none,,,0
T0000102,D0003,shop_owner,2026-04-06 21:12:15,receive_money,in,815,01082240407,,person,none,income,,5920,6735,0,none,,,0
T0000103,D0001,salaried,2026-04-06 21:28:33,merchant_payment,out,385,M0183,Tehari House (Uttara),merchant,restaurant,eating_out,eating_out,11841,11456,0,none,,,0
T0000104,D0004,irregular,2026-04-06 21:59:10,cash_out,out,2000,A0038,Agent point A0038,agent,none,cash_withdrawal,cash_withdrawal,3917,1917,0,none,,,0
T0000105,D0001,salaried,2026-04-07 07:33:42,merchant_payment,out,140,M0268,Launch Ticket Desk (Mohammadpur),merchant,transport,transport,transport,11456,11316,0,none,,,0
T0000106,D0003,shop_owner,2026-04-07 10:33:14,receive_money,in,150,01000059615,,person,none,income,,6735,6885,0,none,,,0
T0000107,D0003,shop_owner,2026-04-07 10:48:24,receive_money,in,129,01020836621,,person,none,income,,6885,7014,0,none,,,0
T0000108,D0003,shop_owner,2026-04-07 11:40:25,receive_money,in,491,01088189109,,person,none,income,,7014,7505,0,none,,,0
T0000109,D0004,irregular,2026-04-07 12:14:07,receive_money,in,600,01027003172,,person,none,income,,1917,2517,0,none,,,0
T0000110,D0003,shop_owner,2026-04-07 12:57:15,receive_money,in,379,01042727063,,person,none,income,,7505,7884,0,none,,,0
T0000111,D0004,irregular,2026-04-07 12:59:09,cash_out,out,1400,A0038,Agent point A0038,agent,none,cash_withdrawal,cash_withdrawal,2517,1117,0,none,,,0
T0000112,D0002,student,2026-04-07 15:25:26,merchant_payment,out,88,M0258,Jatri Ride (Savar),merchant,transport,transport,transport,735,647,0,none,,,0
T0000113,D0003,shop_owner,2026-04-07 16:22:04,receive_money,in,451,01046101598,,person,none,income,,7884,8335,0,none,,,0
T0000114,D0003,shop_owner,2026-04-07 16:24:03,cash_out,out,2500,A0145,Agent point A0145,agent,none,cash_withdrawal,cash_withdrawal,8335,5835,0,none,,,0
T0000115,D0004,irregular,2026-04-07 16:29:40,merchant_payment,out,699,M0041,Sobuj Grocery (Banani),merchant,grocery,groceries,groceries,1117,418,0,none,,,0
T0000116,D0003,shop_owner,2026-04-07 17:44:05,receive_money,in,529,01073387105,,person,none,income,,5835,6364,0,none,,,0
T0000117,D0003,shop_owner,2026-04-07 19:21:19,receive_money,in,186,01014099709,,person,none,income,,6364,6550,0,none,,,0
T0000118,D0003,shop_owner,2026-04-07 20:12:23,receive_money,in,636,01071655014,,person,none,income,,6550,7186,0,none,,,0
T0000119,D0002,student,2026-04-07 22:23:09,merchant_payment,out,104,M0151,Dhaba Express (Gazipur),merchant,restaurant,eating_out,eating_out,647,543,0,none,,,0
T0000120,D0003,shop_owner,2026-04-08 07:10:42,receive_money,in,482,01066135947,,person,none,income,,7186,7668,0,none,,,0
T0000121,D0003,shop_owner,2026-04-08 08:44:25,receive_money,in,51,01049112123,,person,none,income,,7668,7719,0,none,,,0
T0000122,D0003,shop_owner,2026-04-08 10:28:52,receive_money,in,531,01071135459,,person,none,income,,7719,8250,0,none,,,0
T0000123,D0003,shop_owner,2026-04-08 10:28:57,cash_in,in,7500,A0241,Agent point A0241,agent,none,cash_in,,8250,15750,0,none,,,0
T0000124,D0003,shop_owner,2026-04-08 10:37:45,merchant_payment,out,12810,M0459,Bikroy Distributors (Uttara),merchant,wholesale,business_supplies,business_supplies,15750,2940,0,none,,,0
T0000125,D0003,shop_owner,2026-04-08 11:28:19,merchant_payment,out,298,M0189,Tehari House (Chattogram),merchant,restaurant,eating_out,eating_out,2940,2642,0,none,,,0
T0000126,D0003,shop_owner,2026-04-08 11:49:45,receive_money,in,258,01081500092,,person,none,income,,2642,2900,0,none,,,0
T0000127,D0001,salaried,2026-04-08 11:59:47,bill_payment,out,1050,B-NET,FiberLink Internet,biller,utility,internet,internet,11316,10266,0,none,,,0
T0000128,D0002,student,2026-04-08 14:33:43,receive_money,in,11500,01090664167,Mamun (parent),person,none,income,,543,12043,0,none,,,0
T0000129,D0003,shop_owner,2026-04-08 15:45:16,receive_money,in,286,01062777409,,person,none,income,,2900,3186,0,none,,,0
T0000130,D0003,shop_owner,2026-04-08 15:59:35,receive_money,in,241,01018938731,,person,none,income,,3186,3427,0,none,,,0
T0000131,D0003,shop_owner,2026-04-08 16:24:02,send_money,out,1800,01061394525,Arif (supplier),person,none,business_supplies,business,3427,1627,0,none,,,0
T0000132,D0003,shop_owner,2026-04-08 17:21:07,cash_in,in,22000,A0241,Agent point A0241,agent,none,cash_in,,1627,23627,0,none,,,0
T0000133,D0003,shop_owner,2026-04-08 17:35:07,cash_out,out,23000,A0241,Agent point A0241,agent,none,cash_withdrawal,cash_withdrawal,23627,627,0,none,,,0
T0000134,D0003,shop_owner,2026-04-08 18:02:54,receive_money,in,193,01023654489,,person,none,income,,627,820,0,none,,,0
T0000135,D0003,shop_owner,2026-04-08 18:57:08,receive_money,in,169,01020836621,,person,none,income,,820,989,0,none,,,0
T0000136,D0003,shop_owner,2026-04-08 19:07:06,cash_in,in,6000,A0241,Agent point A0241,agent,none,cash_in,,989,6989,0,none,,,0
T0000137,D0003,shop_owner,2026-04-08 19:18:06,merchant_payment,out,3922,M0453,Mohajon Supply (Chattogram),merchant,wholesale,business_supplies,business_supplies,6989,3067,0,none,,,0
T0000138,D0003,shop_owner,2026-04-08 20:05:25,receive_money,in,396,01063796807,,person,none,income,,3067,3463,0,none,,,0
T0000139,D0004,irregular,2026-04-08 21:03:13,receive_money,in,500,01061866158,Rubel (client),person,none,income,,418,918,0,none,,,0
T0000140,D0002,student,2026-04-08 21:04:45,mobile_recharge,out,30,OP-2,Operator B,operator,telecom,mobile_recharge,mobile_recharge,12043,12013,0,none,,,0
T0000141,D0001,salaried,2026-04-08 21:57:13,merchant_payment,out,425,M0131,Kabab Corner (Khulna),merchant,restaurant,eating_out,eating_out,10266,9841,0,none,,,0
T0000142,D0003,shop_owner,2026-04-09 07:06:17,receive_money,in,348,01042710943,,person,none,income,,3463,3811,0,none,,,0
T0000143,D0003,shop_owner,2026-04-09 08:57:10,receive_money,in,593,01019969272,,person,none,income,,3811,4404,0,none,,,0
T0000144,D0003,shop_owner,2026-04-09 14:54:12,receive_money,in,565,01065359440,,person,none,income,,4404,4969,0,none,,,0
T0000145,D0001,salaried,2026-04-09 16:17:52,send_money,out,1800,01015746624,Nipa (friend),person,none,personal_transfer,friend,9841,8041,0,none,,,0
T0000146,D0002,student,2026-04-09 18:28:32,merchant_payment,out,228,M0272,Launch Ticket Desk (Narayanganj),merchant,transport,transport,transport,12013,11785,0,none,,,0
T0000147,D0003,shop_owner,2026-04-09 18:39:00,receive_money,in,558,01006535604,,person,none,income,,4969,5527,0,none,,,0
T0000148,D0001,salaried,2026-04-09 19:15:58,merchant_payment,out,66,M0226,City Ride (Sylhet),merchant,transport,transport,transport,8041,7975,0,none,,,0
T0000149,D0003,shop_owner,2026-04-09 20:02:44,receive_money,in,580,01085269524,,person,none,income,,5527,6107,0,none,,,0
T0000150,D0001,salaried,2026-04-09 20:20:43,merchant_payment,out,82,M0226,City Ride (Sylhet),merchant,transport,transport,transport,7975,7893,0,none,,,0
T0000151,D0002,student,2026-04-09 20:44:51,merchant_payment,out,213,M0189,Tehari House (Chattogram),merchant,restaurant,eating_out,eating_out,11785,11572,0,none,,,0
T0000152,D0004,irregular,2026-04-09 21:10:05,merchant_payment,out,25,M0221,City Ride (Banani),merchant,transport,transport,transport,918,893,0,none,,,0
T0000153,D0001,salaried,2026-04-10 11:48:48,bill_payment,out,2509,B-ELEC,City Electric Supply,biller,utility,electricity,electricity,7893,5384,0,none,,,0
T0000154,D0004,irregular,2026-04-10 13:17:11,receive_money,in,400,01061866158,Rubel (client),person,none,income,,893,1293,0,none,,,0
T0000155,D0001,salaried,2026-04-10 13:46:23,merchant_payment,out,423,M0216,Khichuri Kitchen (Rajshahi),merchant,restaurant,eating_out,eating_out,5384,4961,0,none,,,0
T0000156,D0002,student,2026-04-10 20:17:03,merchant_payment,out,510,M0151,Dhaba Express (Gazipur),merchant,restaurant,eating_out,eating_out,11572,11062,0,none,,,0
T0000157,D0003,shop_owner,2026-04-10 23:22:03,cash_in,in,11000,A0241,Agent point A0241,agent,none,cash_in,,6107,17107,0,none,,,0
T0000158,D0003,shop_owner,2026-04-10 23:35:03,cash_out,out,13500,A0246,Agent point A0246,agent,none,cash_withdrawal,cash_withdrawal,17107,3607,0,none,,,0
T0000159,D0004,irregular,2026-04-11 07:18:17,merchant_payment,out,369,M0082,Kacha Bazar Shop (Sylhet),merchant,grocery,groceries,groceries,1293,924,0,none,,,0
T0000160,D0003,shop_owner,2026-04-11 10:01:13,receive_money,in,376,01058542822,,person,none,income,,3607,3983,0,none,,,0
T0000161,D0004,irregular,2026-04-11 11:26:55,receive_money,in,1100,01012543468,,person,none,income,,924,2024,0,none,,,0
T0000162,D0003,shop_owner,2026-04-11 11:28:14,receive_money,in,650,01031777608,,person,none,income,,3983,4633,0,none,,,0
T0000163,D0003,shop_owner,2026-04-11 12:59:09,receive_money,in,459,01023102704,,person,none,income,,4633,5092,0,none,,,0
T0000164,D0003,shop_owner,2026-04-11 15:54:18,receive_money,in,160,01023102704,,person,none,income,,5092,5252,0,none,,,0
T0000165,D0003,shop_owner,2026-04-11 16:30:47,receive_money,in,72,01006535604,,person,none,income,,5252,5324,0,none,,,0
T0000166,D0001,salaried,2026-04-11 17:05:14,merchant_payment,out,1013,M0064,Poribar Mart (Mohammadpur),merchant,grocery,groceries,groceries,4961,3948,0,none,,,0
T0000167,D0003,shop_owner,2026-04-11 17:54:15,receive_money,in,698,01014758187,,person,none,income,,5324,6022,0,none,,,0
T0000168,D0002,student,2026-04-11 18:46:23,send_money,out,3000,01073506049,,person,none,shopping,purchase,11062,8062,0,none,,,0
T0000169,D0001,salaried,2026-04-11 18:59:52,merchant_payment,out,374,M0216,Khichuri Kitchen (Rajshahi),merchant,restaurant,eating_out,eating_out,3948,3574,0,none,,,0
T0000170,D0003,shop_owner,2026-04-11 19:37:24,receive_money,in,212,01025061860,,person,none,income,,6022,6234,0,none,,,0
T0000171,D0002,student,2026-04-11 20:07:06,merchant_payment,out,182,M0238,Nogor Bus Counter (Sylhet),merchant,transport,transport,transport,8062,7880,0,none,,,0
T0000172,D0003,shop_owner,2026-04-11 20:22:30,receive_money,in,431,01075792129,,person,none,income,,6234,6665,0,none,,,0
T0000173,D0003,shop_owner,2026-04-11 20:27:56,receive_money,in,373,01033400000,,person,none,income,,6665,7038,0,none,,,0
T0000174,D0003,shop_owner,2026-04-11 20:33:35,receive_money,in,663,01003526351,,person,none,income,,7038,7701,0,none,,,0
T0000175,D0003,shop_owner,2026-04-11 20:56:42,receive_money,in,795,01046975999,,person,none,income,,7701,8496,0,none,,,0
T0000176,D0004,irregular,2026-04-11 22:36:35,receive_money,in,450,01020985059,Abdur (client),person,none,income,,2024,2474,0,none,,,0
T0000177,D0003,shop_owner,2026-04-12 09:02:20,receive_money,in,406,01006535604,,person,none,income,,8496,8902,0,none,,,0
T0000178,D0003,shop_owner,2026-04-12 09:08:41,receive_money,in,1025,01014006918,,person,none,income,,8902,9927,0,none,,,0
T0000179,D0003,shop_owner,2026-04-12 09:26:58,receive_money,in,346,01067170550,,person,none,income,,9927,10273,0,none,,,0
T0000180,D0003,shop_owner,2026-04-12 11:29:06,receive_money,in,1116,01080812769,,person,none,income,,10273,11389,0,none,,,0
T0000181,D0003,shop_owner,2026-04-12 11:35:00,receive_money,in,95,01020152978,,person,none,income,,11389,11484,0,none,,,0
T0000182,D0001,salaried,2026-04-12 11:41:00,bill_payment,out,3000,B-DPS,Shonchoy DPS,biller,bank,savings,savings,3574,574,0,none,,,0
T0000183,D0002,student,2026-04-12 15:25:19,receive_money,in,4500,01026757907,Rakib (client),person,none,income,,7880,12380,0,none,,,0
T0000184,D0003,shop_owner,2026-04-12 16:08:56,receive_money,in,898,01047752703,,person,none,income,,11484,12382,0,none,,,0
T0000185,D0003,shop_owner,2026-04-12 17:10:26,merchant_payment,out,52,M0262,Jatri Ride (Sylhet),merchant,transport,transport,transport,12382,12330,0,none,,,0
T0000186,D0003,shop_owner,2026-04-12 17:54:48,receive_money,in,452,01024850416,,person,none,income,,12330,12782,0,none,,,0
T0000187,D0003,shop_owner,2026-04-12 18:14:16,receive_money,in,1215,01044746388,,person,none,income,,12782,13997,0,none,,,0
T0000188,D0003,shop_owner,2026-04-12 18:56:54,merchant_payment,out,492,M0018,Notun Bazar Mart (Savar),merchant,grocery,groceries,groceries,13997,13505,0,none,,,0
T0000189,D0004,irregular,2026-04-12 18:57:13,receive_money,in,1000,01056956459,,person,none,income,,2474,3474,0,none,,,0
T0000190,D0001,salaried,2026-04-12 19:12:41,merchant_payment,out,125,M0268,Launch Ticket Desk (Mohammadpur),merchant,transport,transport,transport,574,449,0,none,,,0
T0000191,D0004,irregular,2026-04-12 19:29:23,send_money,out,300,01047084053,Nasrin (friend),person,none,personal_transfer,friend,3474,3174,0,none,,,0
T0000192,D0003,shop_owner,2026-04-12 20:51:25,receive_money,in,296,01001769515,,person,none,income,,13505,13801,0,none,,,0
T0000193,D0004,irregular,2026-04-12 23:26:46,mobile_recharge,out,20,OP-3,Operator C,operator,telecom,mobile_recharge,mobile_recharge,3174,3154,0,none,,,0
T0000194,D0003,shop_owner,2026-04-13 06:55:42,receive_money,in,467,01088189109,,person,none,income,,13801,14268,0,none,,,0
T0000195,D0001,salaried,2026-04-13 08:07:54,cash_in,in,2500,A0130,Agent point A0130,agent,none,cash_in,,449,2949,0,none,,,0
T0000196,D0001,salaried,2026-04-13 08:45:54,merchant_payment,out,671,M0064,Poribar Mart (Mohammadpur),merchant,grocery,groceries,groceries,2949,2278,0,none,,,0
T0000197,D0003,shop_owner,2026-04-13 08:55:13,receive_money,in,199,01004234905,,person,none,income,,14268,14467,0,none,,,0
T0000198,D0003,shop_owner,2026-04-13 09:25:11,receive_money,in,403,01047052159,,person,none,income,,14467,14870,0,none,,,0
T0000199,D0003,shop_owner,2026-04-13 09:28:24,receive_money,in,374,01060567603,,person,none,income,,14870,15244,0,none,,,0
T0000200,D0002,student,2026-04-13 09:43:21,merchant_payment,out,88,M0272,Launch Ticket Desk (Narayanganj),merchant,transport,transport,transport,12380,12292,0,none,,,0
T0000201,D0003,shop_owner,2026-04-13 10:04:03,receive_money,in,132,01057777799,,person,none,income,,15244,15376,0,none,,,0
T0000202,D0003,shop_owner,2026-04-13 10:10:50,bill_payment,out,1190,B-NET,FiberLink Internet,biller,utility,internet,internet,15376,14186,0,none,,,0
T0000203,D0004,irregular,2026-04-13 10:18:26,merchant_payment,out,97,M0163,Mishti Mukh (Gazipur),merchant,restaurant,eating_out,eating_out,3154,3057,0,none,,,0
T0000204,D0003,shop_owner,2026-04-13 11:15:32,send_money,out,5500,01044146813,Babul (supplier),person,none,business_supplies,business,14186,8686,0,none,,,0
T0000205,D0003,shop_owner,2026-04-13 11:22:22,receive_money,in,300,01001769515,,person,none,income,,8686,8986,0,none,,,0
T0000206,D0003,shop_owner,2026-04-13 11:36:00,merchant_payment,out,599,M0056,Mayer Doa Store (Narayanganj),merchant,grocery,groceries,groceries,8986,8387,0,none,,,0
T0000207,D0003,shop_owner,2026-04-13 11:36:56,receive_money,in,222,01047752703,,person,none,income,,8387,8609,0,none,,,0
T0000208,D0003,shop_owner,2026-04-13 14:50:02,receive_money,in,237,01006535604,,person,none,income,,8609,8846,0,none,,,0
T0000209,D0003,shop_owner,2026-04-13 15:22:10,merchant_payment,out,665,M0071,Poribar Mart (Khulna),merchant,grocery,groceries,groceries,8846,8181,0,none,,,0
T0000210,D0004,irregular,2026-04-13 15:55:15,receive_money,in,1100,01060750274,Jahid (client),person,none,income,,3057,4157,0,none,,,0
T0000211,D0003,shop_owner,2026-04-13 16:54:41,receive_money,in,467,01088189109,,person,none,income,,8181,8648,0,none,,,0
T0000212,D0003,shop_owner,2026-04-13 17:21:29,receive_money,in,1343,01008591250,,person,none,income,,8648,9991,0,none,,,0
T0000213,D0001,salaried,2026-04-13 18:10:06,merchant_payment,out,474,M0165,Mishti Mukh (Chattogram),merchant,restaurant,eating_out,eating_out,2278,1804,0,none,,,0
T0000214,D0003,shop_owner,2026-04-13 19:01:49,receive_money,in,271,01069554891,,person,none,income,,9991,10262,0,none,,,0
T0000215,D0003,shop_owner,2026-04-13 19:04:29,receive_money,in,375,01000834993,,person,none,income,,10262,10637,0,none,,,0
T0000216,D0002,student,2026-04-13 19:55:39,mobile_recharge,out,100,OP-2,Operator B,operator,telecom,mobile_recharge,mobile_recharge,12292,12192,0,none,,,0
T0000217,D0003,shop_owner,2026-04-13 19:58:11,receive_money,in,350,01023102704,,person,none,income,,10637,10987,0,none,,,0
T0000218,D0004,irregular,2026-04-13 20:57:37,cash_out,out,300,A0038,Agent point A0038,agent,none,cash_withdrawal,cash_withdrawal,4157,3857,0,none,,,0
T0000219,D0003,shop_owner,2026-04-13 22:27:12,receive_money,in,311,01006535604,,person,none,income,,10987,11298,0,none,,,0
T0000220,D0002,student,2026-04-13 23:17:47,merchant_payment,out,217,M0191,Tehari House (Khulna),merchant,restaurant,eating_out,eating_out,12192,11975,0,none,,,0
T0000221,D0002,student,2026-04-13 23:18:21,cash_out,out,7000,A0036,Agent point A0036,agent,none,cash_withdrawal,cash_withdrawal,11975,4975,0,none,,,0
T0000222,D0003,shop_owner,2026-04-14 07:07:20,receive_money,in,560,01023542051,,person,none,income,,11298,11858,0,none,,,0
T0000223,D0003,shop_owner,2026-04-14 08:10:38,receive_money,in,223,01016295863,,person,none,income,,11858,12081,0,none,,,0
T0000224,D0003,shop_owner,2026-04-14 09:12:44,receive_money,in,829,01032933416,,person,none,income,,12081,12910,0,none,,,0
T0000225,D0003,shop_owner,2026-04-14 10:07:41,receive_money,in,243,01049112123,,person,none,income,,12910,13153,0,none,,,0
T0000226,D0003,shop_owner,2026-04-14 10:07:49,receive_money,in,195,01091945243,,person,none,income,,13153,13348,0,none,,,0
T0000227,D0003,shop_owner,2026-04-14 12:42:56,receive_money,in,460,01026155632,,person,none,income,,13348,13808,0,none,,,0
T0000228,D0003,shop_owner,2026-04-14 13:02:28,receive_money,in,1376,01085379379,,person,none,income,,13808,15184,0,none,,,0
T0000229,D0003,shop_owner,2026-04-14 15:06:09,receive_money,in,201,01050537770,,person,none,income,,15184,15385,0,none,,,0
T0000230,D0003,shop_owner,2026-04-14 15:53:53,receive_money,in,338,01094296055,,person,none,income,,15385,15723,0,none,,,0
T0000231,D0003,shop_owner,2026-04-14 16:37:54,receive_money,in,233,01049808398,,person,none,income,,15723,15956,0,none,,,0
T0000232,D0004,irregular,2026-04-14 17:01:54,merchant_payment,out,202,M0082,Kacha Bazar Shop (Sylhet),merchant,grocery,groceries,groceries,3857,3655,0,none,,,0
T0000233,D0003,shop_owner,2026-04-14 17:32:10,merchant_payment,out,348,M0159,Mishti Mukh (Uttara),merchant,restaurant,eating_out,eating_out,15956,15608,0,none,,,0
T0000234,D0004,irregular,2026-04-14 17:55:01,mobile_recharge,out,20,OP-3,Operator C,operator,telecom,mobile_recharge,mobile_recharge,3655,3635,0,none,,,0
T0000235,D0003,shop_owner,2026-04-14 18:13:44,receive_money,in,662,01028781886,,person,none,income,,15608,16270,0,none,,,0
T0000236,D0003,shop_owner,2026-04-14 18:32:25,receive_money,in,726,01055144587,,person,none,income,,16270,16996,0,none,,,0
T0000237,D0003,shop_owner,2026-04-14 19:03:04,receive_money,in,413,01089188750,,person,none,income,,16996,17409,0,none,,,0
T0000238,D0003,shop_owner,2026-04-14 19:08:16,receive_money,in,159,01085326956,,person,none,income,,17409,17568,0,none,,,0
T0000239,D0003,shop_owner,2026-04-14 19:40:44,receive_money,in,372,01091871870,,person,none,income,,17568,17940,0,none,,,0
T0000240,D0003,shop_owner,2026-04-14 19:44:27,receive_money,in,190,01046469076,,person,none,income,,17940,18130,0,none,,,0
T0000241,D0003,shop_owner,2026-04-14 19:58:04,bill_payment,out,3476,B-ELEC,City Electric Supply,biller,utility,electricity,electricity,18130,14654,0,none,,,0
T0000242,D0003,shop_owner,2026-04-14 20:45:46,receive_money,in,496,01046176223,,person,none,income,,14654,15150,0,none,,,0
T0000243,D0003,shop_owner,2026-04-14 20:59:31,receive_money,in,329,01091871870,,person,none,income,,15150,15479,0,none,,,0
T0000244,D0003,shop_owner,2026-04-14 21:45:08,receive_money,in,1122,01048144701,,person,none,income,,15479,16601,0,none,,,0
T0000245,D0004,irregular,2026-04-14 23:17:23,receive_money,in,350,01093614877,Hasib (client),person,none,income,,3635,3985,0,none,,,0
T0000246,D0004,irregular,2026-04-14 23:17:57,cash_out,out,2000,A0038,Agent point A0038,agent,none,cash_withdrawal,cash_withdrawal,3985,1985,0,none,,,0
T0000247,D0003,shop_owner,2026-04-15 07:39:35,receive_money,in,195,01097256490,,person,none,income,,16601,16796,0,none,,,0
T0000248,D0001,salaried,2026-04-15 07:48:55,merchant_payment,out,148,M0268,Launch Ticket Desk (Mohammadpur),merchant,transport,transport,transport,1804,1656,0,none,,,0
T0000249,D0003,shop_owner,2026-04-15 07:49:21,receive_money,in,1033,01051285383,,person,none,income,,16796,17829,0,none,,,0
T0000250,D0003,shop_owner,2026-04-15 10:24:37,receive_money,in,1002,01069678633,,person,none,income,,17829,18831,0,none,,,0
T0000251,D0003,shop_owner,2026-04-15 10:24:57,receive_money,in,784,01047752703,,person,none,income,,18831,19615,0,none,,,0
T0000252,D0003,shop_owner,2026-04-15 10:53:25,receive_money,in,163,01023196931,,person,none,income,,19615,19778,0,none,,,0
T0000253,D0001,salaried,2026-04-15 12:59:21,merchant_payment,out,425,M0216,Khichuri Kitchen (Rajshahi),merchant,restaurant,eating_out,eating_out,1656,1231,0,none,,,0
T0000254,D0002,student,2026-04-15 13:12:19,merchant_payment,out,202,M0189,Tehari House (Chattogram),merchant,restaurant,eating_out,eating_out,4975,4773,0,none,,,0
T0000255,D0003,shop_owner,2026-04-15 15:28:28,receive_money,in,446,01090475110,,person,none,income,,19778,20224,0,none,,,0
T0000256,D0003,shop_owner,2026-04-15 17:48:07,receive_money,in,135,01086818803,,person,none,income,,20224,20359,0,none,,,0
T0000257,D0001,salaried,2026-04-15 17:59:49,merchant_payment,out,159,M0226,City Ride (Sylhet),merchant,transport,transport,transport,1231,1072,0,none,,,0
T0000258,D0001,salaried,2026-04-15 18:21:34,cash_in,in,2000,A0130,Agent point A0130,agent,none,cash_in,,1072,3072,0,none,,,0
T0000259,D0001,salaried,2026-04-15 18:57:34,bill_payment,out,1080,B-GAS,Metro Gas,biller,utility,gas,gas,3072,1992,0,none,,,0
T0000260,D0003,shop_owner,2026-04-15 18:58:33,receive_money,in,908,01088189109,,person,none,income,,20359,21267,0,none,,,0
T0000261,D0003,shop_owner,2026-04-15 19:26:04,receive_money,in,461,01062362267,,person,none,income,,21267,21728,0,none,,,0
T0000262,D0003,shop_owner,2026-04-15 20:27:59,receive_money,in,140,01082858033,,person,none,income,,21728,21868,0,none,,,0
T0000263,D0003,shop_owner,2026-04-15 20:39:11,receive_money,in,194,01090573999,,person,none,income,,21868,22062,0,none,,,0
T0000264,D0004,irregular,2026-04-15 22:48:00,receive_money,in,500,01008028609,,person,none,income,,1985,2485,0,none,,,0
T0000265,D0003,shop_owner,2026-04-16 06:07:14,receive_money,in,430,01053621985,,person,none,income,,22062,22492,0,none,,,0
T0000266,D0001,salaried,2026-04-16 07:32:53,send_money,out,1700,01094533718,Babul (friend),person,none,personal_transfer,friend,1992,292,0,none,,,0
T0000267,D0003,shop_owner,2026-04-16 08:21:42,receive_money,in,243,01057011335,,person,none,income,,22492,22735,0,none,,,0
T0000268,D0003,shop_owner,2026-04-16 08:48:42,receive_money,in,445,01094055307,,person,none,income,,22735,23180,0,none,,,0
T0000269,D0003,shop_owner,2026-04-16 11:21:35,receive_money,in,502,01084569169,,person,none,income,,23180,23682,0,none,,,0
T0000270,D0003,shop_owner,2026-04-16 12:48:35,receive_money,in,284,01098384850,,person,none,income,,23682,23966,0,none,,,0
T0000271,D0003,shop_owner,2026-04-16 14:04:16,receive_money,in,200,01066130993,,person,none,income,,23966,24166,0,none,,,0
T0000272,D0002,student,2026-04-16 14:49:00,send_money,out,50,01068257606,Shirin (friend),person,none,personal_transfer,friend,4773,4723,0,none,,,0
T0000273,D0003,shop_owner,2026-04-16 15:04:07,receive_money,in,361,01075156475,,person,none,income,,24166,24527,0,none,,,0
T0000274,D0003,shop_owner,2026-04-16 16:41:14,mobile_recharge,out,100,OP-2,Operator B,operator,telecom,mobile_recharge,mobile_recharge,24527,24427,0,none,,,0
T0000275,D0003,shop_owner,2026-04-16 18:50:35,receive_money,in,464,01082397371,,person,none,income,,24427,24891,0,none,,,0
T0000276,D0003,shop_owner,2026-04-16 18:51:02,receive_money,in,693,01030804639,,person,none,income,,24891,25584,0,none,,,0
T0000277,D0003,shop_owner,2026-04-16 18:58:02,receive_money,in,562,01092163162,,person,none,income,,25584,26146,0,none,,,0
T0000278,D0003,shop_owner,2026-04-16 18:58:12,receive_money,in,172,01051285383,,person,none,income,,26146,26318,0,none,,,0
T0000279,D0003,shop_owner,2026-04-16 19:28:48,receive_money,in,477,01001823649,,person,none,income,,26318,26795,0,none,,,0
T0000280,D0003,shop_owner,2026-04-16 20:00:40,cash_out,out,8500,A0246,Agent point A0246,agent,none,cash_withdrawal,cash_withdrawal,26795,18295,0,none,,,0
T0000281,D0003,shop_owner,2026-04-16 20:31:33,receive_money,in,213,01073961535,,person,none,income,,18295,18508,0,none,,,0
T0000282,D0004,irregular,2026-04-16 22:57:49,mobile_recharge,out,20,OP-3,Operator C,operator,telecom,mobile_recharge,mobile_recharge,2485,2465,0,none,,,0
T0000283,D0003,shop_owner,2026-04-16 23:44:21,send_money,out,3100,01028951418,Faisal (supplier),person,none,business_supplies,business,18508,15408,0,none,,,0
T0000284,D0001,salaried,2026-04-17 09:32:14,merchant_payment,out,184,M0268,Launch Ticket Desk (Mohammadpur),merchant,transport,transport,transport,292,108,0,none,,,0
T0000285,D0003,shop_owner,2026-04-17 09:44:07,receive_money,in,621,01041761912,,person,none,income,,15408,16029,0,none,,,0
T0000286,D0003,shop_owner,2026-04-17 11:05:28,receive_money,in,333,01051840615,,person,none,income,,16029,16362,0,none,,,0
T0000287,D0003,shop_owner,2026-04-17 11:29:57,receive_money,in,213,01049112123,,person,none,income,,16362,16575,0,none,,,0
T0000288,D0003,shop_owner,2026-04-17 11:33:40,receive_money,in,216,01095241734,,person,none,income,,16575,16791,0,none,,,0
T0000289,D0001,salaried,2026-04-17 12:28:11,cash_in,in,2000,A0130,Agent point A0130,agent,none,cash_in,,108,2108,0,none,,,0
T0000290,D0003,shop_owner,2026-04-17 12:29:44,receive_money,in,299,01019272173,,person,none,income,,16791,17090,0,none,,,0
T0000291,D0001,salaried,2026-04-17 12:40:11,merchant_payment,out,402,M0183,Tehari House (Uttara),merchant,restaurant,eating_out,eating_out,2108,1706,0,none,,,0
T0000292,D0004,irregular,2026-04-17 13:52:52,receive_money,in,1100,01060750274,Jahid (client),person,none,income,,2465,3565,0,none,,,0
T0000293,D0003,shop_owner,2026-04-17 16:15:50,receive_money,in,336,01098864698,,person,none,income,,17090,17426,0,none,,,0
T0000294,D0003,shop_owner,2026-04-17 16:57:13,receive_money,in,254,01013084235,,person,none,income,,17426,17680,0,none,,,0
T0000295,D0003,shop_owner,2026-04-17 17:14:25,receive_money,in,572,01026302672,,person,none,income,,17680,18252,0,none,,,0
T0000296,D0003,shop_owner,2026-04-17 17:46:46,receive_money,in,216,01006511194,,person,none,income,,18252,18468,0,none,,,0
T0000297,D0002,student,2026-04-17 17:49:48,merchant_payment,out,373,M0157,Mishti Mukh (Mirpur),merchant,restaurant,eating_out,eating_out,4723,4350,0,none,,,0
T0000298,D0003,shop_owner,2026-04-17 17:57:13,receive_money,in,480,01038073186,,person,none,income,,18468,18948,0,none,,,0
T0000299,D0003,shop_owner,2026-04-17 18:35:24,merchant_payment,out,15132,M0453,Mohajon Supply (Chattogram),merchant,wholesale,business_supplies,business_supplies,18948,3816,0,none,,,0
T0000300,D0003,shop_owner,2026-04-17 18:51:02,receive_money,in,163,01042363246,,person,none,income,,3816,3979,0,none,,,0
T0000301,D0002,student,2026-04-17 20:21:02,mobile_recharge,out,200,OP-2,Operator B,operator,telecom,mobile_recharge,mobile_recharge,4350,4150,0,none,,,0
T0000302,D0004,irregular,2026-04-17 22:41:40,mobile_recharge,out,20,OP-3,Operator C,operator,telecom,mobile_recharge,mobile_recharge,3565,3545,0,none,,,0
T0000303,D0004,irregular,2026-04-17 22:42:20,cash_out,out,1500,A0038,Agent point A0038,agent,none,cash_withdrawal,cash_withdrawal,3545,2045,0,none,,,0
T0000304,D0003,shop_owner,2026-04-17 23:15:39,receive_money,in,267,01056610370,,person,none,income,,3979,4246,0,none,,,0
T0000305,D0001,salaried,2026-04-18 08:20:53,merchant_payment,out,62,M0268,Launch Ticket Desk (Mohammadpur),merchant,transport,transport,transport,1706,1644,0,none,,,0
T0000306,D0003,shop_owner,2026-04-18 08:30:26,receive_money,in,64,01075552795,,person,none,income,,4246,4310,0,none,,,0
T0000307,D0003,shop_owner,2026-04-18 10:05:47,cash_in,in,6000,A0241,Agent point A0241,agent,none,cash_in,,4310,10310,0,none,,,0
T0000308,D0003,shop_owner,2026-04-18 10:28:47,merchant_payment,out,9240,M0453,Mohajon Supply (Chattogram),merchant,wholesale,business_supplies,business_supplies,10310,1070,0,none,,,0
T0000309,D0004,irregular,2026-04-18 13:07:25,receive_money,in,500,01061866158,Rubel (client),person,none,income,,2045,2545,0,none,,,0
T0000310,D0003,shop_owner,2026-04-18 15:51:37,receive_money,in,161,01058677365,,person,none,income,,1070,1231,0,none,,,0
T0000311,D0003,shop_owner,2026-04-18 16:05:03,receive_money,in,131,01080931939,,person,none,income,,1231,1362,0,none,,,0
T0000312,D0003,shop_owner,2026-04-18 17:49:23,receive_money,in,330,01031625361,,person,none,income,,1362,1692,0,none,,,0
T0000313,D0001,salaried,2026-04-18 19:53:26,merchant_payment,out,172,M0228,City Ride (Rajshahi),merchant,transport,transport,transport,1644,1472,0,none,,,0
T0000314,D0004,irregular,2026-04-18 19:56:21,mobile_recharge,out,30,OP-3,Operator C,operator,telecom,mobile_recharge,mobile_recharge,2545,2515,0,none,,,0
T0000315,D0001,salaried,2026-04-18 20:07:48,merchant_payment,out,430,M0183,Tehari House (Uttara),merchant,restaurant,eating_out,eating_out,1472,1042,0,none,,,0
T0000316,D0003,shop_owner,2026-04-18 20:38:03,receive_money,in,809,01094869710,,person,none,income,,1692,2501,0,none,,,0
T0000317,D0003,shop_owner,2026-04-18 20:54:09,receive_money,in,286,01098627819,,person,none,income,,2501,2787,0,none,,,0
T0000318,D0003,shop_owner,2026-04-18 21:03:29,receive_money,in,1010,01071197873,,person,none,income,,2787,3797,0,none,,,0
T0000319,D0003,shop_owner,2026-04-18 21:16:16,receive_money,in,106,01049112123,,person,none,income,,3797,3903,0,none,,,0
T0000320,D0003,shop_owner,2026-04-18 21:39:30,receive_money,in,690,01003172460,,person,none,income,,3903,4593,0,none,,,0
T0000321,D0004,irregular,2026-04-18 22:43:10,mobile_recharge,out,20,OP-3,Operator C,operator,telecom,mobile_recharge,mobile_recharge,2515,2495,0,none,,,0
T0000322,D0002,student,2026-04-19 06:22:50,merchant_payment,out,288,M0272,Launch Ticket Desk (Narayanganj),merchant,transport,transport,transport,4150,3862,0,none,,,0
T0000323,D0003,shop_owner,2026-04-19 08:45:38,receive_money,in,242,01026422233,,person,none,income,,4593,4835,0,none,,,0
T0000324,D0001,salaried,2026-04-19 09:57:19,merchant_payment,out,530,M0003,Shapla General Store (Uttara),merchant,grocery,groceries,groceries,1042,512,0,none,,,0
T0000325,D0003,shop_owner,2026-04-19 10:12:13,receive_money,in,418,01040344163,,person,none,income,,4835,5253,0,none,,,0
T0000326,D0003,shop_owner,2026-04-19 11:06:48,send_money,out,800,01086180702,Sohel (friend),person,none,personal_transfer,friend,5253,4453,0,none,,,0
T0000327,D0001,salaried,2026-04-19 11:53:13,cash_in,in,3000,A0130,Agent point A0130,agent,none,cash_in,,512,3512,0,none,,,0
T0000328,D0003,shop_owner,2026-04-19 12:20:19,receive_money,in,137,01046027168,,person,none,income,,4453,4590,0,none,,,0
T0000329,D0002,student,2026-04-19 12:24:34,mobile_recharge,out,20,OP-2,Operator B,operator,telecom,mobile_recharge,mobile_recharge,3862,3842,0,none,,,0
T0000330,D0001,salaried,2026-04-19 12:35:13,send_money,out,2300,01039015194,,person,none,personal_transfer,friend,3512,1212,0,none,,,0
T0000331,D0003,shop_owner,2026-04-19 13:27:47,merchant_payment,out,4207,M0456,Mohajon Supply (Rajshahi),merchant,wholesale,business_supplies,business_supplies,4590,383,0,none,,,0
T0000332,D0003,shop_owner,2026-04-19 15:06:49,receive_money,in,258,01032933416,,person,none,income,,383,641,0,none,,,0
T0000333,D0003,shop_owner,2026-04-19 16:16:52,receive_money,in,601,01051285383,,person,none,income,,641,1242,0,none,,,0
T0000334,D0004,irregular,2026-04-19 16:24:11,cash_out,out,1300,A0239,Agent point A0239,agent,none,cash_withdrawal,cash_withdrawal,2495,1195,0,none,,,0
T0000335,D0003,shop_owner,2026-04-19 17:24:56,receive_money,in,357,01094480371,,person,none,income,,1242,1599,0,none,,,0
T0000336,D0003,shop_owner,2026-04-19 17:31:15,receive_money,in,550,01013503147,,person,none,income,,1599,2149,0,none,,,0
T0000337,D0003,shop_owner,2026-04-19 18:04:58,receive_money,in,770,01013503147,,person,none,income,,2149,2919,0,none,,,0
T0000338,D0003,shop_owner,2026-04-19 18:33:38,receive_money,in,481,01065865141,,person,none,income,,2919,3400,0,none,,,0
T0000339,D0003,shop_owner,2026-04-19 18:54:54,receive_money,in,433,01091871870,,person,none,income,,3400,3833,0,none,,,0
T0000340,D0003,shop_owner,2026-04-19 19:10:34,receive_money,in,237,01020836621,,person,none,income,,3833,4070,0,none,,,0
T0000341,D0002,student,2026-04-19 19:25:05,merchant_payment,out,150,M0143,Bhorta Bari (Khulna),merchant,restaurant,eating_out,eating_out,3842,3692,0,none,,,0
T0000342,D0003,shop_owner,2026-04-19 19:52:29,receive_money,in,382,01035218547,,person,none,income,,4070,4452,0,none,,,0
T0000343,D0003,shop_owner,2026-04-19 19:57:37,receive_money,in,406,01052777380,,person,none,income,,4452,4858,0,none,,,0
T0000344,D0003,shop_owner,2026-04-19 20:11:44,cash_in,in,14500,A0241,Agent point A0241,agent,none,cash_in,,4858,19358,0,none,,,0
T0000345,D0003,shop_owner,2026-04-19 20:26:44,cash_out,out,17500,A0241,Agent point A0241,agent,none,cash_withdrawal,cash_withdrawal,19358,1858,0,none,,,0
T0000346,D0004,irregular,2026-04-19 20:32:22,receive_money,in,750,01020985059,Abdur (client),person,none,income,,1195,1945,0,none,,,0
T0000347,D0004,irregular,2026-04-19 20:37:26,mobile_recharge,out,30,OP-3,Operator C,operator,telecom,mobile_recharge,mobile_recharge,1945,1915,0,none,,,0
T0000348,D0003,shop_owner,2026-04-19 22:13:55,receive_money,in,228,01022908330,,person,none,income,,1858,2086,0,none,,,0
T0000349,D0001,salaried,2026-04-20 10:04:52,merchant_payment,out,796,M0064,Poribar Mart (Mohammadpur),merchant,grocery,groceries,groceries,1212,416,0,none,,,0
T0000350,D0003,shop_owner,2026-04-20 13:00:15,receive_money,in,256,01001769515,,person,none,income,,2086,2342,0,none,,,0
T0000351,D0003,shop_owner,2026-04-20 13:36:47,receive_money,in,670,01069194905,,person,none,income,,2342,3012,0,none,,,0
T0000352,D0003,shop_owner,2026-04-20 13:40:41,receive_money,in,101,01004993098,,person,none,income,,3012,3113,0,none,,,0
T0000353,D0001,salaried,2026-04-20 15:10:24,cash_in,in,1000,A0130,Agent point A0130,agent,none,cash_in,,416,1416,0,none,,,0
T0000354,D0001,salaried,2026-04-20 15:46:24,bill_payment,out,605,B-WATER,City Water Authority,biller,utility,water,water,1416,811,0,none,,,0
T0000355,D0003,shop_owner,2026-04-20 15:57:33,receive_money,in,501,01057706567,,person,none,income,,3113,3614,0,none,,,0
T0000356,D0003,shop_owner,2026-04-20 16:18:34,receive_money,in,406,01001269211,,person,none,income,,3614,4020,0,none,,,0
T0000357,D0001,salaried,2026-04-20 17:37:07,merchant_payment,out,377,M0131,Kabab Corner (Khulna),merchant,restaurant,eating_out,eating_out,811,434,0,none,,,0
T0000358,D0003,shop_owner,2026-04-20 17:51:19,receive_money,in,530,01058543209,,person,none,income,,4020,4550,0,none,,,0
T0000359,D0003,shop_owner,2026-04-20 19:03:43,receive_money,in,1474,01081500092,,person,none,income,,4550,6024,0,none,,,0
T0000360,D0003,shop_owner,2026-04-20 19:32:27,receive_money,in,133,01020836621,,person,none,income,,6024,6157,0,none,,,0
T0000361,D0004,irregular,2026-04-20 19:34:04,cash_out,out,800,A0239,Agent point A0239,agent,none,cash_withdrawal,cash_withdrawal,1915,1115,0,none,,,0
T0000362,D0003,shop_owner,2026-04-20 22:29:19,receive_money,in,487,01003559982,,person,none,income,,6157,6644,0,none,,,0
T0000363,D0001,salaried,2026-04-21 07:54:40,cash_in,in,1500,A0130,Agent point A0130,agent,none,cash_in,,434,1934,0,none,,,0
T0000364,D0001,salaried,2026-04-21 08:12:40,merchant_payment,out,698,M0064,Poribar Mart (Mohammadpur),merchant,grocery,groceries,groceries,1934,1236,0,none,,,0
T0000365,D0003,shop_owner,2026-04-21 10:26:24,receive_money,in,317,01019514042,,person,none,income,,6644,6961,0,none,,,0
T0000366,D0003,shop_owner,2026-04-21 10:31:14,receive_money,in,503,01084778155,,person,none,income,,6961,7464,0,none,,,0
T0000367,D0003,shop_owner,2026-04-21 10:33:04,receive_money,in,732,01051285383,,person,none,income,,7464,8196,0,none,,,0
T0000368,D0003,shop_owner,2026-04-21 11:14:44,receive_money,in,186,01021467927,,person,none,income,,8196,8382,0,none,,,0
T0000369,D0003,shop_owner,2026-04-21 12:16:29,receive_money,in,393,01069328299,,person,none,income,,8382,8775,0,none,,,0
T0000370,D0003,shop_owner,2026-04-21 14:12:47,receive_money,in,141,01086028826,,person,none,income,,8775,8916,0,none,,,0
T0000371,D0003,shop_owner,2026-04-21 14:28:21,receive_money,in,451,01016983814,,person,none,income,,8916,9367,0,none,,,0
T0000372,D0003,shop_owner,2026-04-21 14:49:29,merchant_payment,out,2308,M0453,Mohajon Supply (Chattogram),merchant,wholesale,business_supplies,business_supplies,9367,7059,0,none,,,0
T0000373,D0003,shop_owner,2026-04-21 16:46:03,merchant_payment,out,429,M0071,Poribar Mart (Khulna),merchant,grocery,groceries,groceries,7059,6630,0,none,,,0
T0000374,D0004,irregular,2026-04-21 17:18:54,send_money,out,300,01075982714,Shirin (friend),person,none,personal_transfer,friend,1115,815,0,none,,,0
T0000375,D0003,shop_owner,2026-04-21 17:42:36,receive_money,in,527,01032941857,,person,none,income,,6630,7157,0,none,,,0
T0000376,D0003,shop_owner,2026-04-21 17:44:57,receive_money,in,433,01003156744,,person,none,income,,7157,7590,0,none,,,0
T0000377,D0003,shop_owner,2026-04-21 17:49:24,receive_money,in,571,01014099709,,person,none,income,,7590,8161,0,none,,,0
T0000378,D0003,shop_owner,2026-04-21 19:18:09,receive_money,in,408,01034520886,,person,none,income,,8161,8569,0,none,,,0
T0000379,D0003,shop_owner,2026-04-21 19:25:15,receive_money,in,246,01006535604,,person,none,income,,8569,8815,0,none,,,0
T0000380,D0003,shop_owner,2026-04-21 20:06:16,receive_money,in,1051,01028960200,,person,none,income,,8815,9866,0,none,,,0
T0000381,D0002,student,2026-04-21 22:24:01,send_money,out,500,01057786911,,person,none,shopping,purchase,3692,3192,0,none,,,0
T0000382,D0002,student,2026-04-22 07:26:22,merchant_payment,out,155,M0272,Launch Ticket Desk (Narayanganj),merchant,transport,transport,transport,3192,3037,0,none,,,0
T0000383,D0001,salaried,2026-04-22 07:43:38,merchant_payment,out,566,M0003,Shapla General Store (Uttara),merchant,grocery,groceries,groceries,1236,670,0,none,,,0
T0000384,D0003,shop_owner,2026-04-22 07:58:48,receive_money,in,191,01092708708,,person,none,income,,9866,10057,0,none,,,0
T0000385,D0004,irregular,2026-04-22 08:36:31,merchant_payment,out,192,M0221,City Ride (Banani),merchant,transport,transport,transport,815,623,0,none,,,0
T0000386,D0001,salaried,2026-04-22 09:18:10,merchant_payment,out,248,M0228,City Ride (Rajshahi),merchant,transport,transport,transport,670,422,0,none,,,0
T0000387,D0003,shop_owner,2026-04-22 10:09:25,receive_money,in,291,01051053718,,person,none,income,,10057,10348,0,none,,,0
T0000388,D0002,student,2026-04-22 10:37:49,receive_money,in,2500,01090664167,Mamun (parent),person,none,income,,3037,5537,0,none,,,0
T0000389,D0004,irregular,2026-04-22 11:42:47,receive_money,in,350,01057848663,,person,none,income,,623,973,0,none,,,0
T0000390,D0003,shop_owner,2026-04-22 12:30:16,receive_money,in,184,01039036783,,person,none,income,,10348,10532,0,none,,,0
T0000391,D0003,shop_owner,2026-04-22 13:01:29,mobile_recharge,out,150,OP-2,Operator B,operator,telecom,mobile_recharge,mobile_recharge,10532,10382,0,none,,,0
T0000392,D0001,salaried,2026-04-22 17:25:22,cash_in,in,2000,A0130,Agent point A0130,agent,none,cash_in,,422,2422,0,none,,,0
T0000393,D0001,salaried,2026-04-22 17:43:22,merchant_payment,out,1098,M0001,Shapla General Store (Mirpur),merchant,grocery,groceries,groceries,2422,1324,0,none,,,0
T0000394,D0003,shop_owner,2026-04-22 18:25:10,receive_money,in,191,01028141265,,person,none,income,,10382,10573,0,none,,,0
T0000395,D0004,irregular,2026-04-22 18:56:20,receive_money,in,800,01020985059,Abdur (client),person,none,income,,973,1773,0,none,,,0
T0000396,D0001,salaried,2026-04-22 19:36:27,merchant_payment,out,367,M0216,Khichuri Kitchen (Rajshahi),merchant,restaurant,eating_out,eating_out,1324,957,0,none,,,0
T0000397,D0003,shop_owner,2026-04-22 19:43:56,receive_money,in,72,01059223249,,person,none,income,,10573,10645,0,none,,,0
T0000398,D0003,shop_owner,2026-04-22 20:01:04,receive_money,in,165,01073387105,,person,none,income,,10645,10810,0,none,,,0
T0000399,D0003,shop_owner,2026-04-22 21:26:40,receive_money,in,409,01041436232,,person,none,income,,10810,11219,0,none,,,0
T0000400,D0003,shop_owner,2026-04-22 22:37:52,merchant_payment,out,358,M0159,Mishti Mukh (Uttara),merchant,restaurant,eating_out,eating_out,11219,10861,0,none,,,0
T0000401,D0003,shop_owner,2026-04-23 06:17:50,receive_money,in,989,01009167260,,person,none,income,,10861,11850,0,none,,,0
T0000402,D0003,shop_owner,2026-04-23 06:58:17,receive_money,in,594,01023422650,,person,none,income,,11850,12444,0,none,,,0
T0000403,D0003,shop_owner,2026-04-23 09:29:05,receive_money,in,123,01057031776,,person,none,income,,12444,12567,0,none,,,0
T0000404,D0003,shop_owner,2026-04-23 09:47:21,receive_money,in,445,01082389843,,person,none,income,,12567,13012,0,none,,,0
T0000405,D0003,shop_owner,2026-04-23 10:41:11,receive_money,in,294,01013503147,,person,none,income,,13012,13306,0,none,,,0
T0000406,D0003,shop_owner,2026-04-23 13:20:42,receive_money,in,128,01069678633,,person,none,income,,13306,13434,0,none,,,0
T0000407,D0002,student,2026-04-23 13:48:20,send_money,out,900,01028509522,,person,none,shopping,purchase,5537,4637,0,none,,,0
T0000408,D0003,shop_owner,2026-04-23 13:57:17,receive_money,in,434,01016463568,,person,none,income,,13434,13868,0,none,,,0
T0000409,D0002,student,2026-04-23 17:16:30,send_money,out,2100,01084876924,,person,none,shopping,purchase,4637,2537,0,none,,,0
T0000410,D0003,shop_owner,2026-04-23 17:45:10,receive_money,in,361,01051660408,,person,none,income,,13868,14229,0,none,,,0
T0000411,D0003,shop_owner,2026-04-23 17:56:44,receive_money,in,468,01009923008,,person,none,income,,14229,14697,0,none,,,0
T0000412,D0001,salaried,2026-04-23 18:32:28,mobile_recharge,out,100,OP-2,Operator B,operator,telecom,mobile_recharge,mobile_recharge,957,857,0,none,,,0
T0000413,D0003,shop_owner,2026-04-23 18:43:30,receive_money,in,219,01076215840,,person,none,income,,14697,14916,0,none,,,0
T0000414,D0003,shop_owner,2026-04-23 18:46:25,receive_money,in,910,01032312129,,person,none,income,,14916,15826,0,none,,,0
T0000415,D0003,shop_owner,2026-04-23 18:48:28,receive_money,in,395,01009138577,,person,none,income,,15826,16221,0,none,,,0
T0000416,D0003,shop_owner,2026-04-23 21:40:13,receive_money,in,356,01068760521,,person,none,income,,16221,16577,0,none,,,0
T0000417,D0003,shop_owner,2026-04-24 08:05:42,receive_money,in,190,01047752703,,person,none,income,,16577,16767,0,none,,,0
T0000418,D0003,shop_owner,2026-04-24 08:58:06,receive_money,in,837,01098353522,,person,none,income,,16767,17604,0,none,,,0
T0000419,D0001,salaried,2026-04-24 10:34:18,cash_in,in,1500,A0130,Agent point A0130,agent,none,cash_in,,857,2357,0,none,,,0
T0000420,D0001,salaried,2026-04-24 11:06:18,send_money,out,1500,01015746624,Nipa (friend),person,none,personal_transfer,friend,2357,857,0,none,,,0
T0000421,D0004,irregular,2026-04-24 13:30:47,merchant_payment,out,143,M0163,Mishti Mukh (Gazipur),merchant,restaurant,eating_out,eating_out,1773,1630,0,none,,,0
T0000422,D0003,shop_owner,2026-04-24 15:31:11,receive_money,in,654,01037023904,,person,none,income,,17604,18258,0,none,,,0
T0000423,D0001,salaried,2026-04-24 17:03:28,merchant_payment,out,620,M0374,Arogya Medicine Corner (Dhanmondi),merchant,pharmacy,health,health,857,237,0,none,,,0
T0000424,D0003,shop_owner,2026-04-24 17:50:05,receive_money,in,556,01014033484,,person,none,income,,18258,18814,0,none,,,0
T0000425,D0003,shop_owner,2026-04-24 18:28:19,receive_money,in,695,01023482053,,person,none,income,,18814,19509,0,none,,,0
T0000426,D0001,salaried,2026-04-24 18:53:29,cash_in,in,2500,A0130,Agent point A0130,agent,none,cash_in,,237,2737,0,none,,,0
T0000427,D0003,shop_owner,2026-04-24 18:58:39,receive_money,in,1162,01023102704,,person,none,income,,19509,20671,0,none,,,0
T0000428,D0003,shop_owner,2026-04-24 19:20:16,receive_money,in,644,01000059615,,person,none,income,,20671,21315,0,none,,,0
T0000429,D0001,salaried,2026-04-24 19:25:29,send_money,out,1500,01015746624,Nipa (friend),person,none,personal_transfer,friend,2737,1237,0,none,,,0
T0000430,D0003,shop_owner,2026-04-24 19:29:03,receive_money,in,425,01098073483,,person,none,income,,21315,21740,0,none,,,0
T0000431,D0001,salaried,2026-04-24 19:30:24,merchant_payment,out,444,M0183,Tehari House (Uttara),merchant,restaurant,eating_out,eating_out,1237,793,0,none,,,0
T0000432,D0003,shop_owner,2026-04-24 19:53:29,receive_money,in,656,01020507927,,person,none,income,,21740,22396,0,none,,,0
T0000433,D0004,irregular,2026-04-24 20:17:16,receive_money,in,1300,01035183279,,person,none,income,,1630,2930,0,none,,,0
T0000434,D0004,irregular,2026-04-24 20:40:56,receive_money,in,950,01093614877,Hasib (client),person,none,income,,2930,3880,0,none,,,0
T0000435,D0004,irregular,2026-04-24 20:47:16,mobile_recharge,out,50,OP-3,Operator C,operator,telecom,mobile_recharge,mobile_recharge,3880,3830,0,none,,,0
T0000436,D0003,shop_owner,2026-04-24 20:58:44,receive_money,in,328,01067613068,,person,none,income,,22396,22724,0,none,,,0
T0000437,D0003,shop_owner,2026-04-24 21:05:12,merchant_payment,out,7289,M0456,Mohajon Supply (Rajshahi),merchant,wholesale,business_supplies,business_supplies,22724,15435,0,none,,,0
T0000438,D0003,shop_owner,2026-04-24 21:36:29,receive_money,in,540,01021052361,,person,none,income,,15435,15975,0,none,,,0
T0000439,D0004,irregular,2026-04-24 21:45:00,cash_out,out,2000,A0038,Agent point A0038,agent,none,cash_withdrawal,cash_withdrawal,3830,1830,0,none,,,0
T0000440,D0003,shop_owner,2026-04-25 07:08:09,receive_money,in,606,01048898032,,person,none,income,,15975,16581,0,none,,,0
T0000441,D0003,shop_owner,2026-04-25 09:18:30,receive_money,in,452,01078125092,,person,none,income,,16581,17033,0,none,,,0
T0000442,D0001,salaried,2026-04-25 10:18:50,merchant_payment,out,372,M0131,Kabab Corner (Khulna),merchant,restaurant,eating_out,eating_out,793,421,0,none,,,0
T0000443,D0003,shop_owner,2026-04-25 10:32:25,receive_money,in,220,01038082246,,person,none,income,,17033,17253,0,none,,,0
T0000444,D0003,shop_owner,2026-04-25 11:18:39,mobile_recharge,out,200,OP-2,Operator B,operator,telecom,mobile_recharge,mobile_recharge,17253,17053,0,none,,,0
T0000445,D0003,shop_owner,2026-04-25 11:26:09,receive_money,in,303,01065443472,,person,none,income,,17053,17356,0,none,,,0
T0000446,D0002,student,2026-04-25 12:38:44,merchant_payment,out,167,M0189,Tehari House (Chattogram),merchant,restaurant,eating_out,eating_out,2537,2370,0,none,,,0
T0000447,D0003,shop_owner,2026-04-25 12:52:02,receive_money,in,336,01016606767,,person,none,income,,17356,17692,0,none,,,0
T0000448,D0003,shop_owner,2026-04-25 13:13:00,receive_money,in,1121,01014033484,,person,none,income,,17692,18813,0,none,,,0
T0000449,D0004,irregular,2026-04-25 17:02:26,receive_money,in,750,01061866158,Rubel (client),person,none,income,,1830,2580,0,none,,,0
T0000450,D0003,shop_owner,2026-04-25 18:13:33,receive_money,in,618,01088189109,,person,none,income,,18813,19431,0,none,,,0
T0000451,D0003,shop_owner,2026-04-25 18:36:01,receive_money,in,561,01000059615,,person,none,income,,19431,19992,0,none,,,0
T0000452,D0004,irregular,2026-04-25 19:11:34,merchant_payment,out,156,M0014,Notun Bazar Mart (Dhanmondi),merchant,grocery,other,groceries,2580,2424,0,none,,,0
T0000453,D0003,shop_owner,2026-04-25 20:21:02,receive_money,in,353,01028813083,,person,none,income,,19992,20345,0,none,,,0
T0000454,D0003,shop_owner,2026-04-25 20:26:12,receive_money,in,304,01028781886,,person,none,income,,20345,20649,0,none,,,0
T0000455,D0003,shop_owner,2026-04-25 23:41:55,receive_money,in,423,01031866966,,person,none,income,,20649,21072,0,none,,,0
T0000456,D0003,shop_owner,2026-04-26 09:07:16,receive_money,in,283,01023102704,,person,none,income,,21072,21355,0,none,,,0
T0000457,D0004,irregular,2026-04-26 09:18:05,cash_out,out,500,A0038,Agent point A0038,agent,none,cash_withdrawal,cash_withdrawal,2424,1924,0,none,,,0
T0000458,D0003,shop_owner,2026-04-26 09:33:30,receive_money,in,492,01017202166,,person,none,income,,21355,21847,0,none,,,0
T0000459,D0004,irregular,2026-04-26 09:42:42,merchant_payment,out,209,M0018,Notun Bazar Mart (Savar),merchant,grocery,groceries,groceries,1924,1715,0,none,,,0
T0000460,D0003,shop_owner,2026-04-26 11:09:27,merchant_payment,out,1531,M0063,Poribar Mart (Uttara),merchant,grocery,groceries,groceries,21847,20316,0,none,,,0
T0000461,D0001,salaried,2026-04-26 11:51:07,cash_in,in,1500,A0130,Agent point A0130,agent,none,cash_in,,421,1921,0,none,,,0
T0000462,D0003,shop_owner,2026-04-26 11:51:39,receive_money,in,435,01032933416,,person,none,income,,20316,20751,0,none,,,0
T0000463,D0003,shop_owner,2026-04-26 11:58:20,mobile_recharge,out,200,OP-2,Operator B,operator,telecom,mobile_recharge,mobile_recharge,20751,20551,0,none,,,0
T0000464,D0001,salaried,2026-04-26 12:12:07,merchant_payment,out,790,M0064,Poribar Mart (Mohammadpur),merchant,grocery,groceries,groceries,1921,1131,0,none,,,0
T0000465,D0003,shop_owner,2026-04-26 15:01:09,receive_money,in,114,01044559756,,person,none,income,,20551,20665,0,none,,,0
T0000466,D0003,shop_owner,2026-04-26 16:34:24,receive_money,in,321,01070446285,,person,none,income,,20665,20986,0,none,,,0
T0000467,D0003,shop_owner,2026-04-26 18:26:18,receive_money,in,236,01067401631,,person,none,income,,20986,21222,0,none,,,0
T0000468,D0003,shop_owner,2026-04-26 19:23:20,receive_money,in,383,01051987476,,person,none,income,,21222,21605,0,none,,,0
T0000469,D0004,irregular,2026-04-26 19:32:27,send_money,out,1600,01037459710,Ruma (family),person,none,family_support,family_support,1715,115,0,none,,,0
T0000470,D0003,shop_owner,2026-04-26 20:14:01,cash_out,out,5000,A0246,Agent point A0246,agent,none,other,cash_withdrawal,21605,16605,0,none,,,0
T0000471,D0003,shop_owner,2026-04-26 20:42:11,receive_money,in,1025,01034836423,,person,none,income,,16605,17630,0,none,,,0
T0000472,D0002,student,2026-04-27 01:38:36,mobile_recharge,out,100,OP-2,Operator B,operator,telecom,mobile_recharge,mobile_recharge,2370,2270,0,none,,,0
T0000473,D0003,shop_owner,2026-04-27 09:40:30,receive_money,in,832,01050898093,,person,none,income,,17630,18462,0,none,,,0
T0000474,D0002,student,2026-04-27 09:55:28,merchant_payment,out,1554,M0420,City College Accounts (Rajshahi),merchant,education,education,education,2270,716,0,none,,,0
T0000475,D0003,shop_owner,2026-04-27 09:56:09,receive_money,in,378,01044131399,,person,none,income,,18462,18840,0,none,,,0
T0000476,D0003,shop_owner,2026-04-27 11:10:03,cash_out,out,10000,A0241,Agent point A0241,agent,none,cash_withdrawal,cash_withdrawal,18840,8840,0,none,,,0
T0000477,D0003,shop_owner,2026-04-27 11:36:39,receive_money,in,186,01069953671,,person,none,income,,8840,9026,0,none,,,0
T0000478,D0002,student,2026-04-27 11:45:17,merchant_payment,out,201,M0028,Rahman Store (Mohammadpur),merchant,grocery,groceries,groceries,716,515,0,none,,,0
T0000479,D0003,shop_owner,2026-04-27 12:02:49,receive_money,in,304,01066297787,,person,none,income,,9026,9330,0,none,,,0
T0000480,D0003,shop_owner,2026-04-27 12:16:08,receive_money,in,371,01068174880,,person,none,income,,9330,9701,0,none,,,0
T0000481,D0003,shop_owner,2026-04-27 14:05:08,receive_money,in,243,01051285383,,person,none,income,,9701,9944,0,none,,,0
T0000482,D0003,shop_owner,2026-04-27 14:06:28,receive_money,in,393,01086917902,,person,none,income,,9944,10337,0,none,,,0
T0000483,D0003,shop_owner,2026-04-27 14:06:35,receive_money,in,323,01098445621,,person,none,income,,10337,10660,0,none,,,0
T0000484,D0001,salaried,2026-04-27 16:13:56,merchant_payment,out,162,M0268,Launch Ticket Desk (Mohammadpur),merchant,transport,transport,transport,1131,969,0,none,,,0
T0000485,D0003,shop_owner,2026-04-27 16:30:39,receive_money,in,425,01018579387,,person,none,income,,10660,11085,0,none,,,0
T0000486,D0001,salaried,2026-04-27 16:32:17,cash_in,in,2500,A0130,Agent point A0130,agent,none,cash_in,,969,3469,0,none,,,0
T0000487,D0003,shop_owner,2026-04-27 16:58:38,receive_money,in,1123,01075084485,,person,none,income,,11085,12208,0,none,,,0
T0000488,D0001,salaried,2026-04-27 17:01:17,send_money,out,1800,01097753546,Shirin (friend),person,none,personal_transfer,friend,3469,1669,0,none,,,0
T0000489,D0003,shop_owner,2026-04-27 18:30:31,send_money,out,1400,01014602012,Poly (friend),person,none,other,friend,12208,10808,0,none,,,0
T0000490,D0003,shop_owner,2026-04-27 18:33:58,receive_money,in,204,01047123629,,person,none,income,,10808,11012,0,none,,,0
T0000491,D0003,shop_owner,2026-04-27 18:37:09,receive_money,in,878,01093219487,,person,none,income,,11012,11890,0,none,,,0
T0000492,D0003,shop_owner,2026-04-27 19:11:04,mobile_recharge,out,100,OP-2,Operator B,operator,telecom,other,mobile_recharge,11890,11790,0,none,,,0
T0000493,D0002,student,2026-04-27 19:49:05,merchant_payment,out,73,M0258,Jatri Ride (Savar),merchant,transport,transport,transport,515,442,0,none,,,0
T0000494,D0003,shop_owner,2026-04-27 20:18:26,merchant_payment,out,2931,M0466,Bikroy Distributors (Sylhet),merchant,wholesale,business_supplies,business_supplies,11790,8859,0,none,,,0
T0000495,D0003,shop_owner,2026-04-27 21:04:07,receive_money,in,278,01030384223,,person,none,income,,8859,9137,0,none,,,0
T0000496,D0001,salaried,2026-04-27 21:07:06,merchant_payment,out,404,M0131,Kabab Corner (Khulna),merchant,restaurant,eating_out,eating_out,1669,1265,0,none,,,0
T0000497,D0003,shop_owner,2026-04-27 21:13:01,receive_money,in,183,01027901340,,person,none,income,,9137,9320,0,none,,,0
T0000498,D0003,shop_owner,2026-04-27 22:16:30,receive_money,in,564,01049112123,,person,none,income,,9320,9884,0,none,,,0
T0000499,D0003,shop_owner,2026-04-28 07:31:57,receive_money,in,509,01030682652,,person,none,income,,9884,10393,0,none,,,0
T0000500,D0003,shop_owner,2026-04-28 09:15:22,merchant_payment,out,7853,M0453,Mohajon Supply (Chattogram),merchant,wholesale,business_supplies,business_supplies,10393,2540,0,none,,,0
T0000501,D0003,shop_owner,2026-04-28 09:55:45,receive_money,in,371,01020836621,,person,none,income,,2540,2911,0,none,,,0
T0000502,D0003,shop_owner,2026-04-28 11:13:20,receive_money,in,338,01003899959,,person,none,income,,2911,3249,0,none,,,0
T0000503,D0002,student,2026-04-28 14:14:34,merchant_payment,out,223,M0189,Tehari House (Chattogram),merchant,restaurant,eating_out,eating_out,442,219,0,none,,,0
T0000504,D0003,shop_owner,2026-04-28 14:34:31,receive_money,in,856,01051285383,,person,none,income,,3249,4105,0,none,,,0
T0000505,D0003,shop_owner,2026-04-28 16:45:59,receive_money,in,181,01030778391,,person,none,income,,4105,4286,0,none,,,0
T0000506,D0003,shop_owner,2026-04-28 19:39:30,cash_in,in,14000,A0241,Agent point A0241,agent,none,cash_in,,4286,18286,0,none,,,0
T0000507,D0003,shop_owner,2026-04-28 20:04:30,send_money,out,13000,01061394525,Arif (supplier),person,none,business_supplies,business,18286,5286,0,none,,,0
T0000508,D0003,shop_owner,2026-04-28 22:35:28,receive_money,in,253,01089137094,,person,none,income,,5286,5539,0,none,,,0
T0000509,D0002,student,2026-04-29 08:57:31,merchant_payment,out,84,M0258,Jatri Ride (Savar),merchant,transport,transport,transport,219,135,0,none,,,0
T0000510,D0002,student,2026-04-29 09:19:53,merchant_payment,out,98,M0272,Launch Ticket Desk (Narayanganj),merchant,transport,transport,transport,135,37,0,none,,,0
T0000511,D0003,shop_owner,2026-04-29 12:27:30,receive_money,in,390,01028781886,,person,none,income,,5539,5929,0,none,,,0
T0000512,D0003,shop_owner,2026-04-29 12:30:04,receive_money,in,608,01056091270,,person,none,income,,5929,6537,0,none,,,0
T0000513,D0003,shop_owner,2026-04-29 12:44:00,receive_money,in,443,01014033484,,person,none,income,,6537,6980,0,none,,,0
T0000514,D0003,shop_owner,2026-04-29 14:27:12,receive_money,in,610,01090852660,,person,none,income,,6980,7590,0,none,,,0
T0000515,D0003,shop_owner,2026-04-29 15:14:47,receive_money,in,1500,01094480371,,person,none,income,,7590,9090,0,none,,,0
T0000516,D0001,salaried,2026-04-29 16:15:41,cash_in,in,1500,A0130,Agent point A0130,agent,none,cash_in,,1265,2765,0,none,,,0
T0000517,D0001,salaried,2026-04-29 16:32:41,send_money,out,2300,01015746624,Nipa (friend),person,none,personal_transfer,friend,2765,465,0,none,,,0
T0000518,D0003,shop_owner,2026-04-29 17:02:18,receive_money,in,202,01076338189,,person,none,income,,9090,9292,0,none,,,0
T0000519,D0001,salaried,2026-04-29 18:54:50,cash_in,in,4000,A0130,Agent point A0130,agent,none,cash_in,,465,4465,0,none,,,0
T0000520,D0003,shop_owner,2026-04-29 18:59:53,receive_money,in,92,01037861226,,person,none,income,,9292,9384,0,none,,,0
T0000521,D0001,salaried,2026-04-29 19:01:50,send_money,out,2200,01097753546,Shirin (friend),person,none,personal_transfer,friend,4465,2265,0,none,,,0
T0000522,D0002,student,2026-04-29 19:14:31,cash_in,in,500,A0036,Agent point A0036,agent,none,cash_in,,37,537,0,none,,,0
T0000523,D0004,irregular,2026-04-29 19:28:41,receive_money,in,600,01020985059,Abdur (client),person,none,income,,115,715,0,none,,,0
T0000524,D0002,student,2026-04-29 19:55:31,mobile_recharge,out,200,OP-2,Operator B,operator,telecom,mobile_recharge,mobile_recharge,537,337,0,none,,,0
T0000525,D0004,irregular,2026-04-29 20:36:09,mobile_recharge,out,100,OP-3,Operator C,operator,telecom,mobile_recharge,mobile_recharge,715,615,0,none,,,0
T0000526,D0003,shop_owner,2026-04-29 21:37:37,receive_money,in,215,01080330881,,person,none,income,,9384,9599,0,none,,,0
T0000527,D0001,salaried,2026-04-29 21:41:08,send_money,out,1800,01015746624,Nipa (friend),person,none,personal_transfer,friend,2265,465,0,none,,,0
T0000528,D0001,salaried,2026-04-29 22:06:31,merchant_payment,out,357,M0183,Tehari House (Uttara),merchant,restaurant,eating_out,eating_out,465,108,0,none,,,0
T0000529,D0003,shop_owner,2026-04-29 22:35:38,receive_money,in,505,01021881608,,person,none,income,,9599,10104,0,none,,,0
T0000530,D0004,irregular,2026-04-29 22:38:37,mobile_recharge,out,50,OP-3,Operator C,operator,telecom,mobile_recharge,mobile_recharge,615,565,0,none,,,0
T0000531,D0003,shop_owner,2026-04-30 08:23:24,receive_money,in,899,01066836745,,person,none,income,,10104,11003,0,none,,,0
T0000532,D0003,shop_owner,2026-04-30 10:02:35,receive_money,in,230,01091837777,,person,none,income,,11003,11233,0,none,,,0
T0000533,D0003,shop_owner,2026-04-30 10:08:22,receive_money,in,778,01097508248,,person,none,income,,11233,12011,0,none,,,0
T0000534,D0003,shop_owner,2026-04-30 10:26:45,receive_money,in,316,01032933416,,person,none,income,,12011,12327,0,none,,,0
T0000535,D0003,shop_owner,2026-04-30 14:17:42,receive_money,in,168,01069009426,,person,none,income,,12327,12495,0,none,,,0
T0000536,D0003,shop_owner,2026-04-30 15:30:09,receive_money,in,235,01000059615,,person,none,income,,12495,12730,0,none,,,0
T0000537,D0003,shop_owner,2026-04-30 16:03:52,receive_money,in,169,01088189109,,person,none,income,,12730,12899,0,none,,,0
T0000538,D0001,salaried,2026-04-30 17:36:56,mobile_recharge,out,100,OP-2,Operator B,operator,telecom,mobile_recharge,mobile_recharge,108,8,0,none,,,0
T0000539,D0003,shop_owner,2026-04-30 20:01:58,receive_money,in,553,01029857064,,person,none,income,,12899,13452,0,none,,,0
T0000540,D0003,shop_owner,2026-04-30 20:22:15,merchant_payment,out,461,M0189,Tehari House (Chattogram),merchant,restaurant,eating_out,eating_out,13452,12991,0,none,,,0
T0000541,D0003,shop_owner,2026-04-30 22:15:48,receive_money,in,183,01001705232,,person,none,income,,12991,13174,0,none,,,0
T0000542,D0003,shop_owner,2026-04-30 23:09:50,receive_money,in,238,01028781886,,person,none,income,,13174,13412,0,none,,,0
T0000543,D0002,student,2026-05-01 10:57:24,merchant_payment,out,305,M0151,Dhaba Express (Gazipur),merchant,restaurant,eating_out,eating_out,337,32,0,none,,,0
T0000544,D0001,salaried,2026-05-01 11:36:31,salary_in,in,45000,E0333,Employer E0333,employer,none,income,,8,45008,0,none,,,0
T0000545,D0001,salaried,2026-05-01 11:49:11,merchant_payment,out,800,M0064,Poribar Mart (Mohammadpur),merchant,grocery,groceries,groceries,45008,44208,0,none,,,0
T0000546,D0001,salaried,2026-05-01 13:11:58,merchant_payment,out,372,M0216,Khichuri Kitchen (Rajshahi),merchant,restaurant,eating_out,eating_out,44208,43836,0,none,,,0
T0000547,D0001,salaried,2026-05-01 17:34:28,mobile_recharge,out,100,OP-2,Operator B,operator,telecom,mobile_recharge,mobile_recharge,43836,43736,0,none,,,0
T0000548,D0004,irregular,2026-05-01 19:02:44,mobile_recharge,out,50,OP-3,Operator C,operator,telecom,mobile_recharge,mobile_recharge,565,515,0,none,,,0
T0000549,D0004,irregular,2026-05-01 20:38:26,receive_money,in,900,01093614877,Hasib (client),person,none,income,,515,1415,0,none,,,0
T0000550,D0003,shop_owner,2026-05-01 21:35:04,merchant_payment,out,417,M0159,Mishti Mukh (Uttara),merchant,restaurant,eating_out,eating_out,13412,12995,0,none,,,0
T0000551,D0003,shop_owner,2026-05-02 06:53:31,receive_money,in,417,01069547631,,person,none,income,,12995,13412,0,none,,,0
T0000552,D0003,shop_owner,2026-05-02 08:28:20,receive_money,in,177,01096655336,,person,none,income,,13412,13589,0,none,,,0
T0000553,D0003,shop_owner,2026-05-02 09:53:18,receive_money,in,1072,01067879322,,person,none,income,,13589,14661,0,none,,,0
T0000554,D0003,shop_owner,2026-05-02 10:56:03,receive_money,in,414,01055080893,,person,none,income,,14661,15075,0,none,,,0
T0000555,D0003,shop_owner,2026-05-02 12:15:16,cash_out,out,3500,A0241,Agent point A0241,agent,none,other,cash_withdrawal,15075,11575,0,none,,,0
T0000556,D0001,salaried,2026-05-02 15:29:04,merchant_payment,out,425,M0104,Biryani Ghor (Narayanganj),merchant,restaurant,eating_out,eating_out,43736,43311,0,none,,,0
T0000557,D0001,salaried,2026-05-02 16:31:05,merchant_payment,out,90,M0226,City Ride (Sylhet),merchant,transport,transport,transport,43311,43221,0,none,,,0
T0000558,D0001,salaried,2026-05-02 16:46:37,merchant_payment,out,985,M0003,Shapla General Store (Uttara),merchant,grocery,groceries,groceries,43221,42236,0,none,,,0
T0000559,D0001,salaried,2026-05-02 17:44:05,merchant_payment,out,295,M0226,City Ride (Sylhet),merchant,transport,transport,transport,42236,41941,0,none,,,0
T0000560,D0003,shop_owner,2026-05-02 18:13:27,receive_money,in,799,01086950745,,person,none,income,,11575,12374,0,none,,,0
T0000561,D0001,salaried,2026-05-02 18:32:20,merchant_payment,out,689,M0064,Poribar Mart (Mohammadpur),merchant,grocery,groceries,groceries,41941,41252,0,none,,,0
T0000562,D0003,shop_owner,2026-05-02 18:36:55,receive_money,in,893,01048863845,,person,none,income,,12374,13267,0,none,,,0
T0000563,D0003,shop_owner,2026-05-02 18:42:10,receive_money,in,239,01096173858,,person,none,income,,13267,13506,0,none,,,0
T0000564,D0003,shop_owner,2026-05-02 20:28:19,merchant_payment,out,8369,M0459,Bikroy Distributors (Uttara),merchant,wholesale,business_supplies,business_supplies,13506,5137,0,none,,,0
T0000565,D0002,student,2026-05-02 20:46:15,mobile_recharge,out,30,OP-2,Operator B,operator,telecom,mobile_recharge,mobile_recharge,32,2,0,none,,,0
T0000566,D0003,shop_owner,2026-05-02 20:58:05,receive_money,in,424,01014099709,,person,none,income,,5137,5561,0,none,,,0
T0000567,D0003,shop_owner,2026-05-02 21:43:40,receive_money,in,395,01023758268,,person,none,income,,5561,5956,0,none,,,0
T0000568,D0004,irregular,2026-05-02 21:45:36,merchant_payment,out,138,M0161,Mishti Mukh (Banani),merchant,restaurant,eating_out,eating_out,1415,1277,0,none,,,0
T0000569,D0004,irregular,2026-05-02 21:54:39,merchant_payment,out,697,M0078,Kacha Bazar Shop (Savar),merchant,grocery,groceries,groceries,1277,580,0,none,,,0
T0000570,D0003,shop_owner,2026-05-03 09:41:37,receive_money,in,431,01046134906,,person,none,income,,5956,6387,0,none,,,0
T0000571,D0003,shop_owner,2026-05-03 11:27:50,receive_money,in,329,01024580291,,person,none,income,,6387,6716,0,none,,,0
T0000572,D0003,shop_owner,2026-05-03 12:29:12,cash_out,out,3000,A0241,Agent point A0241,agent,none,cash_withdrawal,cash_withdrawal,6716,3716,0,none,,,0
T0000573,D0003,shop_owner,2026-05-03 13:35:52,receive_money,in,57,01094480371,,person,none,income,,3716,3773,0,none,,,0
T0000574,D0001,salaried,2026-05-03 15:22:08,send_money,out,15000,01075294314,Lima (landlord),person,none,rent,rent,41252,26252,0,none,,,0
T0000575,D0003,shop_owner,2026-05-03 17:07:25,receive_money,in,720,01044911078,,person,none,income,,3773,4493,0,none,,,0
T0000576,D0003,shop_owner,2026-05-03 17:28:17,receive_money,in,232,01049112123,,person,none,income,,4493,4725,0,none,,,0
T0000577,D0003,shop_owner,2026-05-03 17:31:15,receive_money,in,183,01075085458,,person,none,income,,4725,4908,0,none,,,0
T0000578,D0003,shop_owner,2026-05-03 18:04:29,cash_in,in,13500,A0241,Agent point A0241,agent,none,cash_in,,4908,18408,0,none,,,0
T0000579,D0003,shop_owner,2026-05-03 18:11:29,cash_out,out,14500,A0246,Agent point A0246,agent,none,cash_withdrawal,cash_withdrawal,18408,3908,0,none,,,0
T0000580,D0003,shop_owner,2026-05-03 19:59:11,receive_money,in,251,01082739686,,person,none,income,,3908,4159,0,none,,,0
T0000581,D0004,irregular,2026-05-03 20:14:05,send_money,out,350,01047084053,Nasrin (friend),person,none,personal_transfer,friend,580,230,0,none,,,0
T0000582,D0004,irregular,2026-05-03 20:47:30,receive_money,in,650,01061866158,Rubel (client),person,none,income,,230,880,0,none,,,0
T0000583,D0003,shop_owner,2026-05-03 21:05:12,receive_money,in,522,01085886278,,person,none,income,,4159,4681,0,none,,,0
T0000584,D0003,shop_owner,2026-05-03 22:35:08,receive_money,in,610,01020836621,,person,none,income,,4681,5291,0,none,,,0
T0000585,D0003,shop_owner,2026-05-03 22:52:30,receive_money,in,475,01038386474,,person,none,income,,5291,5766,0,none,,,0
T0000586,D0003,shop_owner,2026-05-04 08:06:02,receive_money,in,265,01040785333,,person,none,income,,5766,6031,0,none,,,0
T0000587,D0003,shop_owner,2026-05-04 09:47:02,receive_money,in,647,01020836621,,person,none,income,,6031,6678,0,none,,,0
T0000588,D0003,shop_owner,2026-05-04 09:50:39,receive_money,in,876,01028960200,,person,none,income,,6678,7554,0,none,,,0
T0000589,D0003,shop_owner,2026-05-04 10:59:03,receive_money,in,269,01050547305,,person,none,income,,7554,7823,0,none,,,0
T0000590,D0003,shop_owner,2026-05-04 11:11:23,receive_money,in,343,01097736508,,person,none,income,,7823,8166,0,none,,,0
T0000591,D0004,irregular,2026-05-04 12:09:37,cash_out,out,800,A0038,Agent point A0038,agent,none,cash_withdrawal,cash_withdrawal,880,80,0,none,,,0
T0000592,D0003,shop_owner,2026-05-04 13:07:54,receive_money,in,487,01008019715,,person,none,income,,8166,8653,0,none,,,0
T0000593,D0003,shop_owner,2026-05-04 15:57:08,receive_money,in,240,01001769515,,person,none,income,,8653,8893,0,none,,,0
T0000594,D0003,shop_owner,2026-05-04 16:41:43,receive_money,in,341,01090837255,,person,none,income,,8893,9234,0,none,,,0
T0000595,D0003,shop_owner,2026-05-04 16:53:05,merchant_payment,out,7174,M0453,Mohajon Supply (Chattogram),merchant,wholesale,business_supplies,business_supplies,9234,2060,0,none,,,0
T0000596,D0001,salaried,2026-05-04 19:13:53,merchant_payment,out,378,M0183,Tehari House (Uttara),merchant,restaurant,eating_out,eating_out,26252,25874,0,none,,,0
T0000597,D0003,shop_owner,2026-05-04 19:51:08,receive_money,in,347,01020836621,,person,none,income,,2060,2407,0,none,,,0
T0000598,D0002,student,2026-05-04 20:51:12,cash_in,in,500,A0036,Agent point A0036,agent,none,cash_in,,2,502,0,none,,,0
T0000599,D0002,student,2026-05-04 21:30:12,merchant_payment,out,199,M0189,Tehari House (Chattogram),merchant,restaurant,other,eating_out,502,303,0,none,,,0
T0000600,D0003,shop_owner,2026-05-05 06:41:28,receive_money,in,665,01081134987,,person,none,income,,2407,3072,0,none,,,0
T0000601,D0003,shop_owner,2026-05-05 08:54:47,receive_money,in,680,01005228036,,person,none,income,,3072,3752,0,none,,,0
T0000602,D0003,shop_owner,2026-05-05 09:41:20,mobile_recharge,out,100,OP-2,Operator B,operator,telecom,mobile_recharge,mobile_recharge,3752,3652,0,none,,,0
T0000603,D0004,irregular,2026-05-05 09:50:25,receive_money,in,1150,01093614877,Hasib (client),person,none,income,,80,1230,0,none,,,0
T0000604,D0001,salaried,2026-05-05 12:00:38,send_money,out,8000,01060431815,Sumaiya (family),person,none,family_support,family_support,25874,17874,0,none,,,0
T0000605,D0003,shop_owner,2026-05-05 12:55:07,cash_in,in,15500,A0241,Agent point A0241,agent,none,cash_in,,3652,19152,0,none,,,0
T0000606,D0003,shop_owner,2026-05-05 13:08:07,send_money,out,17500,01062734169,Shanto (landlord),person,none,rent,rent,19152,1652,0,none,,,0
T0000607,D0003,shop_owner,2026-05-05 13:15:07,receive_money,in,333,01081591650,,person,none,income,,1652,1985,0,none,,,0
T0000608,D0003,shop_owner,2026-05-05 13:36:33,receive_money,in,917,01091871870,,person,none,income,,1985,2902,0,none,,,0
T0000609,D0003,shop_owner,2026-05-05 14:49:20,receive_money,in,145,01097336150,,person,none,income,,2902,3047,0,none,,,0
T0000610,D0003,shop_owner,2026-05-05 15:13:23,receive_money,in,384,01059490530,,person,none,income,,3047,3431,0,none,,,0
T0000611,D0003,shop_owner,2026-05-05 15:22:32,receive_money,in,1202,01024520878,,person,none,income,,3431,4633,0,none,,,0
T0000612,D0003,shop_owner,2026-05-05 16:01:17,receive_money,in,401,01000059615,,person,none,income,,4633,5034,0,none,,,0
T0000613,D0003,shop_owner,2026-05-05 16:13:11,receive_money,in,224,01020730038,,person,none,income,,5034,5258,0,none,,,0
T0000614,D0004,irregular,2026-05-05 17:04:55,mobile_recharge,out,30,OP-3,Operator C,operator,telecom,mobile_recharge,mobile_recharge,1230,1200,0,none,,,0
T0000615,D0003,shop_owner,2026-05-05 17:10:08,send_money,out,650,01014602012,Poly (friend),person,none,personal_transfer,friend,5258,4608,0,none,,,0
T0000616,D0003,shop_owner,2026-05-05 17:58:42,receive_money,in,696,01043467755,,person,none,income,,4608,5304,0,none,,,0
T0000617,D0003,shop_owner,2026-05-05 18:41:37,receive_money,in,324,01052975083,,person,none,income,,5304,5628,0,none,,,0
T0000618,D0003,shop_owner,2026-05-05 19:13:35,receive_money,in,148,01010235796,,person,none,income,,5628,5776,0,none,,,0
T0000619,D0003,shop_owner,2026-05-05 19:37:14,receive_money,in,313,01096082887,,person,none,income,,5776,6089,0,none,,,0
T0000620,D0003,shop_owner,2026-05-05 19:46:54,send_money,out,4000,01062067985,Shirin (family),person,none,family_support,family_support,6089,2089,0,none,,,0
T0000621,D0003,shop_owner,2026-05-05 19:50:53,receive_money,in,386,01001769515,,person,none,income,,2089,2475,0,none,,,0
T0000622,D0003,shop_owner,2026-05-05 19:55:34,receive_money,in,361,01034423483,,person,none,income,,2475,2836,0,none,,,0
T0000623,D0003,shop_owner,2026-05-05 20:23:31,receive_money,in,1688,01072250355,,person,none,income,,2836,4524,0,none,,,0
T0000624,D0001,salaried,2026-05-05 21:57:42,merchant_payment,out,348,M0374,Arogya Medicine Corner (Dhanmondi),merchant,pharmacy,health,health,17874,17526,0,none,,,0
T0000625,D0002,student,2026-05-05 23:34:58,mobile_recharge,out,50,OP-2,Operator B,operator,telecom,mobile_recharge,mobile_recharge,303,253,0,none,,,0
T0000626,D0003,shop_owner,2026-05-06 07:29:28,merchant_payment,out,4434,M0453,Mohajon Supply (Chattogram),merchant,wholesale,business_supplies,business_supplies,4524,90,0,none,,,0
T0000627,D0003,shop_owner,2026-05-06 08:33:47,receive_money,in,615,01082651152,,person,none,income,,90,705,0,none,,,0
T0000628,D0003,shop_owner,2026-05-06 09:20:17,receive_money,in,323,01043896609,,person,none,income,,705,1028,0,none,,,0
T0000629,D0003,shop_owner,2026-05-06 12:26:25,receive_money,in,344,01065865736,,person,none,income,,1028,1372,0,none,,,0
T0000630,D0003,shop_owner,2026-05-06 14:24:53,receive_money,in,65,01028960200,,person,none,income,,1372,1437,0,none,,,0
T0000631,D0003,shop_owner,2026-05-06 14:27:31,receive_money,in,239,01070016667,,person,none,income,,1437,1676,0,none,,,0
T0000632,D0003,shop_owner,2026-05-06 16:58:29,receive_money,in,722,01056428355,,person,none,income,,1676,2398,0,none,,,0
T0000633,D0003,shop_owner,2026-05-06 17:52:22,receive_money,in,52,01084795265,,person,none,income,,2398,2450,0,none,,,0
T0000634,D0003,shop_owner,2026-05-06 18:28:50,receive_money,in,703,01032933416,,person,none,income,,2450,3153,0,none,,,0
T0000635,D0003,shop_owner,2026-05-06 19:01:00,receive_money,in,275,01041539468,,person,none,income,,3153,3428,0,none,,,0
T0000636,D0003,shop_owner,2026-05-06 20:35:19,receive_money,in,172,01028188072,,person,none,income,,3428,3600,0,none,,,0
T0000637,D0001,salaried,2026-05-06 21:42:07,merchant_payment,out,378,M0216,Khichuri Kitchen (Rajshahi),merchant,restaurant,eating_out,eating_out,17526,17148,0,none,,,0
T0000638,D0002,student,2026-05-06 23:27:19,mobile_recharge,out,100,OP-2,Operator B,operator,telecom,mobile_recharge,mobile_recharge,253,153,0,none,,,0
T0000639,D0004,irregular,2026-05-07 07:05:02,receive_money,in,1200,01051462347,,person,none,income,,1200,2400,0,none,,,0
T0000640,D0003,shop_owner,2026-05-07 09:45:43,receive_money,in,376,01057539044,,person,none,income,,3600,3976,0,none,,,0
T0000641,D0003,shop_owner,2026-05-07 10:48:53,receive_money,in,733,01081500092,,person,none,income,,3976,4709,0,none,,,0
T0000642,D0003,shop_owner,2026-05-07 11:17:43,receive_money,in,1813,01091871870,,person,none,income,,4709,6522,0,none,,,0
T0000643,D0003,shop_owner,2026-05-07 12:26:50,receive_money,in,769,01073438654,,person,none,income,,6522,7291,0,none,,,0
T0000644,D0003,shop_owner,2026-05-07 13:21:38,receive_money,in,427,01083499654,,person,none,income,,7291,7718,0,none,,,0
T0000645,D0003,shop_owner,2026-05-07 16:34:47,receive_money,in,668,01014404224,,person,none,income,,7718,8386,0,none,,,0
T0000646,D0003,shop_owner,2026-05-07 17:01:47,send_money,out,3700,01044146813,Babul (supplier),person,none,business_supplies,business,8386,4686,0,none,,,0
T0000647,D0003,shop_owner,2026-05-07 18:29:50,receive_money,in,1980,01081916253,,person,none,income,,4686,6666,0,none,,,0
T0000648,D0003,shop_owner,2026-05-07 18:36:08,receive_money,in,267,01063426755,,person,none,income,,6666,6933,0,none,,,0
T0000649,D0001,salaried,2026-05-07 19:50:44,merchant_payment,out,186,M0222,City Ride (Savar),merchant,transport,transport,transport,17148,16962,0,none,,,0
T0000650,D0003,shop_owner,2026-05-07 19:56:52,receive_money,in,306,01012396008,,person,none,income,,6933,7239,0,none,,,0
T0000651,D0003,shop_owner,2026-05-07 20:00:48,receive_money,in,162,01097864220,,person,none,income,,7239,7401,0,none,,,0
T0000652,D0003,shop_owner,2026-05-07 20:37:44,receive_money,in,285,01061613072,,person,none,income,,7401,7686,0,none,,,0
T0000653,D0003,shop_owner,2026-05-07 21:42:46,receive_money,in,557,01085318666,,person,none,income,,7686,8243,0,none,,,0
T0000654,D0002,student,2026-05-08 08:54:05,receive_money,in,13000,01090664167,Mamun (parent),person,none,income,,153,13153,0,none,,,0
T0000655,D0003,shop_owner,2026-05-08 11:03:24,receive_money,in,240,01056568535,,person,none,income,,8243,8483,0,none,,,0
T0000656,D0001,salaried,2026-05-08 11:47:22,bill_payment,out,1050,B-NET,FiberLink Internet,biller,utility,internet,internet,16962,15912,0,none,,,0
T0000657,D0003,shop_owner,2026-05-08 13:34:13,receive_money,in,377,01081500092,,person,none,income,,8483,8860,0,none,,,0
T0000658,D0004,irregular,2026-05-08 14:46:00,merchant_payment,out,90,M0163,Mishti Mukh (Gazipur),merchant,restaurant,eating_out,eating_out,2400,2310,0,none,,,0
T0000659,D0001,salaried,2026-05-08 14:53:06,merchant_payment,out,328,M0183,Tehari House (Uttara),merchant,restaurant,eating_out,eating_out,15912,15584,0,none,,,0
T0000660,D0003,shop_owner,2026-05-08 15:10:06,receive_money,in,1926,01029736050,,person,none,income,,8860,10786,0,none,,,0
T0000661,D0004,irregular,2026-05-08 15:56:57,mobile_recharge,out,50,OP-3,Operator C,operator,telecom,mobile_recharge,mobile_recharge,2310,2260,0,none,,,0
T0000662,D0003,shop_owner,2026-05-08 18:31:39,receive_money,in,487,01002678559,,person,none,income,,10786,11273,0,none,,,0
T0000663,D0004,irregular,2026-05-08 18:41:27,cash_out,out,1100,A0038,Agent point A0038,agent,none,cash_withdrawal,cash_withdrawal,2260,1160,0,none,,,0
T0000664,D0004,irregular,2026-05-08 19:53:54,send_money,out,800,01065813002,Sharmin (friend),person,none,other,friend,1160,360,0,none,,,0
T0000665,D0002,student,2026-05-08 21:37:53,cash_out,out,8500,A0036,Agent point A0036,agent,none,cash_withdrawal,cash_withdrawal,13153,4653,0,none,,,0
T0000666,D0003,shop_owner,2026-05-08 21:49:49,receive_money,in,832,01014099709,,person,none,income,,11273,12105,0,none,,,0
T0000667,D0003,shop_owner,2026-05-08 23:50:43,receive_money,in,742,01081500092,,person,none,income,,12105,12847,0,none,,,0
T0000668,D0003,shop_owner,2026-05-09 10:42:01,merchant_payment,out,12840,M0453,Mohajon Supply (Chattogram),merchant,wholesale,business_supplies,business_supplies,12847,7,0,none,,,0
T0000669,D0003,shop_owner,2026-05-09 11:08:44,receive_money,in,549,01052487256,,person,none,income,,7,556,0,none,,,0
T0000670,D0003,shop_owner,2026-05-09 12:15:11,receive_money,in,369,01018427318,,person,none,income,,556,925,0,none,,,0
T0000671,D0003,shop_owner,2026-05-09 12:55:28,receive_money,in,666,01073387105,,person,none,income,,925,1591,0,none,,,0
T0000672,D0001,salaried,2026-05-09 14:27:38,merchant_payment,out,364,M0104,Biryani Ghor (Narayanganj),merchant,restaurant,eating_out,eating_out,15584,15220,0,none,,,0
T0000673,D0002,student,2026-05-09 15:42:16,merchant_payment,out,141,M0151,Dhaba Express (Gazipur),merchant,restaurant,eating_out,eating_out,4653,4512,0,none,,,0
T0000674,D0003,shop_owner,2026-05-09 16:08:35,receive_money,in,514,01035377417,,person,none,income,,1591,2105,0,none,,,0
T0000675,D0002,student,2026-05-09 16:35:38,merchant_payment,out,96,M0151,Dhaba Express (Gazipur),merchant,restaurant,eating_out,eating_out,4512,4416,0,none,,,0
T0000676,D0003,shop_owner,2026-05-09 17:01:51,receive_money,in,645,01039722871,,person,none,income,,2105,2750,0,none,,,0
T0000677,D0003,shop_owner,2026-05-09 17:13:07,receive_money,in,917,01061413586,,person,none,income,,2750,3667,0,none,,,0
T0000678,D0001,salaried,2026-05-09 17:23:01,merchant_payment,out,519,M0064,Poribar Mart (Mohammadpur),merchant,grocery,groceries,groceries,15220,14701,0,none,,,0
T0000679,D0003,shop_owner,2026-05-09 18:04:22,receive_money,in,663,01028467125,,person,none,income,,3667,4330,0,none,,,0
T0000680,D0001,salaried,2026-05-09 18:17:26,merchant_payment,out,397,M0001,Shapla General Store (Mirpur),merchant,grocery,groceries,groceries,14701,14304,0,none,,,0
T0000681,D0003,shop_owner,2026-05-09 18:27:00,receive_money,in,514,01032113421,,person,none,income,,4330,4844,0,none,,,0
T0000682,D0004,irregular,2026-05-09 18:32:25,merchant_payment,out,104,M0221,City Ride (Banani),merchant,transport,transport,transport,360,256,0,none,,,0
T0000683,D0003,shop_owner,2026-05-09 19:33:10,receive_money,in,735,01098430572,,person,none,income,,4844,5579,0,none,,,0
T0000684,D0002,student,2026-05-09 20:21:18,merchant_payment,out,99,M0151,Dhaba Express (Gazipur),merchant,restaurant,eating_out,eating_out,4416,4317,0,none,,,0
T0000685,D0004,irregular,2026-05-09 20:21:32,receive_money,in,250,01060750274,Jahid (client),person,none,income,,256,506,0,none,,,0
T0000686,D0003,shop_owner,2026-05-09 20:21:52,cash_in,in,14000,A0241,Agent point A0241,agent,none,cash_in,,5579,19579,0,none,,,0
T0000687,D0003,shop_owner,2026-05-09 20:35:52,cash_out,out,17000,A0241,Agent point A0241,agent,none,cash_withdrawal,cash_withdrawal,19579,2579,0,none,,,0
T0000688,D0004,irregular,2026-05-09 21:44:32,mobile_recharge,out,100,OP-3,Operator C,operator,telecom,mobile_recharge,mobile_recharge,506,406,0,none,,,0
T0000689,D0003,shop_owner,2026-05-10 10:18:51,receive_money,in,395,01069678633,,person,none,income,,2579,2974,0,none,,,0
T0000690,D0004,irregular,2026-05-10 10:29:36,cash_in,in,1000,A0038,Agent point A0038,agent,none,cash_in,,406,1406,0,none,,,0
T0000691,D0004,irregular,2026-05-10 10:44:36,merchant_payment,out,708,M0012,Shapla General Store (Rajshahi),merchant,grocery,groceries,groceries,1406,698,0,none,,,0
T0000692,D0001,salaried,2026-05-10 11:35:55,merchant_payment,out,1049,M0347,Style Bazar (Khulna),merchant,online_shop,shopping,shopping,14304,13255,0,none,,,0
T0000693,D0003,shop_owner,2026-05-10 11:40:17,receive_money,in,874,01088189109,,person,none,income,,2974,3848,0,none,,,0
T0000694,D0003,shop_owner,2026-05-10 12:46:07,receive_money,in,147,01076135899,,person,none,income,,3848,3995,0,none,,,0
T0000695,D0001,salaried,2026-05-10 12:49:14,bill_payment,out,2676,B-ELEC,City Electric Supply,biller,utility,electricity,electricity,13255,10579,0,none,,,0
T0000696,D0003,shop_owner,2026-05-10 13:56:04,merchant_payment,out,1462,M0071,Poribar Mart (Khulna),merchant,grocery,groceries,groceries,3995,2533,0,none,,,0
T0000697,D0003,shop_owner,2026-05-10 18:30:24,receive_money,in,608,01092095935,,person,none,income,,2533,3141,0,none,,,0
T0000698,D0003,shop_owner,2026-05-10 18:30:29,cash_in,in,7000,A0241,Agent point A0241,agent,none,cash_in,,3141,10141,0,none,,,0
T0000699,D0003,shop_owner,2026-05-10 18:37:55,send_money,out,7000,01061394525,Arif (supplier),person,none,business_supplies,business,10141,3141,0,none,,,0
T0000700,D0003,shop_owner,2026-05-10 19:14:43,receive_money,in,313,01048623001,,person,none,income,,3141,3454,0,none,,,0
T0000701,D0003,shop_owner,2026-05-10 19:32:29,receive_money,in,254,01032933416,,person,none,income,,3454,3708,0,none,,,0
T0000702,D0003,shop_owner,2026-05-10 20:31:30,receive_money,in,91,01091871870,,person,none,income,,3708,3799,0,none,,,0
T0000703,D0003,shop_owner,2026-05-10 20:31:44,receive_money,in,1287,01049112123,,person,none,income,,3799,5086,0,none,,,0
T0000704,D0003,shop_owner,2026-05-10 20:31:49,cash_in,in,5500,A0241,Agent point A0241,agent,none,cash_in,,5086,10586,0,none,,,0
T0000705,D0003,shop_owner,2026-05-10 20:35:53,cash_out,out,10000,A0241,Agent point A0241,agent,none,cash_withdrawal,cash_withdrawal,10586,586,0,none,,,0
T0000706,D0003,shop_owner,2026-05-10 20:47:15,receive_money,in,1193,01048825204,,person,none,income,,586,1779,0,none,,,0
T0000707,D0003,shop_owner,2026-05-10 22:12:42,receive_money,in,814,01039487232,,person,none,income,,1779,2593,0,none,,,0
T0000708,D0004,irregular,2026-05-10 22:38:53,mobile_recharge,out,100,OP-3,Operator C,operator,telecom,mobile_recharge,mobile_recharge,698,598,0,none,,,0
T0000709,D0003,shop_owner,2026-05-10 23:31:48,receive_money,in,533,01046760488,,person,none,income,,2593,3126,0,none,,,0
T0000710,D0004,irregular,2026-05-10 23:47:16,receive_money,in,1100,01089754387,,person,none,income,,598,1698,0,none,,,0
T0000711,D0003,shop_owner,2026-05-10 23:52:10,receive_money,in,475,01088848456,,person,none,income,,3126,3601,0,none,,,0
T0000712,D0003,shop_owner,2026-05-11 08:46:57,receive_money,in,232,01020243879,,person,none,income,,3601,3833,0,none,,,0
T0000713,D0004,irregular,2026-05-11 09:24:16,merchant_payment,out,89,M0223,City Ride (Gazipur),merchant,transport,transport,transport,1698,1609,0,none,,,0
T0000714,D0004,irregular,2026-05-11 10:36:09,mobile_recharge,out,30,OP-3,Operator C,operator,telecom,mobile_recharge,mobile_recharge,1609,1579,0,none,,,0
T0000715,D0003,shop_owner,2026-05-11 11:01:21,receive_money,in,486,01061062476,,person,none,income,,3833,4319,0,none,,,0
T0000716,D0003,shop_owner,2026-05-11 11:52:14,receive_money,in,202,01091871870,,person,none,income,,4319,4521,0,none,,,0
T0000717,D0001,salaried,2026-05-11 12:27:13,send_money,out,1700,01015746624,Nipa (friend),person,none,personal_transfer,friend,10579,8879,0,none,,,0
T0000718,D0003,shop_owner,2026-05-11 14:05:59,receive_money,in,1008,01001916032,,person,none,income,,4521,5529,0,none,,,0
T0000719,D0001,salaried,2026-05-11 16:45:09,send_money,out,1800,01015746624,Nipa (friend),person,none,personal_transfer,friend,8879,7079,0,none,,,0
T0000720,D0003,shop_owner,2026-05-11 17:28:34,receive_money,in,265,01069023383,,person,none,income,,5529,5794,0,none,,,0
T0000721,D0003,shop_owner,2026-05-11 17:50:22,receive_money,in,561,01029508224,,person,none,income,,5794,6355,0,none,,,0
T0000722,D0001,salaried,2026-05-11 17:51:06,merchant_payment,out,619,M0003,Shapla General Store (Uttara),merchant,grocery,groceries,groceries,7079,6460,0,none,,,0
T0000723,D0003,shop_owner,2026-05-11 19:04:55,receive_money,in,241,01008118314,,person,none,income,,6355,6596,0,none,,,0
T0000724,D0003,shop_owner,2026-05-11 19:43:51,receive_money,in,230,01044196373,,person,none,income,,6596,6826,0,none,,,0
T0000725,D0003,shop_owner,2026-05-11 20:04:33,receive_money,in,555,01081500092,,person,none,income,,6826,7381,0,none,,,0
T0000726,D0001,salaried,2026-05-11 20:05:27,merchant_payment,out,282,M0001,Shapla General Store (Mirpur),merchant,grocery,groceries,groceries,6460,6178,0,none,,,0
T0000727,D0004,irregular,2026-05-11 20:12:31,receive_money,in,1850,01060750274,Jahid (client),person,none,income,,1579,3429,0,none,,,0
T0000728,D0003,shop_owner,2026-05-11 20:47:10,receive_money,in,453,01081500092,,person,none,income,,7381,7834,0,none,,,0
T0000729,D0003,shop_owner,2026-05-11 21:49:02,receive_money,in,303,01089641593,,person,none,income,,7834,8137,0,none,,,0
T0000730,D0004,irregular,2026-05-11 21:59:22,merchant_payment,out,107,M0223,City Ride (Gazipur),merchant,transport,transport,transport,3429,3322,0,none,,,0
T0000731,D0001,salaried,2026-05-11 22:53:02,merchant_payment,out,352,M0216,Khichuri Kitchen (Rajshahi),merchant,restaurant,eating_out,eating_out,6178,5826,0,none,,,0
T0000732,D0004,irregular,2026-05-11 23:31:06,cash_out,out,1000,A0239,Agent point A0239,agent,none,cash_withdrawal,cash_withdrawal,3322,2322,0,none,,,0
T0000733,D0003,shop_owner,2026-05-12 08:02:47,receive_money,in,157,01001769515,,person,none,income,,8137,8294,0,none,,,0
T0000734,D0004,irregular,2026-05-12 08:42:44,merchant_payment,out,75,M0221,City Ride (Banani),merchant,transport,transport,transport,2322,2247,0,none,,,0
T0000735,D0002,student,2026-05-12 09:33:43,merchant_payment,out,212,M0151,Dhaba Express (Gazipur),merchant,restaurant,eating_out,eating_out,4317,4105,0,none,,,0
T0000736,D0003,shop_owner,2026-05-12 09:42:10,receive_money,in,879,01040606424,,person,none,income,,8294,9173,0,none,,,0
T0000737,D0001,salaried,2026-05-12 12:00:45,bill_payment,out,3000,B-DPS,Shonchoy DPS,biller,bank,savings,savings,5826,2826,0,none,,,0
T0000738,D0002,student,2026-05-12 14:57:11,mobile_recharge,out,100,OP-2,Operator B,operator,telecom,mobile_recharge,mobile_recharge,4105,4005,0,none,,,0
T0000739,D0003,shop_owner,2026-05-12 17:31:45,receive_money,in,1068,01053752328,,person,none,income,,9173,10241,0,none,,,0
T0000740,D0003,shop_owner,2026-05-12 18:36:32,receive_money,in,83,01069830699,,person,none,income,,10241,10324,0,none,,,0
T0000741,D0004,irregular,2026-05-12 18:53:08,cash_out,out,1100,A0239,Agent point A0239,agent,none,cash_withdrawal,cash_withdrawal,2247,1147,0,none,,,0
T0000742,D0002,student,2026-05-12 19:18:00,receive_money,in,4500,01026757907,Rakib (client),person,none,income,,4005,8505,0,none,,,0
T0000743,D0003,shop_owner,2026-05-12 20:20:14,receive_money,in,276,01068929778,,person,none,income,,10324,10600,0,none,,,0
T0000744,D0003,shop_owner,2026-05-12 20:21:52,receive_money,in,237,01084098642,,person,none,income,,10600,10837,0,none,,,0
T0000745,D0003,shop_owner,2026-05-13 08:23:24,receive_money,in,308,01081500092,,person,none,income,,10837,11145,0,none,,,0
T0000746,D0003,shop_owner,2026-05-13 08:33:59,send_money,out,4600,01044146813,Babul (supplier),person,none,business_supplies,business,11145,6545,0,none,,,0
T0000747,D0001,salaried,2026-05-13 10:19:12,merchant_payment,out,723,M0064,Poribar Mart (Mohammadpur),merchant,grocery,groceries,groceries,2826,2103,0,none,,,0
T0000748,D0004,irregular,2026-05-13 10:48:04,cash_out,out,1000,A0038,Agent point A0038,agent,none,cash_withdrawal,cash_withdrawal,1147,147,0,none,,,0
T0000749,D0003,shop_owner,2026-05-13 10:55:45,receive_money,in,425,01059801481,,person,none,income,,6545,6970,0,none,,,0
T0000750,D0004,irregular,2026-05-13 12:05:40,receive_money,in,850,01061866158,Rubel (client),person,none,income,,147,997,0,none,,,0
T0000751,D0003,shop_owner,2026-05-13 12:15:10,receive_money,in,264,01047911913,,person,none,income,,6970,7234,0,none,,,0
T0000752,D0003,shop_owner,2026-05-13 13:15:11,receive_money,in,371,01065311301,,person,none,income,,7234,7605,0,none,,,0
T0000753,D0003,shop_owner,2026-05-13 15:06:12,receive_money,in,674,01014033484,,person,none,income,,7605,8279,0,none,,,0
T0000754,D0002,student,2026-05-13 16:27:53,merchant_payment,out,81,M0272,Launch Ticket Desk (Narayanganj),merchant,transport,transport,transport,8505,8424,0,none,,,0
T0000755,D0003,shop_owner,2026-05-13 17:38:41,cash_in,in,16000,A0241,Agent point A0241,agent,none,cash_in,,8279,24279,0,none,,,0
T0000756,D0002,student,2026-05-13 17:45:39,merchant_payment,out,51,M0258,Jatri Ride (Savar),merchant,transport,transport,transport,8424,8373,0,none,,,0
T0000757,D0003,shop_owner,2026-05-13 17:52:41,cash_out,out,17500,A0124,Agent point A0124,agent,none,cash_withdrawal,cash_withdrawal,24279,6779,0,none,,,0
T0000758,D0003,shop_owner,2026-05-13 18:10:09,receive_money,in,178,01062533350,,person,none,income,,6779,6957,0,none,,,0
T0000759,D0003,shop_owner,2026-05-13 18:37:34,receive_money,in,328,01009619679,,person,none,income,,6957,7285,0,none,,,0
T0000760,D0003,shop_owner,2026-05-13 19:00:49,bill_payment,out,1190,B-NET,FiberLink Internet,biller,utility,internet,internet,7285,6095,0,none,,,0
T0000761,D0004,irregular,2026-05-13 19:01:53,merchant_payment,out,814,M0012,Shapla General Store (Rajshahi),merchant,grocery,groceries,groceries,997,183,0,none,,,0
T0000762,D0003,shop_owner,2026-05-13 19:12:05,receive_money,in,1488,01008977631,,person,none,income,,6095,7583,0,none,,,0
T0000763,D0003,shop_owner,2026-05-13 19:25:18,receive_money,in,690,01048959451,,person,none,income,,7583,8273,0,none,,,0
T0000764,D0003,shop_owner,2026-05-13 19:34:20,receive_money,in,756,01081500092,,person,none,income,,8273,9029,0,none,,,0
T0000765,D0001,salaried,2026-05-13 19:44:38,merchant_payment,out,233,M0271,Launch Ticket Desk (Gazipur),merchant,transport,transport,transport,2103,1870,0,none,,,0
T0000766,D0001,salaried,2026-05-13 21:31:47,merchant_payment,out,296,M0131,Kabab Corner (Khulna),merchant,restaurant,eating_out,eating_out,1870,1574,0,none,,,0
T0000767,D0003,shop_owner,2026-05-13 22:13:59,receive_money,in,185,01073387105,,person,none,income,,9029,9214,0,none,,,0
T0000768,D0003,shop_owner,2026-05-13 22:51:50,receive_money,in,279,01044760285,,person,none,income,,9214,9493,0,none,,,0
T0000769,D0002,student,2026-05-13 23:14:44,merchant_payment,out,175,M0142,Bhorta Bari (Sylhet),merchant,restaurant,eating_out,eating_out,8373,8198,0,none,,,0
T0000770,D0003,shop_owner,2026-05-13 23:16:16,receive_money,in,270,01063735383,,person,none,income,,9493,9763,0,none,,,0
T0000771,D0003,shop_owner,2026-05-13 23:54:50,receive_money,in,952,01047752703,,person,none,income,,9763,10715,0,none,,,0
T0000772,D0003,shop_owner,2026-05-14 08:25:50,receive_money,in,507,01062867408,,person,none,income,,10715,11222,0,none,,,0
T0000773,D0002,student,2026-05-14 09:16:26,merchant_payment,out,144,M0258,Jatri Ride (Savar),merchant,transport,transport,transport,8198,8054,0,none,,,0
T0000774,D0002,student,2026-05-14 09:49:00,merchant_payment,out,207,M0191,Tehari House (Khulna),merchant,restaurant,eating_out,eating_out,8054,7847,0,none,,,0
T0000775,D0003,shop_owner,2026-05-14 11:22:40,receive_money,in,184,01091871870,,person,none,income,,11222,11406,0,none,,,0
T0000776,D0003,shop_owner,2026-05-14 12:36:55,bill_payment,out,3479,B-ELEC,City Electric Supply,biller,utility,electricity,electricity,11406,7927,0,none,,,0
T0000777,D0003,shop_owner,2026-05-14 13:55:19,receive_money,in,394,01068277808,,person,none,income,,7927,8321,0,none,,,0
T0000778,D0003,shop_owner,2026-05-14 16:02:57,receive_money,in,552,01013503147,,person,none,income,,8321,8873,0,none,,,0
T0000779,D0001,salaried,2026-05-14 16:27:25,merchant_payment,out,836,M0001,Shapla General Store (Mirpur),merchant,grocery,other,groceries,1574,738,0,none,,,0
T0000780,D0003,shop_owner,2026-05-14 16:35:56,receive_money,in,476,01008463855,,person,none,income,,8873,9349,0,none,,,0
T0000781,D0003,shop_owner,2026-05-14 17:13:36,receive_money,in,122,01064235867,,person,none,income,,9349,9471,0,none,,,0
T0000782,D0001,salaried,2026-05-14 17:16:15,merchant_payment,out,467,M0001,Shapla General Store (Mirpur),merchant,grocery,groceries,groceries,738,271,0,none,,,0
T0000783,D0003,shop_owner,2026-05-14 18:36:58,receive_money,in,281,01006535604,,person,none,income,,9471,9752,0,none,,,0
T0000784,D0003,shop_owner,2026-05-14 20:10:55,receive_money,in,184,01006646600,,person,none,income,,9752,9936,0,none,,,0
T0000785,D0002,student,2026-05-14 22:29:33,merchant_payment,out,236,M0191,Tehari House (Khulna),merchant,restaurant,eating_out,eating_out,7847,7611,0,none,,,0
T0000786,D0003,shop_owner,2026-05-15 06:18:05,receive_money,in,813,01043230729,,person,none,income,,9936,10749,0,none,,,0
T0000787,D0003,shop_owner,2026-05-15 09:31:43,receive_money,in,372,01073387105,,person,none,income,,10749,11121,0,none,,,0
T0000788,D0003,shop_owner,2026-05-15 11:51:52,receive_money,in,187,01025259056,,person,none,income,,11121,11308,0,none,,,0
T0000789,D0003,shop_owner,2026-05-15 11:57:51,receive_money,in,369,01094480371,,person,none,income,,11308,11677,0,none,,,0
T0000790,D0003,shop_owner,2026-05-15 12:25:48,receive_money,in,853,01023842148,,person,none,income,,11677,12530,0,none,,,0
T0000791,D0003,shop_owner,2026-05-15 13:08:26,receive_money,in,241,01011426480,,person,none,income,,12530,12771,0,none,,,0
T0000792,D0003,shop_owner,2026-05-15 13:14:20,receive_money,in,425,01060608369,,person,none,income,,12771,13196,0,none,,,0
T0000793,D0001,salaried,2026-05-15 14:14:48,cash_in,in,500,A0090,Agent point A0090,agent,none,cash_in,,271,771,0,none,,,0
T0000794,D0001,salaried,2026-05-15 14:33:48,merchant_payment,out,400,M0216,Khichuri Kitchen (Rajshahi),merchant,restaurant,eating_out,eating_out,771,371,0,none,,,0
T0000795,D0004,irregular,2026-05-15 16:03:17,receive_money,in,650,01060750274,Jahid (client),person,none,income,,183,833,0,none,,,0
T0000796,D0003,shop_owner,2026-05-15 16:11:38,receive_money,in,512,01006491960,,person,none,income,,13196,13708,0,none,,,0
T0000797,D0003,shop_owner,2026-05-15 16:35:40,receive_money,in,313,01095669303,,person,none,income,,13708,14021,0,none,,,0
T0000798,D0003,shop_owner,2026-05-15 17:14:34,receive_money,in,109,01001769515,,person,none,income,,14021,14130,0,none,,,0
T0000799,D0001,salaried,2026-05-15 17:38:30,cash_in,in,2500,A0130,Agent point A0130,agent,none,cash_in,,371,2871,0,none,,,0
T0000800,D0003,shop_owner,2026-05-15 17:50:02,receive_money,in,2644,01061281199,,person,none,income,,14130,16774,0,none,,,0
T0000801,D0001,salaried,2026-05-15 18:12:30,bill_payment,out,1080,B-GAS,Metro Gas,biller,utility,gas,gas,2871,1791,0,none,,,0
T0000802,D0002,student,2026-05-15 19:00:03,merchant_payment,out,111,M0272,Launch Ticket Desk (Narayanganj),merchant,transport,transport,transport,7611,7500,0,none,,,0
T0000803,D0003,shop_owner,2026-05-15 21:24:54,receive_money,in,117,01061893172,,person,none,income,,16774,16891,0,none,,,0
T0000804,D0002,student,2026-05-15 21:48:54,merchant_payment,out,184,M0151,Dhaba Express (Gazipur),merchant,restaurant,eating_out,eating_out,7500,7316,0,none,,,0
T0000805,D0003,shop_owner,2026-05-16 07:53:28,receive_money,in,326,01085772017,,person,none,income,,16891,17217,0,none,,,0
T0000806,D0003,shop_owner,2026-05-16 08:07:03,receive_money,in,424,01058640588,,person,none,income,,17217,17641,0,none,,,0
T0000807,D0003,shop_owner,2026-05-16 08:09:11,receive_money,in,550,01015774693,,person,none,income,,17641,18191,0,none,,,0
T0000808,D0001,salaried,2026-05-16 08:21:35,merchant_payment,out,110,M0226,City Ride (Sylhet),merchant,transport,transport,transport,1791,1681,0,none,,,0
T0000809,D0003,shop_owner,2026-05-16 08:28:57,receive_money,in,371,01037899510,,person,none,income,,18191,18562,0,none,,,0
T0000810,D0003,shop_owner,2026-05-16 11:19:05,receive_money,in,690,01026772029,,person,none,income,,18562,19252,0,none,,,0
T0000811,D0003,shop_owner,2026-05-16 11:39:47,receive_money,in,873,01044421570,,person,none,income,,19252,20125,0,none,,,0
T0000812,D0003,shop_owner,2026-05-16 14:09:28,receive_money,in,256,01006535604,,person,none,income,,20125,20381,0,none,,,0
T0000813,D0003,shop_owner,2026-05-16 17:02:27,receive_money,in,94,01051285383,,person,none,income,,20381,20475,0,none,,,0
T0000814,D0003,shop_owner,2026-05-16 17:41:01,receive_money,in,232,01095853422,,person,none,income,,20475,20707,0,none,,,0
T0000815,D0003,shop_owner,2026-05-16 18:09:08,receive_money,in,147,01079247130,,person,none,income,,20707,20854,0,none,,,0
T0000816,D0004,irregular,2026-05-16 19:26:32,cash_in,in,1000,A0038,Agent point A0038,agent,none,cash_in,,833,1833,0,none,,,0
T0000817,D0001,salaried,2026-05-16 19:31:26,cash_in,in,1500,A0130,Agent point A0130,agent,none,cash_in,,1681,3181,0,none,,,0
T0000818,D0001,salaried,2026-05-16 19:55:26,send_money,out,1700,01001524554,,person,none,personal_transfer,friend,3181,1481,0,none,,,0
T0000819,D0004,irregular,2026-05-16 20:01:32,cash_out,out,1200,A0038,Agent point A0038,agent,none,cash_withdrawal,cash_withdrawal,1833,633,0,none,,,0
T0000820,D0001,salaried,2026-05-16 20:48:31,merchant_payment,out,364,M0216,Khichuri Kitchen (Rajshahi),merchant,restaurant,eating_out,eating_out,1481,1117,0,none,,,0
T0000821,D0001,salaried,2026-05-16 20:48:36,cash_in,in,3000,A0130,Agent point A0130,agent,none,cash_in,,1117,4117,0,none,,,0
T0000822,D0001,salaried,2026-05-16 20:58:43,send_money,out,1900,01066090623,,person,none,personal_transfer,friend,4117,2217,0,none,,,0
T0000823,D0004,irregular,2026-05-16 21:55:59,receive_money,in,1200,01061866158,Rubel (client),person,none,income,,633,1833,0,none,,,0
T0000824,D0003,shop_owner,2026-05-16 22:21:54,receive_money,in,1040,01077499467,,person,none,income,,20854,21894,0,none,,,0
T0000825,D0003,shop_owner,2026-05-16 23:39:24,receive_money,in,803,01030344465,,person,none,income,,21894,22697,0,none,,,0
T0000826,D0003,shop_owner,2026-05-17 09:58:19,receive_money,in,1361,01006645322,,person,none,income,,22697,24058,0,none,,,0
T0000827,D0003,shop_owner,2026-05-17 10:40:07,receive_money,in,471,01017082661,,person,none,income,,24058,24529,0,none,,,0
T0000828,D0003,shop_owner,2026-05-17 11:28:49,receive_money,in,473,01045031797,,person,none,income,,24529,25002,0,none,,,0
T0000829,D0003,shop_owner,2026-05-17 11:56:39,receive_money,in,327,01029947311,,person,none,income,,25002,25329,0,none,,,0
T0000830,D0002,student,2026-05-17 12:07:10,merchant_payment,out,1902,M0415,City College Accounts (Gazipur),merchant,education,education,education,7316,5414,0,none,,,0
T0000831,D0003,shop_owner,2026-05-17 13:28:15,receive_money,in,738,01014033484,,person,none,income,,25329,26067,0,none,,,0
T0000832,D0002,student,2026-05-17 14:39:45,cash_out,out,2500,A0063,Agent point A0063,agent,none,cash_withdrawal,cash_withdrawal,5414,2914,0,none,,,0
T0000833,D0004,irregular,2026-05-17 15:19:42,merchant_payment,out,115,M0163,Mishti Mukh (Gazipur),merchant,restaurant,eating_out,eating_out,1833,1718,0,none,,,0
T0000834,D0003,shop_owner,2026-05-17 15:35:18,cash_out,out,12000,A0246,Agent point A0246,agent,none,cash_withdrawal,cash_withdrawal,26067,14067,0,none,,,0
T0000835,D0003,shop_owner,2026-05-17 15:43:52,receive_money,in,575,01047479472,,person,none,income,,14067,14642,0,none,,,0
T0000836,D0003,shop_owner,2026-05-17 17:30:17,receive_money,in,324,01061059133,,person,none,income,,14642,14966,0,none,,,0
T0000837,D0003,shop_owner,2026-05-17 17:55:39,receive_money,in,214,01020836621,,person,none,income,,14966,15180,0,none,,,0
T0000838,D0004,irregular,2026-05-17 18:07:21,receive_money,in,1400,01060750274,Jahid (client),person,none,income,,1718,3118,0,none,,,0
T0000839,D0003,shop_owner,2026-05-17 19:22:17,receive_money,in,480,01045737483,,person,none,income,,15180,15660,0,none,,,0
T0000840,D0003,shop_owner,2026-05-17 20:14:32,cash_out,out,8000,A0145,Agent point A0145,agent,none,cash_withdrawal,cash_withdrawal,15660,7660,0,none,,,0
T0000841,D0003,shop_owner,2026-05-17 21:06:36,receive_money,in,674,01019969899,,person,none,income,,7660,8334,0,none,,,0
T0000842,D0003,shop_owner,2026-05-17 21:29:08,receive_money,in,135,01019566516,,person,none,income,,8334,8469,0,none,,,0
T0000843,D0003,shop_owner,2026-05-17 22:55:25,receive_money,in,599,01029011764,,person,none,income,,8469,9068,0,none,,,0
T0000844,D0002,student,2026-05-18 11:25:54,cash_out,out,1200,A0036,Agent point A0036,agent,none,cash_withdrawal,cash_withdrawal,2914,1714,0,none,,,0
T0000845,D0002,student,2026-05-18 13:21:59,merchant_payment,out,391,M0191,Tehari House (Khulna),merchant,restaurant,eating_out,eating_out,1714,1323,0,none,,,0
T0000846,D0003,shop_owner,2026-05-18 13:59:09,receive_money,in,324,01028960200,,person,none,income,,9068,9392,0,none,,,0
T0000847,D0001,salaried,2026-05-18 14:32:50,merchant_payment,out,370,M0131,Kabab Corner (Khulna),merchant,restaurant,eating_out,eating_out,2217,1847,0,none,,,0
T0000848,D0003,shop_owner,2026-05-18 15:07:44,receive_money,in,1824,01023570173,,person,none,income,,9392,11216,0,none,,,0
T0000849,D0003,shop_owner,2026-05-18 17:18:49,receive_money,in,320,01052455927,,person,none,income,,11216,11536,0,none,,,0
T0000850,D0003,shop_owner,2026-05-18 17:52:16,receive_money,in,388,01032933416,,person,none,income,,11536,11924,0,none,,,0
T0000851,D0003,shop_owner,2026-05-18 18:07:32,receive_money,in,778,01068641412,,person,none,income,,11924,12702,0,none,,,0
T0000852,D0003,shop_owner,2026-05-18 18:10:37,receive_money,in,310,01000059615,,person,none,income,,12702,13012,0,none,,,0
T0000853,D0001,salaried,2026-05-18 18:24:28,merchant_payment,out,193,M0268,Launch Ticket Desk (Mohammadpur),merchant,transport,transport,transport,1847,1654,0,none,,,0
T0000854,D0003,shop_owner,2026-05-18 18:25:14,merchant_payment,out,53,M0262,Jatri Ride (Sylhet),merchant,transport,transport,transport,13012,12959,0,none,,,0
T0000855,D0002,student,2026-05-18 20:14:54,send_money,out,900,01017836566,,person,none,shopping,purchase,1323,423,0,none,,,0
T0000856,D0002,student,2026-05-18 20:50:53,merchant_payment,out,157,M0189,Tehari House (Chattogram),merchant,restaurant,eating_out,eating_out,423,266,0,none,,,0
T0000857,D0003,shop_owner,2026-05-18 20:59:43,receive_money,in,243,01061306910,,person,none,income,,12959,13202,0,none,,,0
T0000858,D0003,shop_owner,2026-05-18 21:31:23,cash_out,out,8000,A0246,Agent point A0246,agent,none,cash_withdrawal,cash_withdrawal,13202,5202,0,none,,,0
T0000859,D0003,shop_owner,2026-05-19 07:23:59,receive_money,in,398,01045808916,,person,none,income,,5202,5600,0,none,,,0
T0000860,D0001,salaried,2026-05-19 09:39:06,merchant_payment,out,136,M0268,Launch Ticket Desk (Mohammadpur),merchant,transport,transport,transport,1654,1518,0,none,,,0
T0000861,D0003,shop_owner,2026-05-19 09:58:46,receive_money,in,142,01091871870,,person,none,income,,5600,5742,0,none,,,0
T0000862,D0003,shop_owner,2026-05-19 13:34:05,merchant_payment,out,246,M0262,Jatri Ride (Sylhet),merchant,transport,transport,transport,5742,5496,0,none,,,0
T0000863,D0003,shop_owner,2026-05-19 14:27:26,merchant_payment,out,649,M0107,Biryani Ghor (Khulna),merchant,restaurant,eating_out,eating_out,5496,4847,0,none,,,0
T0000864,D0003,shop_owner,2026-05-19 17:42:16,receive_money,in,97,01048603993,,person,none,income,,4847,4944,0,none,,,0
T0000865,D0003,shop_owner,2026-05-19 18:15:54,receive_money,in,601,01050927993,,person,none,income,,4944,5545,0,none,,,0
T0000866,D0002,student,2026-05-19 18:27:52,merchant_payment,out,56,M0258,Jatri Ride (Savar),merchant,transport,transport,transport,266,210,0,none,,,0
T0000867,D0003,shop_owner,2026-05-19 18:36:46,receive_money,in,267,01002466479,,person,none,income,,5545,5812,0,none,,,0
T0000868,D0003,shop_owner,2026-05-19 19:14:53,receive_money,in,1921,01028960200,,person,none,income,,5812,7733,0,none,,,0
T0000869,D0003,shop_owner,2026-05-19 21:00:57,cash_in,in,8500,A0241,Agent point A0241,agent,none,cash_in,,7733,16233,0,none,,,0
T0000870,D0003,shop_owner,2026-05-19 21:18:57,merchant_payment,out,9987,M0459,Bikroy Distributors (Uttara),merchant,wholesale,business_supplies,business_supplies,16233,6246,0,none,,,0
T0000871,D0003,shop_owner,2026-05-19 21:46:09,receive_money,in,208,01000059615,,person,none,income,,6246,6454,0,none,,,0
T0000872,D0003,shop_owner,2026-05-19 22:58:58,receive_money,in,336,01045198665,,person,none,income,,6454,6790,0,none,,,0
T0000873,D0003,shop_owner,2026-05-20 08:53:15,receive_money,in,310,01026458161,,person,none,income,,6790,7100,0,none,,,0
T0000874,D0003,shop_owner,2026-05-20 09:32:23,receive_money,in,240,01020836621,,person,none,income,,7100,7340,0,none,,,0
T0000875,D0003,shop_owner,2026-05-20 10:11:29,receive_money,in,885,01028960200,,person,none,income,,7340,8225,0,none,,,0
T0000876,D0003,shop_owner,2026-05-20 10:18:36,receive_money,in,678,01073961826,,person,none,income,,8225,8903,0,none,,,0
T0000877,D0003,shop_owner,2026-05-20 11:04:55,receive_money,in,568,01014033484,,person,none,income,,8903,9471,0,none,,,0
T0000878,D0003,shop_owner,2026-05-20 11:30:00,receive_money,in,170,01015055739,,person,none,income,,9471,9641,0,none,,,0
T0000879,D0002,student,2026-05-20 12:39:58,merchant_payment,out,65,M0272,Launch Ticket Desk (Narayanganj),merchant,transport,transport,transport,210,145,0,none,,,0
T0000880,D0001,salaried,2026-05-20 14:01:15,merchant_payment,out,379,M0131,Kabab Corner (Khulna),merchant,restaurant,eating_out,eating_out,1518,1139,0,none,,,0
T0000881,D0003,shop_owner,2026-05-20 14:38:02,receive_money,in,503,01001769515,,person,none,income,,9641,10144,0,none,,,0
T0000882,D0003,shop_owner,2026-05-20 15:51:30,receive_money,in,211,01011525096,,person,none,income,,10144,10355,0,none,,,0
T0000883,D0004,irregular,2026-05-20 16:30:46,cash_in,in,1500,A0038,Agent point A0038,agent,none,cash_in,,3118,4618,0,none,,,0
T0000884,D0001,salaried,2026-05-20 17:01:33,merchant_payment,out,122,M0268,Launch Ticket Desk (Mohammadpur),merchant,transport,transport,transport,1139,1017,0,none,,,0
T0000885,D0004,irregular,2026-05-20 17:09:46,send_money,out,4100,01037459710,Ruma (family),person,none,family_support,family_support,4618,518,0,none,,,0
T0000886,D0003,shop_owner,2026-05-20 17:54:31,receive_money,in,248,01022026761,,person,none,income,,10355,10603,0,none,,,0
T0000887,D0002,student,2026-05-20 18:21:20,merchant_payment,out,140,M0151,Dhaba Express (Gazipur),merchant,restaurant,eating_out,eating_out,145,5,0,none,,,0
T0000888,D0004,irregular,2026-05-20 19:05:52,receive_money,in,800,01060750274,Jahid (client),person,none,income,,518,1318,0,none,,,0
T0000889,D0004,irregular,2026-05-20 19:11:55,merchant_payment,out,253,M0078,Kacha Bazar Shop (Savar),merchant,grocery,groceries,groceries,1318,1065,0,none,,,0
T0000890,D0001,salaried,2026-05-20 19:54:08,bill_payment,out,637,B-WATER,City Water Authority,biller,utility,water,water,1017,380,0,none,,,0
T0000891,D0003,shop_owner,2026-05-20 20:16:28,receive_money,in,252,01023102704,,person,none,income,,10603,10855,0,none,,,0
T0000892,D0001,salaried,2026-05-20 22:15:09,cash_in,in,12000,A0212,Agent point A0212,agent,none,cash_in,,380,12380,0,none,,,0
T0000893,D0001,salaried,2026-05-20 22:52:09,send_money,out,10500,01060431815,Sumaiya (family),person,none,family_support,family_support,12380,1880,0,none,,,0
T0000894,D0003,shop_owner,2026-05-21 09:41:37,receive_money,in,165,01095139855,,person,none,income,,10855,11020,0,none,,,0
T0000895,D0003,shop_owner,2026-05-21 10:46:20,receive_money,in,154,01098389866,,person,none,income,,11020,11174,0,none,,,0
T0000896,D0003,shop_owner,2026-05-21 11:06:45,receive_money,in,1211,01017275047,,person,none,income,,11174,12385,0,none,,,0
T0000897,D0003,shop_owner,2026-05-21 11:56:58,receive_money,in,123,01062081291,,person,none,income,,12385,12508,0,none,,,0
T0000898,D0003,shop_owner,2026-05-21 12:14:04,receive_money,in,233,01097945665,,person,none,income,,12508,12741,0,none,,,0
T0000899,D0004,irregular,2026-05-21 13:38:28,receive_money,in,350,01061866158,Rubel (client),person,none,income,,1065,1415,0,none,,,0
T0000900,D0003,shop_owner,2026-05-21 13:47:33,receive_money,in,780,01073387105,,person,none,income,,12741,13521,0,none,,,0
T0000901,D0001,salaried,2026-05-21 14:13:47,merchant_payment,out,1367,M0347,Style Bazar (Khulna),merchant,online_shop,shopping,shopping,1880,513,0,none,,,0
T0000902,D0003,shop_owner,2026-05-21 14:49:18,merchant_payment,out,639,M0018,Notun Bazar Mart (Savar),merchant,grocery,groceries,groceries,13521,12882,0,none,,,0
T0000903,D0003,shop_owner,2026-05-21 15:40:17,receive_money,in,585,01020836621,,person,none,income,,12882,13467,0,none,,,0
T0000904,D0003,shop_owner,2026-05-21 16:13:37,receive_money,in,857,01085046580,,person,none,income,,13467,14324,0,none,,,0
T0000905,D0001,salaried,2026-05-21 19:20:40,merchant_payment,out,503,M0001,Shapla General Store (Mirpur),merchant,grocery,groceries,groceries,513,10,0,none,,,0
T0000906,D0003,shop_owner,2026-05-21 19:29:51,receive_money,in,1129,01073387105,,person,none,income,,14324,15453,0,none,,,0
T0000907,D0003,shop_owner,2026-05-21 20:34:16,receive_money,in,716,01016543818,,person,none,income,,15453,16169,0,none,,,0
T0000908,D0004,irregular,2026-05-21 21:14:52,receive_money,in,350,01060750274,Jahid (client),person,none,income,,1415,1765,0,none,,,0
T0000909,D0003,shop_owner,2026-05-22 09:14:47,send_money,out,11500,01028951418,Faisal (supplier),person,none,business_supplies,business,16169,4669,0,none,,,0
T0000910,D0001,salaried,2026-05-22 10:27:51,cash_in,in,1500,A0130,Agent point A0130,agent,none,cash_in,,10,1510,0,none,,,0
T0000911,D0001,salaried,2026-05-22 11:11:51,merchant_payment,out,287,M0064,Poribar Mart (Mohammadpur),merchant,grocery,groceries,groceries,1510,1223,0,none,,,0
T0000912,D0003,shop_owner,2026-05-22 11:30:13,cash_in,in,11500,A0241,Agent point A0241,agent,none,cash_in,,4669,16169,0,none,,,0
T0000913,D0003,shop_owner,2026-05-22 12:07:13,send_money,out,12000,01061394525,Arif (supplier),person,none,business_supplies,business,16169,4169,0,none,,,0
T0000914,D0001,salaried,2026-05-22 15:24:43,mobile_recharge,out,200,OP-2,Operator B,operator,telecom,mobile_recharge,mobile_recharge,1223,1023,0,none,,,0
T0000915,D0001,salaried,2026-05-22 17:45:08,merchant_payment,out,978,M0001,Shapla General Store (Mirpur),merchant,grocery,groceries,groceries,1023,45,0,none,,,0
T0000916,D0001,salaried,2026-05-22 17:52:21,cash_in,in,1500,A0130,Agent point A0130,agent,none,cash_in,,45,1545,0,none,,,0
T0000917,D0001,salaried,2026-05-22 18:02:21,merchant_payment,out,58,M0226,City Ride (Sylhet),merchant,transport,transport,transport,1545,1487,0,none,,,0
T0000918,D0001,salaried,2026-05-22 20:11:05,merchant_payment,out,337,M0183,Tehari House (Uttara),merchant,restaurant,eating_out,eating_out,1487,1150,0,none,,,0
T0000919,D0003,shop_owner,2026-05-23 06:05:06,cash_in,in,7500,A0248,Agent point A0248,agent,none,cash_in,,4169,11669,0,none,,,0
T0000920,D0003,shop_owner,2026-05-23 06:34:06,merchant_payment,out,5074,M0456,Mohajon Supply (Rajshahi),merchant,wholesale,business_supplies,business_supplies,11669,6595,0,none,,,0
T0000921,D0004,irregular,2026-05-23 07:20:21,mobile_recharge,out,20,OP-3,Operator C,operator,telecom,mobile_recharge,mobile_recharge,1765,1745,0,none,,,0
T0000922,D0003,shop_owner,2026-05-23 08:42:29,merchant_payment,out,155,M0262,Jatri Ride (Sylhet),merchant,transport,transport,transport,6595,6440,0,none,,,0
T0000923,D0003,shop_owner,2026-05-23 08:50:02,merchant_payment,out,287,M0226,City Ride (Sylhet),merchant,transport,transport,transport,6440,6153,0,none,,,0
T0000924,D0003,shop_owner,2026-05-23 10:46:39,receive_money,in,175,01059220788,,person,none,income,,6153,6328,0,none,,,0
T0000925,D0004,irregular,2026-05-23 10:57:51,merchant_payment,out,120,M0274,Launch Ticket Desk (Sylhet),merchant,transport,transport,transport,1745,1625,0,none,,,0
T0000926,D0003,shop_owner,2026-05-23 11:46:33,receive_money,in,149,01079725141,,person,none,income,,6328,6477,0,none,,,0
T0000927,D0003,shop_owner,2026-05-23 12:20:21,receive_money,in,1290,01094480371,,person,none,income,,6477,7767,0,none,,,0
T0000928,D0003,shop_owner,2026-05-23 12:56:01,receive_money,in,348,01086462177,,person,none,income,,7767,8115,0,none,,,0
T0000929,D0003,shop_owner,2026-05-23 13:04:26,receive_money,in,732,01027977780,,person,none,income,,8115,8847,0,none,,,0
T0000930,D0001,salaried,2026-05-23 13:45:22,merchant_payment,out,601,M0003,Shapla General Store (Uttara),merchant,grocery,groceries,groceries,1150,549,0,none,,,0
T0000931,D0001,salaried,2026-05-23 13:48:15,merchant_payment,out,381,M0131,Kabab Corner (Khulna),merchant,restaurant,eating_out,eating_out,549,168,0,none,,,0
T0000932,D0003,shop_owner,2026-05-23 14:06:21,merchant_payment,out,394,M0107,Biryani Ghor (Khulna),merchant,restaurant,eating_out,eating_out,8847,8453,0,none,,,0
T0000933,D0003,shop_owner,2026-05-23 15:51:56,receive_money,in,402,01006484357,,person,none,income,,8453,8855,0,none,,,0
T0000934,D0003,shop_owner,2026-05-23 16:33:19,receive_money,in,323,01067665134,,person,none,income,,8855,9178,0,none,,,0
T0000935,D0003,shop_owner,2026-05-23 18:55:30,receive_money,in,1271,01093386988,,person,none,income,,9178,10449,0,none,,,0
T0000936,D0003,shop_owner,2026-05-23 20:58:58,receive_money,in,596,01014033484,,person,none,income,,10449,11045,0,none,,,0
T0000937,D0003,shop_owner,2026-05-23 21:19:44,receive_money,in,283,01069678633,,person,none,income,,11045,11328,0,none,,,0
T0000938,D0002,student,2026-05-23 21:59:27,cash_in,in,1000,A0036,Agent point A0036,agent,none,cash_in,,5,1005,0,none,,,0
T0000939,D0002,student,2026-05-23 22:41:27,merchant_payment,out,366,M0189,Tehari House (Chattogram),merchant,restaurant,other,eating_out,1005,639,0,none,,,0
T0000940,D0001,salaried,2026-05-24 06:24:58,cash_in,in,2000,A0130,Agent point A0130,agent,none,cash_in,,168,2168,0,none,,,0
T0000941,D0001,salaried,2026-05-24 06:52:58,merchant_payment,out,254,M0228,City Ride (Rajshahi),merchant,transport,transport,transport,2168,1914,0,none,,,0
T0000942,D0003,shop_owner,2026-05-24 07:51:02,receive_money,in,785,01020836621,,person,none,income,,11328,12113,0,none,,,0
T0000943,D0003,shop_owner,2026-05-24 09:46:38,receive_money,in,248,01097337763,,person,none,income,,12113,12361,0,none,,,0
T0000944,D0003,shop_owner,2026-05-24 10:30:14,receive_money,in,455,01060001992,,person,none,income,,12361,12816,0,none,,,0
T0000945,D0001,salaried,2026-05-24 10:59:01,merchant_payment,out,134,M0226,City Ride (Sylhet),merchant,transport,transport,transport,1914,1780,0,none,,,0
T0000946,D0003,shop_owner,2026-05-24 15:12:38,receive_money,in,897,01072529419,,person,none,income,,12816,13713,0,none,,,0
T0000947,D0001,salaried,2026-05-24 15:22:59,cash_in,in,2500,A0130,Agent point A0130,agent,none,cash_in,,1780,4280,0,none,,,0
T0000948,D0001,salaried,2026-05-24 15:50:59,merchant_payment,out,1952,M0304,Rong Fashion (Mohammadpur),merchant,online_shop,shopping,shopping,4280,2328,0,none,,,0
T0000949,D0001,salaried,2026-05-24 19:57:46,merchant_payment,out,228,M0228,City Ride (Rajshahi),merchant,transport,transport,transport,2328,2100,0,none,,,0
T0000950,D0004,irregular,2026-05-24 22:20:22,mobile_recharge,out,30,OP-3,Operator C,operator,telecom,mobile_recharge,mobile_recharge,1625,1595,0,none,,,0
T0000951,D0003,shop_owner,2026-05-25 07:06:42,receive_money,in,251,01086119160,,person,none,income,,13713,13964,0,none,,,0
T0000952,D0001,salaried,2026-05-25 07:47:51,merchant_payment,out,102,M0268,Launch Ticket Desk (Mohammadpur),merchant,transport,transport,transport,2100,1998,0,none,,,0
T0000953,D0002,student,2026-05-25 08:14:30,merchant_payment,out,140,M0238,Nogor Bus Counter (Sylhet),merchant,transport,transport,transport,639,499,0,none,,,0
T0000954,D0003,shop_owner,2026-05-25 09:19:14,receive_money,in,224,01057848725,,person,none,income,,13964,14188,0,none,,,0
T0000955,D0003,shop_owner,2026-05-25 11:28:45,receive_money,in,491,01094480371,,person,none,income,,14188,14679,0,none,,,0
T0000956,D0001,salaried,2026-05-25 12:17:16,merchant_payment,out,474,M0216,Khichuri Kitchen (Rajshahi),merchant,restaurant,eating_out,eating_out,1998,1524,0,none,,,0
T0000957,D0003,shop_owner,2026-05-25 12:54:17,receive_money,in,973,01029538210,,person,none,income,,14679,15652,0,none,,,0
T0000958,D0003,shop_owner,2026-05-25 13:25:18,receive_money,in,799,01039034995,,person,none,income,,15652,16451,0,none,,,0
T0000959,D0003,shop_owner,2026-05-25 15:44:47,receive_money,in,671,01099849682,,person,none,income,,16451,17122,0,none,,,0
T0000960,D0003,shop_owner,2026-05-25 16:50:39,receive_money,in,290,01063210246,,person,none,income,,17122,17412,0,none,,,0
T0000961,D0001,salaried,2026-05-25 17:23:28,merchant_payment,out,1518,M0003,Shapla General Store (Uttara),merchant,grocery,groceries,groceries,1524,6,0,none,,,0
T0000962,D0003,shop_owner,2026-05-25 18:14:59,receive_money,in,67,01002303015,,person,none,income,,17412,17479,0,none,,,0
T0000963,D0003,shop_owner,2026-05-25 18:20:38,merchant_payment,out,567,M0107,Biryani Ghor (Khulna),merchant,restaurant,eating_out,eating_out,17479,16912,0,none,,,0
T0000964,D0002,student,2026-05-25 19:16:33,merchant_payment,out,272,M0007,Shapla General Store (Gazipur),merchant,grocery,groceries,groceries,499,227,0,none,,,0
T0000965,D0003,shop_owner,2026-05-25 19:21:42,merchant_payment,out,291,M0159,Mishti Mukh (Uttara),merchant,restaurant,eating_out,eating_out,16912,16621,0,none,,,0
T0000966,D0001,salaried,2026-05-25 19:22:34,cash_in,in,2000,A0130,Agent point A0130,agent,none,cash_in,,6,2006,0,none,,,0
T0000967,D0003,shop_owner,2026-05-25 19:28:36,receive_money,in,977,01070747712,,person,none,income,,16621,17598,0,none,,,0
T0000968,D0001,salaried,2026-05-25 19:46:34,merchant_payment,out,779,M0064,Poribar Mart (Mohammadpur),merchant,grocery,groceries,groceries,2006,1227,0,none,,,0
T0000969,D0003,shop_owner,2026-05-25 20:19:01,receive_money,in,384,01001661923,,person,none,income,,17598,17982,0,none,,,0
T0000970,D0003,shop_owner,2026-05-25 20:29:49,receive_money,in,196,01083055155,,person,none,income,,17982,18178,0,none,,,0
T0000971,D0003,shop_owner,2026-05-25 20:34:32,receive_money,in,1127,01006535604,,person,none,income,,18178,19305,0,none,,,0
T0000972,D0003,shop_owner,2026-05-26 07:24:57,receive_money,in,663,01077255918,,person,none,income,,19305,19968,0,none,,,0
T0000973,D0002,student,2026-05-26 09:39:41,merchant_payment,out,77,M0272,Launch Ticket Desk (Narayanganj),merchant,transport,transport,transport,227,150,0,none,,,0
T0000974,D0003,shop_owner,2026-05-26 11:13:51,receive_money,in,621,01008171884,,person,none,income,,19968,20589,0,none,,,0
T0000975,D0004,irregular,2026-05-26 13:55:12,cash_out,out,1100,A0239,Agent point A0239,agent,none,cash_withdrawal,cash_withdrawal,1595,495,0,none,,,0
T0000976,D0003,shop_owner,2026-05-26 17:22:17,receive_money,in,334,01012860859,,person,none,income,,20589,20923,0,none,,,0
T0000977,D0003,shop_owner,2026-05-26 17:33:19,merchant_payment,out,1751,M0079,Kacha Bazar Shop (Gazipur),merchant,grocery,groceries,groceries,20923,19172,0,none,,,0
T0000978,D0003,shop_owner,2026-05-26 20:21:00,receive_money,in,191,01091871870,,person,none,income,,19172,19363,0,none,,,0
T0000979,D0004,irregular,2026-05-26 21:12:06,receive_money,in,400,01093614877,Hasib (client),person,none,income,,495,895,0,none,,,0
T0000980,D0003,shop_owner,2026-05-26 21:51:05,merchant_payment,out,427,M0153,Dhaba Express (Chattogram),merchant,restaurant,eating_out,eating_out,19363,18936,0,none,,,0
T0000981,D0002,student,2026-05-26 23:18:54,cash_in,in,500,A0036,Agent point A0036,agent,none,cash_in,,150,650,0,none,,,0
T0000982,D0002,student,2026-05-26 23:53:54,merchant_payment,out,193,M0028,Rahman Store (Mohammadpur),merchant,grocery,groceries,groceries,650,457,0,none,,,0
T0000983,D0003,shop_owner,2026-05-27 08:28:43,receive_money,in,182,01015661173,,person,none,income,,18936,19118,0,none,,,0
T0000984,D0001,salaried,2026-05-27 10:31:49,merchant_payment,out,542,M0001,Shapla General Store (Mirpur),merchant,grocery,groceries,groceries,1227,685,0,none,,,0
T0000985,D0002,student,2026-05-27 10:34:19,merchant_payment,out,266,M0086,Jononi Traders (Dhanmondi),merchant,grocery,groceries,groceries,457,191,0,none,,,0
T0000986,D0003,shop_owner,2026-05-27 11:06:13,receive_money,in,576,01013710261,,person,none,income,,19118,19694,0,none,,,0
T0000987,D0003,shop_owner,2026-05-27 12:24:57,receive_money,in,292,01059146599,,person,none,income,,19694,19986,0,none,,,0
T0000988,D0003,shop_owner,2026-05-27 13:13:44,receive_money,in,154,01075752872,,person,none,income,,19986,20140,0,none,,,0
T0000989,D0003,shop_owner,2026-05-27 13:25:36,receive_money,in,172,01096737420,,person,none,income,,20140,20312,0,none,,,0
T0000990,D0003,shop_owner,2026-05-27 14:30:05,receive_money,in,235,01013503147,,person,none,income,,20312,20547,0,none,,,0
T0000991,D0003,shop_owner,2026-05-27 16:27:05,receive_money,in,540,01049112123,,person,none,income,,20547,21087,0,none,,,0
T0000992,D0003,shop_owner,2026-05-27 17:01:05,receive_money,in,326,01099690658,,person,none,income,,21087,21413,0,none,,,0
T0000993,D0003,shop_owner,2026-05-27 17:16:09,receive_money,in,558,01072477761,,person,none,income,,21413,21971,0,none,,,0
T0000994,D0003,shop_owner,2026-05-27 18:05:53,receive_money,in,295,01000059615,,person,none,income,,21971,22266,0,none,,,0
T0000995,D0003,shop_owner,2026-05-27 18:24:15,receive_money,in,248,01047752703,,person,none,income,,22266,22514,0,none,,,0
T0000996,D0003,shop_owner,2026-05-27 19:12:44,receive_money,in,287,01006535604,,person,none,income,,22514,22801,0,none,,,0
T0000997,D0003,shop_owner,2026-05-27 19:44:38,receive_money,in,754,01020836621,,person,none,income,,22801,23555,0,none,,,0
T0000998,D0001,salaried,2026-05-27 20:07:32,merchant_payment,out,317,M0216,Khichuri Kitchen (Rajshahi),merchant,restaurant,eating_out,eating_out,685,368,0,none,,,0
T0000999,D0003,shop_owner,2026-05-27 21:06:38,merchant_payment,out,416,M0159,Mishti Mukh (Uttara),merchant,restaurant,eating_out,eating_out,23555,23139,0,none,,,0
T0001000,D0004,irregular,2026-05-27 21:19:58,cash_out,out,500,A0215,Agent point A0215,agent,none,cash_withdrawal,cash_withdrawal,895,395,0,none,,,0
T0001001,D0001,salaried,2026-05-27 21:41:07,merchant_payment,out,250,M0222,City Ride (Savar),merchant,transport,transport,transport,368,118,0,none,,,0
T0001002,D0004,irregular,2026-05-27 23:16:45,receive_money,in,1050,01061866158,Rubel (client),person,none,income,,395,1445,0,none,,,0
T0001003,D0003,shop_owner,2026-05-28 07:16:47,merchant_payment,out,131,M0230,Nogor Bus Counter (Dhanmondi),merchant,transport,transport,transport,23139,23008,0,none,,,0
T0001004,D0003,shop_owner,2026-05-28 07:45:58,receive_money,in,519,01076716598,,person,none,income,,23008,23527,0,none,,,0
T0001005,D0003,shop_owner,2026-05-28 09:29:46,receive_money,in,345,01094732396,,person,none,income,,23527,23872,0,none,,,0
T0001006,D0003,shop_owner,2026-05-28 09:58:46,receive_money,in,519,01099503673,,person,none,income,,23872,24391,0,none,,,0
T0001007,D0003,shop_owner,2026-05-28 10:16:05,receive_money,in,1818,01077388627,,person,none,income,,24391,26209,0,none,,,0
T0001008,D0003,shop_owner,2026-05-28 11:15:16,receive_money,in,490,01019202572,,person,none,income,,26209,26699,0,none,,,0
T0001009,D0003,shop_owner,2026-05-28 11:59:24,receive_money,in,448,01038229437,,person,none,income,,26699,27147,0,none,,,0
T0001010,D0003,shop_owner,2026-05-28 12:51:05,receive_money,in,310,01081500092,,person,none,income,,27147,27457,0,none,,,0
T0001011,D0003,shop_owner,2026-05-28 12:54:12,cash_out,out,20500,A0241,Agent point A0241,agent,none,cash_withdrawal,cash_withdrawal,27457,6957,0,none,,,0
T0001012,D0002,student,2026-05-28 14:06:31,cash_in,in,500,A0036,Agent point A0036,agent,none,cash_in,,191,691,0,none,,,0
T0001013,D0002,student,2026-05-28 14:13:31,merchant_payment,out,357,M0151,Dhaba Express (Gazipur),merchant,restaurant,eating_out,eating_out,691,334,0,none,,,0
T0001014,D0003,shop_owner,2026-05-28 15:00:04,cash_in,in,13000,A0241,Agent point A0241,agent,none,cash_in,,6957,19957,0,none,,,0
T0001015,D0003,shop_owner,2026-05-28 15:29:04,cash_out,out,18500,A0120,Agent point A0120,agent,none,cash_withdrawal,cash_withdrawal,19957,1457,0,none,,big_cashout,0
T0001016,D0003,shop_owner,2026-05-28 15:29:09,cash_in,in,7500,A0241,Agent point A0241,agent,none,cash_in,,1457,8957,0,none,,,0
T0001017,D0003,shop_owner,2026-05-28 15:38:17,merchant_payment,out,7070,M0453,Mohajon Supply (Chattogram),merchant,wholesale,business_supplies,business_supplies,8957,1887,0,none,,,0
T0001018,D0003,shop_owner,2026-05-28 15:39:57,receive_money,in,140,01049112123,,person,none,income,,1887,2027,0,none,,,0
T0001019,D0003,shop_owner,2026-05-28 16:38:08,receive_money,in,1372,01065706795,,person,none,income,,2027,3399,0,none,,,0
T0001020,D0002,student,2026-05-28 18:02:18,merchant_payment,out,197,M0189,Tehari House (Chattogram),merchant,restaurant,eating_out,eating_out,334,137,0,none,,,0
T0001021,D0003,shop_owner,2026-05-29 09:57:24,cash_in,in,10000,A0241,Agent point A0241,agent,none,cash_in,,3399,13399,0,none,,,0
T0001022,D0003,shop_owner,2026-05-29 10:29:24,merchant_payment,out,11024,M0456,Mohajon Supply (Rajshahi),merchant,wholesale,business_supplies,business_supplies,13399,2375,0,none,,,0
T0001023,D0001,salaried,2026-05-29 12:36:16,cash_in,in,500,A0130,Agent point A0130,agent,none,cash_in,,118,618,0,none,,,0
T0001024,D0001,salaried,2026-05-29 12:49:16,merchant_payment,out,409,M0216,Khichuri Kitchen (Rajshahi),merchant,restaurant,eating_out,eating_out,618,209,0,none,,,0
T0001025,D0003,shop_owner,2026-05-29 17:33:52,cash_in,in,11000,A0241,Agent point A0241,agent,none,cash_in,,2375,13375,0,none,,,0
T0001026,D0004,irregular,2026-05-29 17:46:32,merchant_payment,out,242,M0163,Mishti Mukh (Gazipur),merchant,restaurant,eating_out,eating_out,1445,1203,0,none,,,0
T0001027,D0003,shop_owner,2026-05-29 18:06:52,cash_out,out,11500,A0241,Agent point A0241,agent,none,cash_withdrawal,cash_withdrawal,13375,1875,0,none,,,0
T0001028,D0003,shop_owner,2026-05-29 20:19:48,send_money,out,700,01014602012,Poly (friend),person,none,personal_transfer,friend,1875,1175,0,none,,,0
T0001029,D0004,irregular,2026-05-29 20:42:59,receive_money,in,550,01061866158,Rubel (client),person,none,income,,1203,1753,0,none,,,0
T0001030,D0003,shop_owner,2026-05-29 20:46:10,merchant_payment,out,570,M0112,Cha Adda (Mohammadpur),merchant,restaurant,eating_out,eating_out,1175,605,0,none,,,0
T0001031,D0001,salaried,2026-05-29 21:31:04,cash_in,in,2500,A0130,Agent point A0130,agent,none,cash_in,,209,2709,0,none,,,0
T0001032,D0004,irregular,2026-05-29 21:37:33,mobile_recharge,out,50,OP-3,Operator C,operator,telecom,mobile_recharge,mobile_recharge,1753,1703,0,none,,,0
T0001033,D0001,salaried,2026-05-29 22:07:04,send_money,out,1500,01015746624,Nipa (friend),person,none,personal_transfer,friend,2709,1209,0,none,,,0
T0001034,D0003,shop_owner,2026-05-30 08:43:40,receive_money,in,382,01019308786,,person,none,income,,605,987,0,none,,,0
T0001035,D0003,shop_owner,2026-05-30 09:39:58,receive_money,in,410,01094480371,,person,none,income,,987,1397,0,none,,,0
T0001036,D0003,shop_owner,2026-05-30 09:57:40,receive_money,in,570,01051884642,,person,none,income,,1397,1967,0,none,,,0
T0001037,D0003,shop_owner,2026-05-30 10:57:28,merchant_payment,out,245,M0262,Jatri Ride (Sylhet),merchant,transport,transport,transport,1967,1722,0,none,,,0
T0001038,D0003,shop_owner,2026-05-30 11:08:14,merchant_payment,out,648,M0079,Kacha Bazar Shop (Gazipur),merchant,grocery,groceries,groceries,1722,1074,0,none,,,0
T0001039,D0003,shop_owner,2026-05-30 14:00:54,receive_money,in,625,01009286771,,person,none,income,,1074,1699,0,none,,,0
T0001040,D0003,shop_owner,2026-05-30 18:03:18,mobile_recharge,out,100,OP-2,Operator B,operator,telecom,mobile_recharge,mobile_recharge,1699,1599,0,none,,,0
T0001041,D0003,shop_owner,2026-05-30 18:38:39,receive_money,in,960,01039349426,,person,none,income,,1599,2559,0,none,,,0
T0001042,D0003,shop_owner,2026-05-30 19:24:23,receive_money,in,692,01061735148,,person,none,income,,2559,3251,0,none,,,0
T0001043,D0003,shop_owner,2026-05-30 20:16:54,receive_money,in,563,01023102704,,person,none,income,,3251,3814,0,none,,,0
T0001044,D0001,salaried,2026-05-30 20:19:10,merchant_payment,out,381,M0183,Tehari House (Uttara),merchant,restaurant,eating_out,eating_out,1209,828,0,none,,,0
T0001045,D0003,shop_owner,2026-05-31 06:49:28,receive_money,in,392,01046824075,,person,none,income,,3814,4206,0,none,,,0
T0001046,D0003,shop_owner,2026-05-31 10:49:49,receive_money,in,428,01060734067,,person,none,income,,4206,4634,0,none,,,0
T0001047,D0003,shop_owner,2026-05-31 13:40:17,receive_money,in,123,01014033484,,person,none,income,,4634,4757,0,none,,,0
T0001048,D0003,shop_owner,2026-05-31 14:55:56,receive_money,in,354,01065094039,,person,none,income,,4757,5111,0,none,,,0
T0001049,D0003,shop_owner,2026-05-31 15:40:08,receive_money,in,524,01081500092,,person,none,income,,5111,5635,0,none,,,0
T0001050,D0003,shop_owner,2026-05-31 17:42:06,receive_money,in,172,01001769515,,person,none,income,,5635,5807,0,none,,,0
T0001051,D0003,shop_owner,2026-05-31 18:57:54,receive_money,in,429,01080834567,,person,none,income,,5807,6236,0,none,,,0
T0001052,D0003,shop_owner,2026-05-31 20:21:46,receive_money,in,263,01043427076,,person,none,income,,6236,6499,0,none,,,0
T0001053,D0003,shop_owner,2026-05-31 20:39:58,receive_money,in,282,01032933416,,person,none,income,,6499,6781,0,none,,,0
T0001054,D0003,shop_owner,2026-05-31 21:41:24,receive_money,in,565,01014033484,,person,none,income,,6781,7346,0,none,,,0
T0001055,D0002,student,2026-06-01 07:21:28,cash_in,in,500,A0036,Agent point A0036,agent,none,cash_in,,137,637,0,none,,,0
T0001056,D0003,shop_owner,2026-06-01 07:26:05,receive_money,in,310,01008373286,,person,none,income,,7346,7656,0,none,,,0
T0001057,D0002,student,2026-06-01 07:38:28,merchant_payment,out,316,M0228,City Ride (Rajshahi),merchant,transport,transport,transport,637,321,0,none,,,0
T0001058,D0003,shop_owner,2026-06-01 08:03:08,receive_money,in,302,01037448151,,person,none,income,,7656,7958,0,none,,,0
T0001059,D0003,shop_owner,2026-06-01 08:48:01,receive_money,in,356,01047752703,,person,none,income,,7958,8314,0,none,,,0
T0001060,D0003,shop_owner,2026-06-01 09:23:07,receive_money,in,193,01000059615,,person,none,income,,8314,8507,0,none,,,0
T0001061,D0001,salaried,2026-06-01 09:26:27,salary_in,in,45000,E0333,Employer E0333,employer,none,income,,828,45828,0,none,,,0
T0001062,D0003,shop_owner,2026-06-01 09:31:58,receive_money,in,405,01081500092,,person,none,income,,8507,8912,0,none,,,0
T0001063,D0003,shop_owner,2026-06-01 10:10:31,receive_money,in,1433,01098639754,,person,none,income,,8912,10345,0,none,,,0
T0001064,D0001,salaried,2026-06-01 11:03:16,merchant_payment,out,250,M0268,Launch Ticket Desk (Mohammadpur),merchant,transport,transport,transport,45828,45578,0,none,,,0
T0001065,D0001,salaried,2026-06-01 13:37:41,merchant_payment,out,390,M0104,Biryani Ghor (Narayanganj),merchant,restaurant,eating_out,eating_out,45578,45188,0,none,,,0
T0001066,D0003,shop_owner,2026-06-01 15:01:33,send_money,out,3800,01061394525,Arif (supplier),person,none,business_supplies,business,10345,6545,0,none,,,0
T0001067,D0003,shop_owner,2026-06-01 15:19:45,receive_money,in,835,01036629080,,person,none,income,,6545,7380,0,none,,,0
T0001068,D0003,shop_owner,2026-06-01 16:54:04,cash_out,out,6000,A0241,Agent point A0241,agent,none,cash_withdrawal,cash_withdrawal,7380,1380,0,none,,,0
T0001069,D0002,student,2026-06-01 18:24:55,merchant_payment,out,103,M0238,Nogor Bus Counter (Sylhet),merchant,transport,transport,transport,321,218,0,none,,,0
T0001070,D0003,shop_owner,2026-06-01 18:32:41,receive_money,in,512,01073387105,,person,none,income,,1380,1892,0,none,,,0
T0001071,D0003,shop_owner,2026-06-01 18:59:06,receive_money,in,128,01090185246,,person,none,income,,1892,2020,0,none,,,0
T0001072,D0004,irregular,2026-06-01 19:08:17,receive_money,in,1400,01071954345,,person,none,income,,1703,3103,0,none,,,0
T0001073,D0003,shop_owner,2026-06-01 20:27:43,receive_money,in,352,01086982677,,person,none,income,,2020,2372,0,none,,,0
T0001074,D0002,student,2026-06-01 21:43:41,cash_in,in,500,A0036,Agent point A0036,agent,none,cash_in,,218,718,0,none,,,0
T0001075,D0002,student,2026-06-01 21:56:41,merchant_payment,out,326,M0151,Dhaba Express (Gazipur),merchant,restaurant,eating_out,eating_out,718,392,0,none,,,0
T0001076,D0003,shop_owner,2026-06-01 22:25:11,receive_money,in,126,01017558877,,person,none,income,,2372,2498,0,none,,,0
T0001077,D0003,shop_owner,2026-06-01 22:46:52,receive_money,in,506,01000059615,,person,none,income,,2498,3004,0,none,,,0
T0001078,D0003,shop_owner,2026-06-02 08:13:48,receive_money,in,744,01010528681,,person,none,income,,3004,3748,0,none,,,0
T0001079,D0003,shop_owner,2026-06-02 08:44:46,receive_money,in,401,01018409207,,person,none,income,,3748,4149,0,none,,,0
T0001080,D0003,shop_owner,2026-06-02 09:12:33,receive_money,in,353,01057887859,,person,none,income,,4149,4502,0,none,,,0
T0001081,D0003,shop_owner,2026-06-02 09:35:02,receive_money,in,220,01099868306,,person,none,income,,4502,4722,0,none,,,0
T0001082,D0003,shop_owner,2026-06-02 10:02:36,receive_money,in,483,01040596156,,person,none,income,,4722,5205,0,none,,,0
T0001083,D0003,shop_owner,2026-06-02 10:26:00,receive_money,in,1104,01013503147,,person,none,income,,5205,6309,0,none,,,0
T0001084,D0003,shop_owner,2026-06-02 10:29:25,receive_money,in,386,01027803051,,person,none,income,,6309,6695,0,none,,,0
T0001085,D0003,shop_owner,2026-06-02 10:29:34,receive_money,in,1015,01057976599,,person,none,income,,6695,7710,0,none,,,0
T0001086,D0002,student,2026-06-02 10:51:24,merchant_payment,out,161,M0189,Tehari House (Chattogram),merchant,restaurant,eating_out,eating_out,392,231,0,none,,,0
T0001087,D0002,student,2026-06-02 12:21:57,merchant_payment,out,172,M0151,Dhaba Express (Gazipur),merchant,restaurant,eating_out,eating_out,231,59,0,none,,,0
T0001088,D0003,shop_owner,2026-06-02 14:28:12,receive_money,in,1244,01082056322,,person,none,income,,7710,8954,0,none,,,0
T0001089,D0002,student,2026-06-02 14:53:26,cash_in,in,500,A0036,Agent point A0036,agent,none,cash_in,,59,559,0,none,,,0
T0001090,D0002,student,2026-06-02 15:36:26,mobile_recharge,out,100,OP-2,Operator B,operator,telecom,mobile_recharge,mobile_recharge,559,459,0,none,,,0
T0001091,D0003,shop_owner,2026-06-02 16:22:30,send_money,out,2600,01014602012,Poly (friend),person,none,personal_transfer,friend,8954,6354,0,none,,,0
T0001092,D0001,salaried,2026-06-02 16:40:09,merchant_payment,out,142,M0268,Launch Ticket Desk (Mohammadpur),merchant,transport,transport,transport,45188,45046,0,none,,,0
T0001093,D0003,shop_owner,2026-06-02 17:02:08,receive_money,in,287,01028781886,,person,none,income,,6354,6641,0,none,,,0
T0001094,D0003,shop_owner,2026-06-02 18:18:22,receive_money,in,98,01081500092,,person,none,income,,6641,6739,0,none,,,0
T0001095,D0001,salaried,2026-06-02 18:40:10,merchant_payment,out,86,M0226,City Ride (Sylhet),merchant,transport,transport,transport,45046,44960,0,none,,,0
T0001096,D0003,shop_owner,2026-06-02 18:40:46,receive_money,in,257,01057964821,,person,none,income,,6739,6996,0,none,,,0
T0001097,D0003,shop_owner,2026-06-02 18:52:35,receive_money,in,340,01078029882,,person,none,income,,6996,7336,0,none,,,0
T0001098,D0003,shop_owner,2026-06-02 19:27:03,cash_in,in,3500,A0241,Agent point A0241,agent,none,cash_in,,7336,10836,0,none,,,0
T0001099,D0004,irregular,2026-06-02 19:29:13,cash_out,out,800,A0239,Agent point A0239,agent,none,cash_withdrawal,cash_withdrawal,3103,2303,0,none,,,0
T0001100,D0003,shop_owner,2026-06-02 19:43:03,cash_out,out,10000,A0295,Agent point A0295,agent,none,cash_withdrawal,cash_withdrawal,10836,836,0,none,,,0
T0001101,D0003,shop_owner,2026-06-02 20:21:19,receive_money,in,434,01066877072,,person,none,income,,836,1270,0,none,,,0
T0001102,D0003,shop_owner,2026-06-02 20:40:35,receive_money,in,417,01022485449,,person,none,income,,1270,1687,0,none,,,0
T0001103,D0003,shop_owner,2026-06-02 21:26:33,receive_money,in,345,01014963807,,person,none,income,,1687,2032,0,none,,,0
T0001104,D0003,shop_owner,2026-06-02 21:30:59,receive_money,in,235,01085887490,,person,none,income,,2032,2267,0,none,,,0
T0001105,D0003,shop_owner,2026-06-02 21:31:03,receive_money,in,288,01042099358,,person,none,income,,2267,2555,0,none,,,0
T0001106,D0003,shop_owner,2026-06-02 22:45:02,cash_in,in,10500,A0241,Agent point A0241,agent,none,cash_in,,2555,13055,0,none,,,0
T0001107,D0001,salaried,2026-06-02 23:13:12,send_money,out,1800,01015746624,Nipa (friend),person,none,personal_transfer,friend,44960,43160,0,none,,,0
T0001108,D0003,shop_owner,2026-06-02 23:16:02,send_money,out,7500,01098408592,,person,none,personal_transfer,friend,13055,5555,0,none,,,0
T0001109,D0002,student,2026-06-03 01:07:19,mobile_recharge,out,50,OP-2,Operator B,operator,telecom,mobile_recharge,mobile_recharge,459,409,0,none,,,0
T0001110,D0003,shop_owner,2026-06-03 06:39:20,receive_money,in,416,01066774121,,person,none,income,,5555,5971,0,none,,,0
T0001111,D0004,irregular,2026-06-03 07:40:44,merchant_payment,out,55,M0221,City Ride (Banani),merchant,transport,transport,transport,2303,2248,0,none,,,0
T0001112,D0003,shop_owner,2026-06-03 07:57:41,receive_money,in,310,01013545070,,person,none,income,,5971,6281,0,none,,,0
T0001113,D0003,shop_owner,2026-06-03 08:32:49,receive_money,in,2409,01081105626,,person,none,income,,6281,8690,0,none,,,0
T0001114,D0003,shop_owner,2026-06-03 08:58:11,receive_money,in,912,01065241638,,person,none,income,,8690,9602,0,none,,,0
T0001115,D0003,shop_owner,2026-06-03 09:03:35,receive_money,in,224,01023102704,,person,none,income,,9602,9826,0,none,,,0
T0001116,D0003,shop_owner,2026-06-03 10:19:13,receive_money,in,396,01006535604,,person,none,income,,9826,10222,0,none,,,0
T0001117,D0003,shop_owner,2026-06-03 11:29:05,receive_money,in,302,01047752703,,person,none,income,,10222,10524,0,none,,,0
T0001118,D0003,shop_owner,2026-06-03 11:29:53,receive_money,in,282,01049112123,,person,none,income,,10524,10806,0,none,,,0
T0001119,D0003,shop_owner,2026-06-03 11:51:33,receive_money,in,423,01083258746,,person,none,income,,10806,11229,0,none,,,0
T0001120,D0003,shop_owner,2026-06-03 12:12:07,receive_money,in,1302,01013722888,,person,none,income,,11229,12531,0,none,,,0
T0001121,D0002,student,2026-06-03 12:25:24,cash_in,in,1000,A0036,Agent point A0036,agent,none,cash_in,,409,1409,0,none,,,0
T0001122,D0002,student,2026-06-03 12:43:24,send_money,out,650,01051320135,Hasib (friend),person,none,personal_transfer,friend,1409,759,0,none,,,0
T0001123,D0003,shop_owner,2026-06-03 15:03:21,receive_money,in,433,01047752703,,person,none,income,,12531,12964,0,none,,,0
T0001124,D0003,shop_owner,2026-06-03 16:53:57,merchant_payment,out,7543,M0453,Mohajon Supply (Chattogram),merchant,wholesale,business_supplies,business_supplies,12964,5421,0,none,,,0
T0001125,D0003,shop_owner,2026-06-03 17:40:22,receive_money,in,183,01016492216,,person,none,income,,5421,5604,0,none,,,0
T0001126,D0003,shop_owner,2026-06-03 18:25:18,receive_money,in,53,01096060673,,person,none,income,,5604,5657,0,none,,,0
T0001127,D0004,irregular,2026-06-03 18:31:16,receive_money,in,750,01060750274,Jahid (client),person,none,income,,2248,2998,0,none,,,0
T0001128,D0001,salaried,2026-06-03 18:55:14,merchant_payment,out,338,M0165,Mishti Mukh (Chattogram),merchant,restaurant,eating_out,eating_out,43160,42822,0,none,,,0
T0001129,D0004,irregular,2026-06-03 19:37:46,cash_out,out,900,A0038,Agent point A0038,agent,none,cash_withdrawal,cash_withdrawal,2998,2098,0,none,,,0
T0001130,D0003,shop_owner,2026-06-03 19:57:12,receive_money,in,348,01081500092,,person,none,income,,5657,6005,0,none,,,0
T0001131,D0003,shop_owner,2026-06-03 20:37:08,receive_money,in,232,01080687946,,person,none,income,,6005,6237,0,none,,,0
T0001132,D0003,shop_owner,2026-06-03 20:54:46,receive_money,in,631,01000059615,,person,none,income,,6237,6868,0,none,,,0
T0001133,D0001,salaried,2026-06-03 22:22:22,send_money,out,1600,01094533718,Babul (friend),person,none,personal_transfer,friend,42822,41222,0,none,,,0
T0001134,D0001,salaried,2026-06-03 23:44:10,send_money,out,15000,01075294314,Lima (landlord),person,none,rent,rent,41222,26222,0,none,,,0
T0001135,D0003,shop_owner,2026-06-04 07:09:02,receive_money,in,253,01083202831,,person,none,income,,6868,7121,0,none,,,0
T0001136,D0003,shop_owner,2026-06-04 07:21:10,receive_money,in,716,01013503147,,person,none,income,,7121,7837,0,none,,,0
T0001137,D0003,shop_owner,2026-06-04 08:35:31,receive_money,in,172,01036844971,,person,none,income,,7837,8009,0,none,,,0
T0001138,D0003,shop_owner,2026-06-04 09:32:05,receive_money,in,369,01034814995,,person,none,income,,8009,8378,0,none,,,0
T0001139,D0003,shop_owner,2026-06-04 09:39:39,merchant_payment,out,2949,M0456,Mohajon Supply (Rajshahi),merchant,wholesale,business_supplies,business_supplies,8378,5429,0,none,,,0
T0001140,D0001,salaried,2026-06-04 10:15:48,mobile_recharge,out,50,OP-2,Operator B,operator,telecom,mobile_recharge,mobile_recharge,26222,26172,0,none,,,0
T0001141,D0003,shop_owner,2026-06-04 10:25:45,receive_money,in,529,01010719664,,person,none,income,,5429,5958,0,none,,,0
T0001142,D0004,irregular,2026-06-04 11:20:31,mobile_recharge,out,20,OP-3,Operator C,operator,telecom,mobile_recharge,mobile_recharge,2098,2078,0,none,,,0
T0001143,D0003,shop_owner,2026-06-04 13:05:12,receive_money,in,356,01048720160,,person,none,income,,5958,6314,0,none,,,0
T0001144,D0001,salaried,2026-06-04 14:18:14,send_money,out,2100,01015746624,Nipa (friend),person,none,personal_transfer,friend,26172,24072,0,none,,,0
T0001145,D0003,shop_owner,2026-06-04 16:06:41,receive_money,in,874,01081500092,,person,none,income,,6314,7188,0,none,,,0
T0001146,D0003,shop_owner,2026-06-04 16:37:46,receive_money,in,215,01013503147,,person,none,income,,7188,7403,0,none,,,0
T0001147,D0001,salaried,2026-06-04 16:38:10,merchant_payment,out,190,M0228,City Ride (Rajshahi),merchant,transport,transport,transport,24072,23882,0,none,,,0
T0001148,D0003,shop_owner,2026-06-04 17:38:07,receive_money,in,530,01000059615,,person,none,income,,7403,7933,0,none,,,0
T0001149,D0003,shop_owner,2026-06-04 18:21:25,receive_money,in,443,01002115638,,person,none,income,,7933,8376,0,none,,,0
T0001150,D0004,irregular,2026-06-04 19:56:56,send_money,out,200,01032428342,,person,none,personal_transfer,friend,2078,1878,0,none,,,0
T0001151,D0003,shop_owner,2026-06-04 20:36:32,receive_money,in,243,01007218070,,person,none,income,,8376,8619,0,none,,,0
T0001152,D0001,salaried,2026-06-04 20:41:36,send_money,out,1700,01015746624,Nipa (friend),person,none,personal_transfer,friend,23882,22182,0,none,,,0
T0001153,D0003,shop_owner,2026-06-04 22:35:26,receive_money,in,480,01087977346,,person,none,income,,8619,9099,0,none,,,0
T0001154,D0003,shop_owner,2026-06-05 07:38:27,receive_money,in,698,01088189109,,person,none,income,,9099,9797,0,none,,,0
T0001155,D0003,shop_owner,2026-06-05 10:21:58,cash_in,in,8000,A0171,Agent point A0171,agent,none,cash_in,,9797,17797,0,none,,,0
T0001156,D0003,shop_owner,2026-06-05 10:26:58,send_money,out,17500,01062734169,Shanto (landlord),person,none,rent,rent,17797,297,0,none,,,0
T0001157,D0001,salaried,2026-06-05 10:39:41,send_money,out,8000,01060431815,Sumaiya (family),person,none,family_support,family_support,22182,14182,0,none,,,0
T0001158,D0002,student,2026-06-05 11:00:09,mobile_recharge,out,500,OP-2,Operator B,operator,telecom,mobile_recharge,mobile_recharge,759,259,0,none,,,0
T0001159,D0001,salaried,2026-06-05 12:24:08,mobile_recharge,out,100,OP-2,Operator B,operator,telecom,mobile_recharge,mobile_recharge,14182,14082,0,none,,,0
T0001160,D0003,shop_owner,2026-06-05 12:50:21,receive_money,in,247,01051285383,,person,none,income,,297,544,0,none,,,0
T0001161,D0003,shop_owner,2026-06-05 13:23:29,receive_money,in,72,01022317617,,person,none,income,,544,616,0,none,,,0
T0001162,D0004,irregular,2026-06-05 13:44:01,merchant_payment,out,62,M0100,Biryani Ghor (Mohammadpur),merchant,restaurant,eating_out,eating_out,1878,1816,0,none,,,0
T0001163,D0003,shop_owner,2026-06-05 13:58:00,receive_money,in,490,01094122023,,person,none,income,,616,1106,0,none,,,0
T0001164,D0002,student,2026-06-05 16:05:09,merchant_payment,out,104,M0151,Dhaba Express (Gazipur),merchant,restaurant,eating_out,eating_out,259,155,0,none,,,0
T0001165,D0003,shop_owner,2026-06-05 16:22:30,receive_money,in,604,01091169108,,person,none,income,,1106,1710,0,none,,,0
T0001166,D0003,shop_owner,2026-06-05 16:27:26,receive_money,in,289,01064659217,,person,none,income,,1710,1999,0,none,,,0
T0001167,D0001,salaried,2026-06-05 19:37:56,merchant_payment,out,399,M0216,Khichuri Kitchen (Rajshahi),merchant,restaurant,eating_out,eating_out,14082,13683,0,none,,,0
T0001168,D0002,student,2026-06-05 19:44:33,cash_in,in,500,A0036,Agent point A0036,agent,none,cash_in,,155,655,0,none,,,0
T0001169,D0002,student,2026-06-05 20:11:33,mobile_recharge,out,200,OP-2,Operator B,operator,telecom,mobile_recharge,mobile_recharge,655,455,0,none,,,0
T0001170,D0001,salaried,2026-06-05 20:48:12,mobile_recharge,out,100,OP-2,Operator B,operator,telecom,mobile_recharge,mobile_recharge,13683,13583,0,none,,,0
T0001171,D0003,shop_owner,2026-06-06 08:33:42,receive_money,in,275,01071587211,,person,none,income,,1999,2274,0,none,,,0
T0001172,D0003,shop_owner,2026-06-06 08:57:11,receive_money,in,281,01023388183,,person,none,income,,2274,2555,0,none,,,0
T0001173,D0003,shop_owner,2026-06-06 09:00:12,receive_money,in,148,01004148453,,person,none,income,,2555,2703,0,none,,,0
T0001174,D0003,shop_owner,2026-06-06 10:07:32,receive_money,in,419,01069020010,,person,none,income,,2703,3122,0,none,,,0
T0001175,D0003,shop_owner,2026-06-06 10:29:57,receive_money,in,328,01031728704,,person,none,income,,3122,3450,0,none,,,0
T0001176,D0003,shop_owner,2026-06-06 11:23:22,receive_money,in,205,01088189109,,person,none,income,,3450,3655,0,none,,,0
T0001177,D0002,student,2026-06-06 11:25:33,merchant_payment,out,296,M0086,Jononi Traders (Dhanmondi),merchant,grocery,groceries,groceries,455,159,0,none,,,0
T0001178,D0003,shop_owner,2026-06-06 12:34:27,receive_money,in,332,01051285383,,person,none,income,,3655,3987,0,none,,,0
T0001179,D0004,irregular,2026-06-06 13:50:50,cash_in,in,1500,A0069,Agent point A0069,agent,none,cash_in,,1816,3316,0,none,,,0
T0001180,D0004,irregular,2026-06-06 14:32:50,cash_out,out,2500,A0038,Agent point A0038,agent,none,cash_withdrawal,cash_withdrawal,3316,816,0,none,,,0
T0001181,D0003,shop_owner,2026-06-06 15:01:14,receive_money,in,974,01013503147,,person,none,income,,3987,4961,0,none,,,0
T0001182,D0003,shop_owner,2026-06-06 15:13:55,receive_money,in,321,01091871870,,person,none,income,,4961,5282,0,none,,,0
T0001183,D0004,irregular,2026-06-06 15:53:53,cash_out,out,500,A0038,Agent point A0038,agent,none,cash_withdrawal,cash_withdrawal,816,316,0,none,,,0
T0001184,D0001,salaried,2026-06-06 16:34:21,merchant_payment,out,151,M0226,City Ride (Sylhet),merchant,transport,transport,transport,13583,13432,0,none,,,0
T0001185,D0003,shop_owner,2026-06-06 19:27:25,receive_money,in,174,01019421433,,person,none,income,,5282,5456,0,none,,,0
T0001186,D0003,shop_owner,2026-06-06 19:37:59,cash_in,in,7000,A0241,Agent point A0241,agent,none,cash_in,,5456,12456,0,none,,,0
T0001187,D0003,shop_owner,2026-06-06 19:52:59,send_money,out,6500,01044146813,Babul (supplier),person,none,business_supplies,business,12456,5956,0,none,,,0
T0001188,D0003,shop_owner,2026-06-06 20:00:40,receive_money,in,340,01049830162,,person,none,income,,5956,6296,0,none,,,0
T0001189,D0004,irregular,2026-06-06 20:11:43,receive_money,in,1700,01060750274,Jahid (client),person,none,income,,316,2016,0,none,,,0
T0001190,D0003,shop_owner,2026-06-06 20:43:26,receive_money,in,534,01028781886,,person,none,income,,6296,6830,0,none,,,0
T0001191,D0002,student,2026-06-06 20:51:42,cash_in,in,500,A0013,Agent point A0013,agent,none,cash_in,,159,659,0,none,,,0
T0001192,D0001,salaried,2026-06-06 20:52:35,merchant_payment,out,354,M0131,Kabab Corner (Khulna),merchant,restaurant,eating_out,eating_out,13432,13078,0,none,,,0
T0001193,D0002,student,2026-06-06 20:58:42,merchant_payment,out,168,M0151,Dhaba Express (Gazipur),merchant,restaurant,eating_out,eating_out,659,491,0,none,,,0
T0001194,D0003,shop_owner,2026-06-06 21:45:44,receive_money,in,300,01069429482,,person,none,income,,6830,7130,0,none,,,0
T0001195,D0004,irregular,2026-06-06 22:05:18,receive_money,in,750,01060750274,Jahid (client),person,none,income,,2016,2766,0,none,,,0
T0001196,D0004,irregular,2026-06-06 22:21:20,cash_out,out,600,A0038,Agent point A0038,agent,none,cash_withdrawal,cash_withdrawal,2766,2166,0,none,,,0
T0001197,D0003,shop_owner,2026-06-06 22:29:30,receive_money,in,340,01074424090,,person,none,income,,7130,7470,0,none,,,0
T0001198,D0004,irregular,2026-06-06 22:38:12,send_money,out,1600,01037459710,Ruma (family),person,none,family_support,family_support,2166,566,0,none,,,0
T0001199,D0004,irregular,2026-06-06 23:50:46,mobile_recharge,out,20,OP-3,Operator C,operator,telecom,mobile_recharge,mobile_recharge,566,546,0,none,,,0
T0001200,D0003,shop_owner,2026-06-07 06:09:43,receive_money,in,575,01014033484,,person,none,income,,7470,8045,0,none,,,0
T0001201,D0001,salaried,2026-06-07 07:56:24,merchant_payment,out,136,M0268,Launch Ticket Desk (Mohammadpur),merchant,transport,transport,transport,13078,12942,0,none,,,0
T0001202,D0002,student,2026-06-07 08:14:30,merchant_payment,out,156,M0258,Jatri Ride (Savar),merchant,transport,transport,transport,491,335,0,none,,,0
T0001203,D0003,shop_owner,2026-06-07 09:03:05,receive_money,in,969,01065652707,,person,none,income,,8045,9014,0,none,,,0
T0001204,D0003,shop_owner,2026-06-07 09:41:55,receive_money,in,480,01091871870,,person,none,income,,9014,9494,0,none,,,0
T0001205,D0003,shop_owner,2026-06-07 09:43:03,receive_money,in,168,01062954877,,person,none,income,,9494,9662,0,none,,,0
T0001206,D0003,shop_owner,2026-06-07 09:53:00,receive_money,in,504,01006611507,,person,none,income,,9662,10166,0,none,,,0
T0001207,D0003,shop_owner,2026-06-07 10:42:43,receive_money,in,656,01028960200,,person,none,income,,10166,10822,0,none,,,0
T0001208,D0003,shop_owner,2026-06-07 10:49:01,cash_in,in,4000,A0241,Agent point A0241,agent,none,cash_in,,10822,14822,0,none,,,0
T0001209,D0003,shop_owner,2026-06-07 11:27:01,cash_out,out,13000,A0145,Agent point A0145,agent,none,cash_withdrawal,cash_withdrawal,14822,1822,0,none,,,0
T0001210,D0003,shop_owner,2026-06-07 11:38:13,receive_money,in,271,01027907765,,person,none,income,,1822,2093,0,none,,,0
T0001211,D0003,shop_owner,2026-06-07 14:31:27,receive_money,in,510,01088820949,,person,none,income,,2093,2603,0,none,,,0
T0001212,D0003,shop_owner,2026-06-07 14:48:28,receive_money,in,375,01044741053,,person,none,income,,2603,2978,0,none,,,0
T0001213,D0003,shop_owner,2026-06-07 15:31:19,merchant_payment,out,582,M0189,Tehari House (Chattogram),merchant,restaurant,eating_out,eating_out,2978,2396,0,none,,,0
T0001214,D0004,irregular,2026-06-07 18:40:37,cash_in,in,7500,A0038,Agent point A0038,agent,none,cash_in,,546,8046,0,none,,,0
T0001215,D0003,shop_owner,2026-06-07 18:45:58,receive_money,in,222,01020689395,,person,none,income,,2396,2618,0,none,,,0
T0001216,D0004,irregular,2026-06-07 19:09:37,send_money,out,7000,01037459710,Ruma (family),person,none,family_support,family_support,8046,1046,0,none,,,0
T0001217,D0003,shop_owner,2026-06-07 20:54:19,receive_money,in,206,01028960200,,person,none,income,,2618,2824,0,none,,,0
T0001218,D0003,shop_owner,2026-06-08 07:25:56,receive_money,in,525,01032824569,,person,none,income,,2824,3349,0,none,,,0
T0001219,D0001,salaried,2026-06-08 08:36:53,merchant_payment,out,515,M0216,Khichuri Kitchen (Rajshahi),merchant,restaurant,eating_out,eating_out,12942,12427,0,none,,,0
T0001220,D0003,shop_owner,2026-06-08 08:49:20,receive_money,in,173,01014033484,,person,none,income,,3349,3522,0,none,,,0
T0001221,D0001,salaried,2026-06-08 08:51:11,merchant_payment,out,241,M0226,City Ride (Sylhet),merchant,transport,transport,transport,12427,12186,0,none,,,0
T0001222,D0002,student,2026-06-08 09:22:31,receive_money,in,13000,01090664167,Mamun (parent),person,none,income,,335,13335,0,none,,,0
T0001223,D0003,shop_owner,2026-06-08 11:05:27,receive_money,in,224,01005897865,,person,none,income,,3522,3746,0,none,,,0
T0001224,D0003,shop_owner,2026-06-08 12:07:00,receive_money,in,863,01023102704,,person,none,income,,3746,4609,0,none,,,0
T0001225,D0003,shop_owner,2026-06-08 12:37:55,receive_money,in,659,01047752703,,person,none,income,,4609,5268,0,none,,,0
T0001226,D0003,shop_owner,2026-06-08 12:54:23,receive_money,in,300,01096496730,,person,none,income,,5268,5568,0,none,,,0
T0001227,D0003,shop_owner,2026-06-08 13:46:08,receive_money,in,468,01027220283,,person,none,income,,5568,6036,0,none,,,0
T0001228,D0003,shop_owner,2026-06-08 14:29:15,receive_money,in,245,01046049903,,person,none,income,,6036,6281,0,none,,,0
T0001229,D0001,salaried,2026-06-08 14:47:54,bill_payment,out,1050,B-NET,FiberLink Internet,biller,utility,internet,internet,12186,11136,0,none,,,0
T0001230,D0002,student,2026-06-08 14:54:25,merchant_payment,out,162,M0151,Dhaba Express (Gazipur),merchant,restaurant,eating_out,eating_out,13335,13173,0,none,,,0
T0001231,D0002,student,2026-06-08 15:03:29,mobile_recharge,out,300,OP-2,Operator B,operator,telecom,mobile_recharge,mobile_recharge,13173,12873,0,none,,,0
T0001232,D0003,shop_owner,2026-06-08 16:14:37,receive_money,in,463,01015487514,,person,none,income,,6281,6744,0,none,,,0
T0001233,D0004,irregular,2026-06-08 17:56:45,merchant_payment,out,581,M0082,Kacha Bazar Shop (Sylhet),merchant,grocery,groceries,groceries,1046,465,0,none,,,0
T0001234,D0003,shop_owner,2026-06-08 22:18:19,receive_money,in,402,01054492965,,person,none,income,,6744,7146,0,none,,,0
T0001235,D0003,shop_owner,2026-06-08 22:44:22,receive_money,in,715,01050804722,,person,none,income,,7146,7861,0,none,,,0
T0001236,D0003,shop_owner,2026-06-09 09:31:22,receive_money,in,249,01001769515,,person,none,income,,7861,8110,0,none,,,0
T0001237,D0003,shop_owner,2026-06-09 10:42:18,receive_money,in,482,01058322928,,person,none,income,,8110,8592,0,none,,,0
T0001238,D0003,shop_owner,2026-06-09 10:48:16,receive_money,in,772,01041517193,,person,none,income,,8592,9364,0,none,,,0
T0001239,D0003,shop_owner,2026-06-09 13:31:30,receive_money,in,400,01046319505,,person,none,income,,9364,9764,0,none,,,0
T0001240,D0003,shop_owner,2026-06-09 14:49:24,receive_money,in,1208,01051285383,,person,none,income,,9764,10972,0,none,,,0
T0001241,D0003,shop_owner,2026-06-09 15:51:17,receive_money,in,297,01028781886,,person,none,income,,10972,11269,0,none,,,0
T0001242,D0002,student,2026-06-09 17:18:44,merchant_payment,out,136,M0189,Tehari House (Chattogram),merchant,restaurant,eating_out,eating_out,12873,12737,0,none,,,0
T0001243,D0003,shop_owner,2026-06-09 18:52:50,receive_money,in,395,01049921971,,person,none,income,,11269,11664,0,none,,,0
T0001244,D0003,shop_owner,2026-06-09 19:13:47,receive_money,in,250,01089140469,,person,none,income,,11664,11914,0,none,,,0
T0001245,D0003,shop_owner,2026-06-09 20:24:22,receive_money,in,147,01086229786,,person,none,income,,11914,12061,0,none,,,0
T0001246,D0003,shop_owner,2026-06-09 20:51:20,receive_money,in,143,01027166196,,person,none,income,,12061,12204,0,none,,,0
T0001247,D0003,shop_owner,2026-06-09 20:57:21,receive_money,in,289,01092194794,,person,none,income,,12204,12493,0,none,,,0
T0001248,D0004,irregular,2026-06-09 21:24:03,receive_money,in,650,01060750274,Jahid (client),person,none,income,,465,1115,0,none,,,0
T0001249,D0002,student,2026-06-09 21:26:00,cash_out,out,7000,A0036,Agent point A0036,agent,none,cash_withdrawal,cash_withdrawal,12737,5737,0,none,,,0
T0001250,D0003,shop_owner,2026-06-09 21:29:38,receive_money,in,376,01081500092,,person,none,income,,12493,12869,0,none,,,0
T0001251,D0003,shop_owner,2026-06-09 21:32:55,receive_money,in,142,01053906142,,person,none,income,,12869,13011,0,none,,,0
T0001252,D0004,irregular,2026-06-09 22:01:11,cash_out,out,500,A0038,Agent point A0038,agent,none,cash_withdrawal,cash_withdrawal,1115,615,0,none,,,0
T0001253,D0003,shop_owner,2026-06-09 23:36:17,receive_money,in,64,01032647447,,person,none,income,,13011,13075,0,none,,,0
T0001254,D0002,student,2026-06-10 07:10:30,merchant_payment,out,381,M0258,Jatri Ride (Savar),merchant,transport,transport,transport,5737,5356,0,none,,,0
T0001255,D0003,shop_owner,2026-06-10 07:28:51,receive_money,in,537,01045150017,,person,none,income,,13075,13612,0,none,,,0
T0001256,D0003,shop_owner,2026-06-10 07:52:32,receive_money,in,404,01027333620,,person,none,income,,13612,14016,0,none,,,0
T0001257,D0001,salaried,2026-06-10 07:54:09,bill_payment,out,3066,B-ELEC,City Electric Supply,biller,utility,electricity,electricity,11136,8070,0,none,,,0
T0001258,D0003,shop_owner,2026-06-10 08:16:13,receive_money,in,187,01087108174,,person,none,income,,14016,14203,0,none,,,0
T0001259,D0003,shop_owner,2026-06-10 08:42:04,receive_money,in,256,01072793805,,person,none,income,,14203,14459,0,none,,,0
T0001260,D0001,salaried,2026-06-10 09:21:47,send_money,out,1800,01015746624,Nipa (friend),person,none,personal_transfer,friend,8070,6270,0,none,,,0
T0001261,D0003,shop_owner,2026-06-10 10:42:27,mobile_recharge,out,200,OP-2,Operator B,operator,telecom,mobile_recharge,mobile_recharge,14459,14259,0,none,,,0
T0001262,D0003,shop_owner,2026-06-10 10:50:19,receive_money,in,469,01014033484,,person,none,income,,14259,14728,0,none,,,0
T0001263,D0004,irregular,2026-06-10 12:08:01,cash_out,out,300,A0048,Agent point A0048,agent,none,cash_withdrawal,cash_withdrawal,615,315,0,none,,,0
T0001264,D0003,shop_owner,2026-06-10 12:09:06,receive_money,in,386,01053926872,,person,none,income,,14728,15114,0,none,,,0
T0001265,D0003,shop_owner,2026-06-10 12:18:03,merchant_payment,out,410,M0107,Biryani Ghor (Khulna),merchant,restaurant,eating_out,eating_out,15114,14704,0,none,,,0
T0001266,D0004,irregular,2026-06-10 13:10:45,merchant_payment,out,61,M0163,Mishti Mukh (Gazipur),merchant,restaurant,eating_out,eating_out,315,254,0,none,,,0
T0001267,D0003,shop_owner,2026-06-10 13:12:10,cash_out,out,7500,A0147,Agent point A0147,agent,none,cash_withdrawal,cash_withdrawal,14704,7204,0,none,,,0
T0001268,D0003,shop_owner,2026-06-10 14:06:59,receive_money,in,464,01001769515,,person,none,income,,7204,7668,0,none,,,0
T0001269,D0003,shop_owner,2026-06-10 15:09:10,receive_money,in,438,01054435177,,person,none,income,,7668,8106,0,none,,,0
T0001270,D0003,shop_owner,2026-06-10 16:27:03,receive_money,in,457,01006535604,,person,none,income,,8106,8563,0,none,,,0
T0001271,D0004,irregular,2026-06-10 16:31:11,receive_money,in,600,01060329534,,person,none,income,,254,854,0,none,,,0
T0001272,D0003,shop_owner,2026-06-10 17:38:04,receive_money,in,211,01051285383,,person,none,income,,8563,8774,0,none,,,0
T0001273,D0003,shop_owner,2026-06-10 17:45:21,receive_money,in,533,01089488874,,person,none,income,,8774,9307,0,none,,,0
T0001274,D0003,shop_owner,2026-06-10 17:59:58,receive_money,in,614,01058003436,,person,none,income,,9307,9921,0,none,,,0
T0001275,D0003,shop_owner,2026-06-10 18:32:13,merchant_payment,out,7484,M0453,Mohajon Supply (Chattogram),merchant,wholesale,business_supplies,business_supplies,9921,2437,0,none,,,0
T0001276,D0003,shop_owner,2026-06-10 19:05:59,receive_money,in,426,01041801772,,person,none,income,,2437,2863,0,none,,,0
T0001277,D0003,shop_owner,2026-06-10 19:47:36,receive_money,in,384,01035456281,,person,none,income,,2863,3247,0,none,,,0
T0001278,D0001,salaried,2026-06-10 21:03:05,merchant_payment,out,336,M0104,Biryani Ghor (Narayanganj),merchant,restaurant,eating_out,eating_out,6270,5934,0,none,,,0
T0001279,D0004,irregular,2026-06-11 08:03:33,mobile_recharge,out,50,OP-3,Operator C,operator,telecom,mobile_recharge,mobile_recharge,854,804,0,none,,,0
T0001280,D0002,student,2026-06-11 08:12:57,cash_in,in,1000,A0036,Agent point A0036,agent,none,cash_in,,5356,6356,0,none,,,0
T0001281,D0002,student,2026-06-11 08:24:57,cash_out,out,5500,A0059,Agent point A0059,agent,none,cash_withdrawal,cash_withdrawal,6356,856,0,none,,,0
T0001282,D0003,shop_owner,2026-06-11 09:57:48,receive_money,in,388,01065121382,,person,none,income,,3247,3635,0,none,,,0
T0001283,D0003,shop_owner,2026-06-11 10:31:15,receive_money,in,561,01090153124,,person,none,income,,3635,4196,0,none,,,0
T0001284,D0003,shop_owner,2026-06-11 12:25:54,receive_money,in,1160,01045032134,,person,none,income,,4196,5356,0,none,,,0
T0001285,D0003,shop_owner,2026-06-11 13:33:47,receive_money,in,140,01014033484,,person,none,income,,5356,5496,0,none,,,0
T0001286,D0003,shop_owner,2026-06-11 13:50:59,receive_money,in,651,01065217296,,person,none,income,,5496,6147,0,none,,,0
T0001287,D0001,salaried,2026-06-11 14:06:12,merchant_payment,out,654,M0064,Poribar Mart (Mohammadpur),merchant,grocery,groceries,groceries,5934,5280,0,none,,,0
T0001288,D0004,irregular,2026-06-11 14:41:02,mobile_recharge,out,50,OP-3,Operator C,operator,telecom,mobile_recharge,mobile_recharge,804,754,0,none,,,0
T0001289,D0003,shop_owner,2026-06-11 15:32:11,receive_money,in,489,01049112123,,person,none,income,,6147,6636,0,none,,,0
T0001290,D0003,shop_owner,2026-06-11 16:09:53,receive_money,in,537,01085343632,,person,none,income,,6636,7173,0,none,,,0
T0001291,D0002,student,2026-06-11 18:24:36,merchant_payment,out,80,M0238,Nogor Bus Counter (Sylhet),merchant,transport,transport,transport,856,776,0,none,,,0
T0001292,D0003,shop_owner,2026-06-11 18:34:41,receive_money,in,500,01056230851,,person,none,income,,7173,7673,0,none,,,0
T0001293,D0003,shop_owner,2026-06-11 19:18:13,receive_money,in,1037,01088146628,,person,none,income,,7673,8710,0,none,,,0
T0001294,D0003,shop_owner,2026-06-11 19:47:53,receive_money,in,274,01052592877,,person,none,income,,8710,8984,0,none,,,0
T0001295,D0001,salaried,2026-06-11 20:23:12,merchant_payment,out,1108,M0064,Poribar Mart (Mohammadpur),merchant,grocery,groceries,groceries,5280,4172,0,none,,,0
T0001296,D0003,shop_owner,2026-06-11 20:32:18,receive_money,in,381,01069678633,,person,none,income,,8984,9365,0,none,,,0
T0001297,D0003,shop_owner,2026-06-11 20:45:54,receive_money,in,497,01047432131,,person,none,income,,9365,9862,0,none,,,0
T0001298,D0004,irregular,2026-06-11 20:52:47,receive_money,in,600,01048737655,,person,none,income,,754,1354,0,none,,,0
T0001299,D0002,student,2026-06-11 21:06:51,merchant_payment,out,280,M0086,Jononi Traders (Dhanmondi),merchant,grocery,groceries,groceries,776,496,0,none,,,0
T0001300,D0003,shop_owner,2026-06-11 21:44:52,receive_money,in,439,01002690125,,person,none,income,,9862,10301,0,none,,,0
T0001301,D0003,shop_owner,2026-06-11 21:45:35,receive_money,in,682,01061026834,,person,none,income,,10301,10983,0,none,,,0
T0001302,D0002,student,2026-06-12 01:23:10,merchant_payment,out,201,M0189,Tehari House (Chattogram),merchant,restaurant,eating_out,eating_out,496,295,0,none,,,0
T0001303,D0002,student,2026-06-12 02:17:29,merchant_payment,out,133,M0191,Tehari House (Khulna),merchant,restaurant,eating_out,eating_out,295,162,0,none,,,0
T0001304,D0003,shop_owner,2026-06-12 09:16:10,merchant_payment,out,6286,M0453,Mohajon Supply (Chattogram),merchant,wholesale,business_supplies,business_supplies,10983,4697,0,none,,,0
T0001305,D0002,student,2026-06-12 12:09:20,receive_money,in,5500,01026757907,Rakib (client),person,none,income,,162,5662,0,none,,,0
T0001306,D0001,salaried,2026-06-12 12:38:12,bill_payment,out,3000,B-DPS,Shonchoy DPS,biller,bank,savings,savings,4172,1172,0,none,,,0
T0001307,D0002,student,2026-06-12 15:29:21,merchant_payment,out,226,M0086,Jononi Traders (Dhanmondi),merchant,grocery,groceries,groceries,5662,5436,0,none,,,0
T0001308,D0004,irregular,2026-06-12 17:03:26,receive_money,in,700,01093614877,Hasib (client),person,none,income,,1354,2054,0,none,,,0
T0001309,D0003,shop_owner,2026-06-12 17:42:36,merchant_payment,out,1200,M0071,Poribar Mart (Khulna),merchant,grocery,groceries,groceries,4697,3497,0,none,,,0
T0001310,D0003,shop_owner,2026-06-12 18:06:27,cash_in,in,27500,A0241,Agent point A0241,agent,none,cash_in,,3497,30997,0,none,,,0
T0001311,D0003,shop_owner,2026-06-12 18:39:27,merchant_payment,out,24406,M0453,Mohajon Supply (Chattogram),merchant,wholesale,business_supplies,business_supplies,30997,6591,0,none,,,0
T0001312,D0003,shop_owner,2026-06-12 19:24:11,send_money,out,6000,01044146813,Babul (supplier),person,none,business_supplies,business,6591,591,0,none,,,0
T0001313,D0002,student,2026-06-12 20:14:38,merchant_payment,out,187,M0189,Tehari House (Chattogram),merchant,restaurant,eating_out,eating_out,5436,5249,0,none,,,0
T0001314,D0001,salaried,2026-06-12 20:27:34,merchant_payment,out,417,M0165,Mishti Mukh (Chattogram),merchant,restaurant,eating_out,eating_out,1172,755,0,none,,,0
T0001315,D0003,shop_owner,2026-06-12 21:29:23,cash_in,in,18500,A0241,Agent point A0241,agent,none,cash_in,,591,19091,0,none,,,0
T0001316,D0003,shop_owner,2026-06-12 22:06:23,send_money,out,14500,01014602012,Poly (friend),person,none,personal_transfer,friend,19091,4591,0,none,,lend_friend,0
T0001317,D0003,shop_owner,2026-06-13 07:08:31,receive_money,in,276,01047516493,,person,none,income,,4591,4867,0,none,,,0
T0001318,D0003,shop_owner,2026-06-13 07:50:16,receive_money,in,403,01072774403,,person,none,income,,4867,5270,0,none,,,0
T0001319,D0003,shop_owner,2026-06-13 07:51:13,receive_money,in,213,01051285383,,person,none,income,,5270,5483,0,none,,,0
T0001320,D0002,student,2026-06-13 08:21:03,merchant_payment,out,211,M0228,City Ride (Rajshahi),merchant,transport,transport,transport,5249,5038,0,none,,,0
T0001321,D0001,salaried,2026-06-13 09:21:00,merchant_payment,out,331,M0216,Khichuri Kitchen (Rajshahi),merchant,restaurant,eating_out,eating_out,755,424,0,none,,,0
T0001322,D0004,irregular,2026-06-13 09:53:50,merchant_payment,out,44,M0221,City Ride (Banani),merchant,transport,transport,transport,2054,2010,0,none,,,0
T0001323,D0003,shop_owner,2026-06-13 09:54:53,merchant_payment,out,231,M0252,Rail Ticket Counter (Rajshahi),merchant,transport,transport,transport,5483,5252,0,none,,,0
T0001324,D0003,shop_owner,2026-06-13 12:11:13,merchant_payment,out,1360,M0018,Notun Bazar Mart (Savar),merchant,grocery,other,groceries,5252,3892,0,none,,,0
T0001325,D0003,shop_owner,2026-06-13 13:53:28,cash_in,in,5500,A0241,Agent point A0241,agent,none,cash_in,,3892,9392,0,none,,,0
T0001326,D0003,shop_owner,2026-06-13 14:09:28,send_money,out,5500,01062067985,Shirin (family),person,none,family_support,family_support,9392,3892,0,none,,,0
T0001327,D0003,shop_owner,2026-06-13 14:39:15,receive_money,in,129,01056829744,,person,none,income,,3892,4021,0,none,,,0
T0001328,D0003,shop_owner,2026-06-13 14:46:09,receive_money,in,439,01020836621,,person,none,income,,4021,4460,0,none,,,0
T0001329,D0001,salaried,2026-06-13 15:03:14,cash_in,in,2000,A0130,Agent point A0130,agent,none,cash_in,,424,2424,0,none,,,0
T0001330,D0001,salaried,2026-06-13 15:18:14,send_money,out,1900,01019795839,,person,none,personal_transfer,friend,2424,524,0,none,,,0
T0001331,D0003,shop_owner,2026-06-13 16:19:18,receive_money,in,3154,01065457086,,person,none,income,,4460,7614,0,none,,,0
T0001332,D0003,shop_owner,2026-06-13 17:02:58,bill_payment,out,4223,B-ELEC,City Electric Supply,biller,utility,electricity,electricity,7614,3391,0,none,,,0
T0001333,D0003,shop_owner,2026-06-13 17:09:17,bill_payment,out,1190,B-NET,FiberLink Internet,biller,utility,internet,internet,3391,2201,0,none,,,0
T0001334,D0003,shop_owner,2026-06-13 17:13:24,receive_money,in,260,01043523002,,person,none,income,,2201,2461,0,none,,,0
T0001335,D0003,shop_owner,2026-06-13 18:10:49,receive_money,in,106,01052529328,,person,none,income,,2461,2567,0,none,,,0
T0001336,D0003,shop_owner,2026-06-13 18:18:55,receive_money,in,431,01023044866,,person,none,income,,2567,2998,0,none,,,0
T0001337,D0003,shop_owner,2026-06-13 19:30:08,receive_money,in,207,01091871870,,person,none,income,,2998,3205,0,none,,,0
T0001338,D0003,shop_owner,2026-06-13 19:54:04,receive_money,in,922,01028960200,,person,none,income,,3205,4127,0,none,,,0
T0001339,D0003,shop_owner,2026-06-13 19:58:03,receive_money,in,256,01032933416,,person,none,income,,4127,4383,0,none,,,0
T0001340,D0003,shop_owner,2026-06-13 20:28:06,receive_money,in,332,01024436084,,person,none,income,,4383,4715,0,none,,,0
T0001341,D0004,irregular,2026-06-13 21:17:58,cash_out,out,300,A0239,Agent point A0239,agent,none,cash_withdrawal,cash_withdrawal,2010,1710,0,none,,,0
T0001342,D0003,shop_owner,2026-06-13 21:39:46,receive_money,in,973,01039910533,,person,none,income,,4715,5688,0,none,,,0
T0001343,D0001,salaried,2026-06-13 21:50:14,cash_in,in,2000,A0130,Agent point A0130,agent,none,cash_in,,524,2524,0,none,,,0
T0001344,D0001,salaried,2026-06-13 22:15:14,merchant_payment,out,1823,M0304,Rong Fashion (Mohammadpur),merchant,online_shop,shopping,shopping,2524,701,0,none,,,0
T0001345,D0004,irregular,2026-06-13 22:31:30,cash_out,out,500,A0038,Agent point A0038,agent,none,cash_withdrawal,cash_withdrawal,1710,1210,0,none,,,0
T0001346,D0003,shop_owner,2026-06-14 08:11:36,receive_money,in,159,01098063307,,person,none,income,,5688,5847,0,none,,,0
T0001347,D0002,student,2026-06-14 09:07:09,merchant_payment,out,106,M0258,Jatri Ride (Savar),merchant,transport,transport,transport,5038,4932,0,none,,,0
T0001348,D0002,student,2026-06-14 09:34:21,merchant_payment,out,215,M0234,Nogor Bus Counter (Savar),merchant,transport,transport,transport,4932,4717,0,none,,,0
T0001349,D0003,shop_owner,2026-06-14 09:39:12,receive_money,in,313,01097327147,,person,none,income,,5847,6160,0,none,,,0
T0001350,D0003,shop_owner,2026-06-14 09:52:16,receive_money,in,596,01067854551,,person,none,income,,6160,6756,0,none,,,0
T0001351,D0003,shop_owner,2026-06-14 12:48:27,receive_money,in,673,01032933416,,person,none,income,,6756,7429,0,none,,,0
T0001352,D0001,salaried,2026-06-14 13:39:18,merchant_payment,out,641,M0064,Poribar Mart (Mohammadpur),merchant,grocery,groceries,groceries,701,60,0,none,,,0
T0001353,D0003,shop_owner,2026-06-14 16:07:05,receive_money,in,716,01014943292,,person,none,income,,7429,8145,0,none,,,0
T0001354,D0003,shop_owner,2026-06-14 16:29:31,receive_money,in,184,01081812389,,person,none,income,,8145,8329,0,none,,,0
T0001355,D0002,student,2026-06-14 17:54:57,merchant_payment,out,59,M0258,Jatri Ride (Savar),merchant,transport,transport,transport,4717,4658,0,none,,,0
T0001356,D0002,student,2026-06-14 18:24:28,mobile_recharge,out,150,OP-2,Operator B,operator,telecom,mobile_recharge,mobile_recharge,4658,4508,0,none,,,0
T0001357,D0002,student,2026-06-14 19:50:23,mobile_recharge,out,150,OP-2,Operator B,operator,telecom,mobile_recharge,mobile_recharge,4508,4358,0,none,,,0
T0001358,D0003,shop_owner,2026-06-14 20:24:00,receive_money,in,1460,01097292146,,person,none,income,,8329,9789,0,none,,,0
T0001359,D0003,shop_owner,2026-06-14 21:46:27,receive_money,in,436,01060633514,,person,none,income,,9789,10225,0,none,,,0
T0001360,D0002,student,2026-06-14 22:19:09,merchant_payment,out,109,M0189,Tehari House (Chattogram),merchant,restaurant,eating_out,eating_out,4358,4249,0,none,,,0
T0001361,D0003,shop_owner,2026-06-15 06:05:52,receive_money,in,1760,01088189109,,person,none,income,,10225,11985,0,none,,,0
T0001362,D0003,shop_owner,2026-06-15 08:49:42,receive_money,in,667,01094201825,,person,none,income,,11985,12652,0,none,,,0
T0001363,D0003,shop_owner,2026-06-15 10:01:52,receive_money,in,235,01073387105,,person,none,income,,12652,12887,0,none,,,0
T0001364,D0003,shop_owner,2026-06-15 10:51:01,receive_money,in,336,01098102589,,person,none,income,,12887,13223,0,none,,,0
T0001365,D0003,shop_owner,2026-06-15 11:06:26,receive_money,in,795,01016285925,,person,none,income,,13223,14018,0,none,,,0
T0001366,D0001,salaried,2026-06-15 13:38:10,cash_in,in,2500,A0130,Agent point A0130,agent,none,cash_in,,60,2560,0,none,,,0
T0001367,D0003,shop_owner,2026-06-15 14:06:05,receive_money,in,493,01073113311,,person,none,income,,14018,14511,0,none,,,0
T0001368,D0003,shop_owner,2026-06-15 14:09:27,merchant_payment,out,2350,M0453,Mohajon Supply (Chattogram),merchant,wholesale,business_supplies,business_supplies,14511,12161,0,none,,,0
T0001369,D0001,salaried,2026-06-15 14:19:10,bill_payment,out,1080,B-GAS,Metro Gas,biller,utility,gas,gas,2560,1480,0,none,,,0
T0001370,D0001,salaried,2026-06-15 15:21:10,merchant_payment,out,561,M0001,Shapla General Store (Mirpur),merchant,grocery,groceries,groceries,1480,919,0,none,,,0
T0001371,D0003,shop_owner,2026-06-15 16:11:31,receive_money,in,552,01059040066,,person,none,income,,12161,12713,0,none,,,0
T0001372,D0003,shop_owner,2026-06-15 16:56:34,receive_money,in,352,01078158532,,person,none,income,,12713,13065,0,none,,,0
T0001373,D0004,irregular,2026-06-15 17:02:52,receive_money,in,950,01061866158,Rubel (client),person,none,income,,1210,2160,0,none,,,0
T0001374,D0003,shop_owner,2026-06-15 17:14:59,merchant_payment,out,192,M0262,Jatri Ride (Sylhet),merchant,transport,transport,transport,13065,12873,0,none,,,0
T0001375,D0003,shop_owner,2026-06-15 18:54:56,receive_money,in,205,01048031189,,person,none,income,,12873,13078,0,none,,,0
T0001376,D0001,salaried,2026-06-15 20:50:30,merchant_payment,out,343,M0183,Tehari House (Uttara),merchant,restaurant,eating_out,eating_out,919,576,0,none,,,0
T0001377,D0003,shop_owner,2026-06-15 20:57:41,receive_money,in,110,01095340014,,person,none,income,,13078,13188,0,none,,,0
T0001378,D0002,student,2026-06-16 08:47:34,merchant_payment,out,59,M0272,Launch Ticket Desk (Narayanganj),merchant,transport,transport,transport,4249,4190,0,none,,,0
T0001379,D0003,shop_owner,2026-06-16 08:52:59,receive_money,in,487,01094480371,,person,none,income,,13188,13675,0,none,,,0
T0001380,D0003,shop_owner,2026-06-16 09:03:18,receive_money,in,430,01011303403,,person,none,income,,13675,14105,0,none,,,0
T0001381,D0003,shop_owner,2026-06-16 11:47:38,receive_money,in,209,01084689865,,person,none,income,,14105,14314,0,none,,,0
T0001382,D0001,salaried,2026-06-16 11:59:55,merchant_payment,out,134,M0268,Launch Ticket Desk (Mohammadpur),merchant,transport,transport,transport,576,442,0,none,,,0
T0001383,D0003,shop_owner,2026-06-16 12:02:51,merchant_payment,out,815,M0107,Biryani Ghor (Khulna),merchant,restaurant,eating_out,eating_out,14314,13499,0,none,,,0
T0001384,D0003,shop_owner,2026-06-16 13:18:38,receive_money,in,538,01049112123,,person,none,income,,13499,14037,0,none,,,0
T0001385,D0004,irregular,2026-06-16 14:05:27,mobile_recharge,out,100,OP-3,Operator C,operator,telecom,mobile_recharge,mobile_recharge,2160,2060,0,none,,,0
T0001386,D0003,shop_owner,2026-06-16 15:07:41,receive_money,in,429,01007392540,,person,none,income,,14037,14466,0,none,,,0
T0001387,D0002,student,2026-06-16 15:50:35,merchant_payment,out,700,M0339,Style Bazar (Uttara),merchant,online_shop,shopping,shopping,4190,3490,0,none,,,0
T0001388,D0003,shop_owner,2026-06-16 16:10:04,receive_money,in,262,01006535604,,person,none,income,,14466,14728,0,none,,,0
T0001389,D0003,shop_owner,2026-06-16 18:27:08,receive_money,in,372,01014033484,,person,none,income,,14728,15100,0,none,,,0
T0001390,D0003,shop_owner,2026-06-16 18:32:10,receive_money,in,299,01049112123,,person,none,income,,15100,15399,0,none,,,0
T0001391,D0003,shop_owner,2026-06-16 18:51:39,receive_money,in,494,01041587300,,person,none,income,,15399,15893,0,none,,,0
T0001392,D0003,shop_owner,2026-06-16 20:44:36,cash_out,out,5500,A0022,Agent point A0022,agent,none,cash_withdrawal,cash_withdrawal,15893,10393,0,none,,,0
T0001393,D0004,irregular,2026-06-16 21:15:18,receive_money,in,700,01060750274,Jahid (client),person,none,income,,2060,2760,0,none,,,0
T0001394,D0003,shop_owner,2026-06-16 22:53:47,receive_money,in,190,01019664029,,person,none,income,,10393,10583,0,none,,,0
T0001395,D0003,shop_owner,2026-06-17 07:15:36,receive_money,in,359,01001769515,,person,none,income,,10583,10942,0,none,,,0
T0001396,D0001,salaried,2026-06-17 08:42:17,cash_in,in,2500,A0130,Agent point A0130,agent,none,cash_in,,442,2942,0,none,,,0
T0001397,D0001,salaried,2026-06-17 09:14:17,merchant_payment,out,1059,M0064,Poribar Mart (Mohammadpur),merchant,grocery,groceries,groceries,2942,1883,0,none,,,0
T0001398,D0003,shop_owner,2026-06-17 09:38:11,receive_money,in,362,01023102704,,person,none,income,,10942,11304,0,none,,,0
T0001399,D0003,shop_owner,2026-06-17 09:52:33,cash_out,out,5500,A0241,Agent point A0241,agent,none,cash_withdrawal,cash_withdrawal,11304,5804,0,none,,,0
T0001400,D0003,shop_owner,2026-06-17 10:07:32,receive_money,in,142,01043388554,,person,none,income,,5804,5946,0,none,,,0
T0001401,D0003,shop_owner,2026-06-17 11:20:10,receive_money,in,694,01085509990,,person,none,income,,5946,6640,0,none,,,0
T0001402,D0003,shop_owner,2026-06-17 12:14:40,receive_money,in,112,01094480371,,person,none,income,,6640,6752,0,none,,,0
T0001403,D0004,irregular,2026-06-17 12:17:52,merchant_payment,out,72,M0161,Mishti Mukh (Banani),merchant,restaurant,eating_out,eating_out,2760,2688,0,none,,,0
T0001404,D0001,salaried,2026-06-17 13:27:51,merchant_payment,out,366,M0216,Khichuri Kitchen (Rajshahi),merchant,restaurant,eating_out,eating_out,1883,1517,0,none,,,0
T0001405,D0001,salaried,2026-06-17 15:06:38,mobile_recharge,out,100,OP-2,Operator B,operator,telecom,mobile_recharge,mobile_recharge,1517,1417,0,none,,,0
T0001406,D0003,shop_owner,2026-06-17 16:40:04,receive_money,in,202,01050973015,,person,none,income,,6752,6954,0,none,,,0
T0001407,D0003,shop_owner,2026-06-17 17:29:18,cash_out,out,6500,A0145,Agent point A0145,agent,none,cash_withdrawal,cash_withdrawal,6954,454,0,none,,,0
T0001408,D0003,shop_owner,2026-06-17 18:18:12,receive_money,in,363,01078493731,,person,none,income,,454,817,0,none,,,0
T0001409,D0004,irregular,2026-06-17 18:26:36,merchant_payment,out,105,M0161,Mishti Mukh (Banani),merchant,restaurant,eating_out,eating_out,2688,2583,0,none,,,0
T0001410,D0003,shop_owner,2026-06-17 19:12:30,receive_money,in,332,01000059615,,person,none,income,,817,1149,0,none,,,0
T0001411,D0003,shop_owner,2026-06-17 19:54:57,receive_money,in,241,01028960200,,person,none,income,,1149,1390,0,none,,,0
T0001412,D0003,shop_owner,2026-06-17 20:36:15,receive_money,in,498,01020836621,,person,none,income,,1390,1888,0,none,,,0
T0001413,D0003,shop_owner,2026-06-17 20:58:28,cash_in,in,4000,A0241,Agent point A0241,agent,none,cash_in,,1888,5888,0,none,,,0
T0001414,D0003,shop_owner,2026-06-17 21:09:28,cash_out,out,5000,A0246,Agent point A0246,agent,none,cash_withdrawal,cash_withdrawal,5888,888,0,none,,,0
T0001415,D0003,shop_owner,2026-06-18 07:16:10,cash_in,in,18000,A0241,Agent point A0241,agent,none,cash_in,,888,18888,0,none,,,0
T0001416,D0003,shop_owner,2026-06-18 07:52:10,cash_out,out,14000,A0145,Agent point A0145,agent,none,cash_withdrawal,cash_withdrawal,18888,4888,0,none,,,0
T0001417,D0003,shop_owner,2026-06-18 11:31:22,receive_money,in,525,01064626539,,person,none,income,,4888,5413,0,none,,,0
T0001418,D0003,shop_owner,2026-06-18 12:42:03,merchant_payment,out,273,M0107,Biryani Ghor (Khulna),merchant,restaurant,eating_out,eating_out,5413,5140,0,none,,,0
T0001419,D0003,shop_owner,2026-06-18 13:28:36,receive_money,in,86,01031976263,,person,none,income,,5140,5226,0,none,,,0
T0001420,D0003,shop_owner,2026-06-18 15:31:08,receive_money,in,187,01046715332,,person,none,income,,5226,5413,0,none,,,0
T0001421,D0003,shop_owner,2026-06-18 15:52:52,cash_in,in,9500,A0153,Agent point A0153,agent,none,cash_in,,5413,14913,0,none,,,0
T0001422,D0003,shop_owner,2026-06-18 16:25:52,merchant_payment,out,9190,M0453,Mohajon Supply (Chattogram),merchant,wholesale,business_supplies,business_supplies,14913,5723,0,none,,,0
T0001423,D0003,shop_owner,2026-06-18 16:25:57,cash_in,in,13000,A0241,Agent point A0241,agent,none,cash_in,,5723,18723,0,none,,,0
T0001424,D0003,shop_owner,2026-06-18 16:29:04,merchant_payment,out,11940,M0453,Mohajon Supply (Chattogram),merchant,wholesale,business_supplies,business_supplies,18723,6783,0,none,,,0
T0001425,D0003,shop_owner,2026-06-18 17:06:16,receive_money,in,1384,01060042797,,person,none,income,,6783,8167,0,none,,,0
T0001426,D0004,irregular,2026-06-18 17:13:55,merchant_payment,out,74,M0221,City Ride (Banani),merchant,transport,transport,transport,2583,2509,0,none,,,0
T0001427,D0001,salaried,2026-06-18 17:26:50,merchant_payment,out,88,M0226,City Ride (Sylhet),merchant,transport,transport,transport,1417,1329,0,none,,,0
T0001428,D0002,student,2026-06-18 17:51:44,merchant_payment,out,205,M0258,Jatri Ride (Savar),merchant,transport,transport,transport,3490,3285,0,none,,,0
T0001429,D0003,shop_owner,2026-06-18 19:56:51,receive_money,in,81,01091871870,,person,none,income,,8167,8248,0,none,,,0
T0001430,D0004,irregular,2026-06-18 20:52:52,receive_money,in,700,01061866158,Rubel (client),person,none,income,,2509,3209,0,none,,,0
T0001431,D0003,shop_owner,2026-06-18 21:22:17,receive_money,in,167,01086951732,,person,none,income,,8248,8415,0,none,,,0
T0001432,D0002,student,2026-06-18 22:52:04,merchant_payment,out,157,M0110,Cha Adda (Dhanmondi),merchant,restaurant,eating_out,eating_out,3285,3128,0,none,,,0
T0001433,D0003,shop_owner,2026-06-18 23:13:46,receive_money,in,179,01094786095,,person,none,income,,8415,8594,0,none,,,0
T0001434,D0003,shop_owner,2026-06-19 09:48:57,mobile_recharge,out,200,OP-2,Operator B,operator,telecom,mobile_recharge,mobile_recharge,8594,8394,0,none,,,0
T0001435,D0003,shop_owner,2026-06-19 11:37:37,send_money,out,3800,01061394525,Arif (supplier),person,none,business_supplies,business,8394,4594,0,none,,,0
T0001436,D0001,salaried,2026-06-19 12:07:18,merchant_payment,out,331,M0131,Kabab Corner (Khulna),merchant,restaurant,eating_out,eating_out,1329,998,0,none,,,0
T0001437,D0003,shop_owner,2026-06-19 16:49:38,merchant_payment,out,487,M0189,Tehari House (Chattogram),merchant,restaurant,eating_out,eating_out,4594,4107,0,none,,,0
T0001438,D0003,shop_owner,2026-06-20 08:22:57,receive_money,in,1174,01049112123,,person,none,income,,4107,5281,0,none,,,0
T0001439,D0003,shop_owner,2026-06-20 09:41:39,receive_money,in,308,01022089866,,person,none,income,,5281,5589,0,none,,,0
T0001440,D0003,shop_owner,2026-06-20 10:00:22,receive_money,in,118,01073282975,,person,none,income,,5589,5707,0,none,,,0
T0001441,D0001,salaried,2026-06-20 11:12:18,bill_payment,out,640,B-WATER,City Water Authority,biller,utility,water,water,998,358,0,none,,,0
T0001442,D0003,shop_owner,2026-06-20 12:41:24,merchant_payment,out,1801,M0439,Chawk Traders (Gazipur),merchant,wholesale,business_supplies,business_supplies,5707,3906,0,none,,,0
T0001443,D0004,irregular,2026-06-20 16:38:04,receive_money,in,550,01020985059,Abdur (client),person,none,income,,3209,3759,0,none,,,0
T0001444,D0001,salaried,2026-06-20 17:57:09,cash_in,in,2000,A0130,Agent point A0130,agent,none,cash_in,,358,2358,0,none,,,0
T0001445,D0003,shop_owner,2026-06-20 18:01:57,merchant_payment,out,350,M0105,Biryani Ghor (Chattogram),merchant,restaurant,eating_out,eating_out,3906,3556,0,none,,,0
T0001446,D0003,shop_owner,2026-06-20 18:18:45,merchant_payment,out,162,M0252,Rail Ticket Counter (Rajshahi),merchant,transport,transport,transport,3556,3394,0,none,,,0
T0001447,D0001,salaried,2026-06-20 18:34:09,merchant_payment,out,360,M0216,Khichuri Kitchen (Rajshahi),merchant,restaurant,other,eating_out,2358,1998,0,none,,,0
T0001448,D0003,shop_owner,2026-06-20 19:29:01,receive_money,in,529,01074987212,,person,none,income,,3394,3923,0,none,,,0
T0001449,D0003,shop_owner,2026-06-20 19:47:58,receive_money,in,171,01028960200,,person,none,income,,3923,4094,0,none,,,0
T0001450,D0003,shop_owner,2026-06-20 19:52:36,receive_money,in,159,01088189109,,person,none,income,,4094,4253,0,none,,,0
T0001451,D0004,irregular,2026-06-20 19:57:29,send_money,out,900,01037459710,Ruma (family),person,none,family_support,family_support,3759,2859,0,none,,,0
T0001452,D0003,shop_owner,2026-06-20 20:39:59,receive_money,in,293,01016847195,,person,none,income,,4253,4546,0,none,,,0
T0001453,D0004,irregular,2026-06-20 21:23:25,send_money,out,950,01037459710,Ruma (family),person,none,family_support,family_support,2859,1909,0,none,,,0
T0001454,D0002,student,2026-06-20 22:39:28,merchant_payment,out,143,M0151,Dhaba Express (Gazipur),merchant,restaurant,eating_out,eating_out,3128,2985,0,none,,,0
T0001455,D0003,shop_owner,2026-06-20 22:40:01,receive_money,in,265,01020836621,,person,none,income,,4546,4811,0,none,,,0
T0001456,D0003,shop_owner,2026-06-21 08:13:50,receive_money,in,286,01032933416,,person,none,income,,4811,5097,0,none,,,0
T0001457,D0003,shop_owner,2026-06-21 10:15:59,cash_in,in,24500,A0241,Agent point A0241,agent,none,cash_in,,5097,29597,0,none,,,0
T0001458,D0003,shop_owner,2026-06-21 10:26:59,cash_out,out,23500,A0241,Agent point A0241,agent,none,cash_withdrawal,cash_withdrawal,29597,6097,0,none,,,0
T0001459,D0003,shop_owner,2026-06-21 12:08:27,receive_money,in,559,01069678633,,person,none,income,,6097,6656,0,none,,,0
T0001460,D0003,shop_owner,2026-06-21 12:20:56,merchant_payment,out,79,M0262,Jatri Ride (Sylhet),merchant,transport,transport,transport,6656,6577,0,none,,,0
T0001461,D0004,irregular,2026-06-21 15:42:51,cash_out,out,600,A0215,Agent point A0215,agent,none,cash_withdrawal,cash_withdrawal,1909,1309,0,none,,,0
T0001462,D0003,shop_owner,2026-06-21 15:48:12,receive_money,in,442,01084482315,,person,none,income,,6577,7019,0,none,,,0
T0001463,D0004,irregular,2026-06-21 15:54:52,cash_out,out,700,A0038,Agent point A0038,agent,none,cash_withdrawal,cash_withdrawal,1309,609,0,none,,,0
T0001464,D0003,shop_owner,2026-06-21 16:27:17,receive_money,in,108,01014033484,,person,none,income,,7019,7127,0,none,,,0
T0001465,D0001,salaried,2026-06-21 18:09:15,merchant_payment,out,49,M0268,Launch Ticket Desk (Mohammadpur),merchant,transport,transport,transport,1998,1949,0,none,,,0
T0001466,D0003,shop_owner,2026-06-21 20:29:19,receive_money,in,220,01006143599,,person,none,income,,7127,7347,0,none,,,0
T0001467,D0003,shop_owner,2026-06-21 21:01:25,merchant_payment,out,313,M0071,Poribar Mart (Khulna),merchant,grocery,groceries,groceries,7347,7034,0,none,,,0
T0001468,D0003,shop_owner,2026-06-22 07:16:34,receive_money,in,88,01043367720,,person,none,income,,7034,7122,0,none,,,0
T0001469,D0002,student,2026-06-22 07:38:20,merchant_payment,out,148,M0247,Rail Ticket Counter (Gazipur),merchant,transport,transport,transport,2985,2837,0,none,,,0
T0001470,D0003,shop_owner,2026-06-22 09:00:41,receive_money,in,575,01051851442,,person,none,income,,7122,7697,0,none,,,0
T0001471,D0003,shop_owner,2026-06-22 09:39:25,merchant_payment,out,309,M0252,Rail Ticket Counter (Rajshahi),merchant,transport,transport,transport,7697,7388,0,none,,,0
T0001472,D0003,shop_owner,2026-06-22 09:53:09,receive_money,in,1132,01032933416,,person,none,income,,7388,8520,0,none,,,0
T0001473,D0002,student,2026-06-22 10:27:51,receive_money,in,2500,01090664167,Mamun (parent),person,none,income,,2837,5337,0,none,,,0
T0001474,D0003,shop_owner,2026-06-22 11:21:43,receive_money,in,181,01020836621,,person,none,income,,8520,8701,0,none,,,0
T0001475,D0003,shop_owner,2026-06-22 12:32:25,receive_money,in,290,01095789353,,person,none,income,,8701,8991,0,none,,,0
T0001476,D0003,shop_owner,2026-06-22 12:49:57,receive_money,in,872,01085707592,,person,none,income,,8991,9863,0,none,,,0
T0001477,D0003,shop_owner,2026-06-22 13:20:53,receive_money,in,443,01037416554,,person,none,income,,9863,10306,0,none,,,0
T0001478,D0001,salaried,2026-06-22 13:56:02,merchant_payment,out,381,M0216,Khichuri Kitchen (Rajshahi),merchant,restaurant,eating_out,eating_out,1949,1568,0,none,,,0
T0001479,D0002,student,2026-06-22 14:15:21,merchant_payment,out,124,M0189,Tehari House (Chattogram),merchant,restaurant,eating_out,eating_out,5337,5213,0,none,,,0
T0001480,D0003,shop_owner,2026-06-22 15:03:02,receive_money,in,1047,01059509968,,person,none,income,,10306,11353,0,none,,,0
T0001481,D0003,shop_owner,2026-06-22 15:07:57,receive_money,in,462,01018944213,,person,none,income,,11353,11815,0,none,,,0
T0001482,D0003,shop_owner,2026-06-22 17:22:36,receive_money,in,151,01096251431,,person,none,income,,11815,11966,0,none,,,0
T0001483,D0004,irregular,2026-06-22 18:10:05,merchant_payment,out,140,M0018,Notun Bazar Mart (Savar),merchant,grocery,groceries,groceries,609,469,0,none,,,0
T0001484,D0003,shop_owner,2026-06-22 18:58:18,receive_money,in,160,01005383354,,person,none,income,,11966,12126,0,none,,,0
T0001485,D0003,shop_owner,2026-06-22 18:59:10,merchant_payment,out,1023,M0071,Poribar Mart (Khulna),merchant,grocery,groceries,groceries,12126,11103,0,none,,,0
T0001486,D0001,salaried,2026-06-22 19:16:25,merchant_payment,out,178,M0226,City Ride (Sylhet),merchant,transport,transport,transport,1568,1390,0,none,,,0
T0001487,D0003,shop_owner,2026-06-22 20:48:48,send_money,out,7500,01044146813,Babul (supplier),person,none,other,business,11103,3603,0,none,,,0
T0001488,D0003,shop_owner,2026-06-22 20:57:35,receive_money,in,360,01013503147,,person,none,income,,3603,3963,0,none,,,0
T0001489,D0003,shop_owner,2026-06-22 21:06:31,receive_money,in,224,01077256036,,person,none,income,,3963,4187,0,none,,,0
T0001490,D0004,irregular,2026-06-22 21:31:57,merchant_payment,out,202,M0012,Shapla General Store (Rajshahi),merchant,grocery,groceries,groceries,469,267,0,none,,,0
T0001491,D0004,irregular,2026-06-22 21:36:29,receive_money,in,650,01093614877,Hasib (client),person,none,income,,267,917,0,none,,,0
T0001492,D0003,shop_owner,2026-06-22 23:07:26,receive_money,in,367,01063569613,,person,none,income,,4187,4554,0,none,,,0
T0001493,D0004,irregular,2026-06-23 09:01:12,receive_money,in,750,01020985059,Abdur (client),person,none,income,,917,1667,0,none,,,0
T0001494,D0002,student,2026-06-23 09:19:20,merchant_payment,out,1393,M0415,City College Accounts (Gazipur),merchant,education,education,education,5213,3820,0,none,,,0
T0001495,D0003,shop_owner,2026-06-23 09:40:41,receive_money,in,500,01095146192,,person,none,income,,4554,5054,0,none,,,0
T0001496,D0003,shop_owner,2026-06-23 10:27:11,receive_money,in,686,01090406931,,person,none,income,,5054,5740,0,none,,,0
T0001497,D0003,shop_owner,2026-06-23 18:06:43,send_money,out,3900,01044146813,Babul (supplier),person,none,business_supplies,business,5740,1840,0,none,,,0
T0001498,D0003,shop_owner,2026-06-23 18:20:19,receive_money,in,292,01091871870,,person,none,income,,1840,2132,0,none,,,0
T0001499,D0003,shop_owner,2026-06-23 19:09:28,receive_money,in,135,01017723955,,person,none,income,,2132,2267,0,none,,,0
T0001500,D0003,shop_owner,2026-06-23 19:28:15,mobile_recharge,out,200,OP-2,Operator B,operator,telecom,mobile_recharge,mobile_recharge,2267,2067,0,none,,,0
T0001501,D0004,irregular,2026-06-23 20:25:36,mobile_recharge,out,150,OP-3,Operator C,operator,telecom,mobile_recharge,mobile_recharge,1667,1517,0,none,,,0
T0001502,D0003,shop_owner,2026-06-23 21:30:40,receive_money,in,231,01094480371,,person,none,income,,2067,2298,0,none,,,0
T0001503,D0003,shop_owner,2026-06-23 22:25:01,receive_money,in,96,01093199669,,person,none,income,,2298,2394,0,none,,,0
T0001504,D0002,student,2026-06-23 22:36:22,mobile_recharge,out,100,OP-2,Operator B,operator,telecom,mobile_recharge,mobile_recharge,3820,3720,0,none,,,0
T0001505,D0001,salaried,2026-06-24 07:56:10,cash_in,in,2500,A0130,Agent point A0130,agent,none,cash_in,,1390,3890,0,none,,,0
T0001506,D0001,salaried,2026-06-24 08:26:10,merchant_payment,out,1401,M0064,Poribar Mart (Mohammadpur),merchant,grocery,groceries,groceries,3890,2489,0,none,,,0
T0001507,D0003,shop_owner,2026-06-24 08:56:59,receive_money,in,666,01003493221,,person,none,income,,2394,3060,0,none,,,0
T0001508,D0003,shop_owner,2026-06-24 09:26:25,receive_money,in,569,01056791781,,person,none,income,,3060,3629,0,none,,,0
T0001509,D0003,shop_owner,2026-06-24 11:03:51,receive_money,in,522,01014790736,,person,none,income,,3629,4151,0,none,,,0
T0001510,D0003,shop_owner,2026-06-24 13:48:33,receive_money,in,206,01050190696,,person,none,income,,4151,4357,0,none,,,0
T0001511,D0001,salaried,2026-06-24 14:06:01,merchant_payment,out,377,M0165,Mishti Mukh (Chattogram),merchant,restaurant,eating_out,eating_out,2489,2112,0,none,,,0
T0001512,D0003,shop_owner,2026-06-24 14:37:27,receive_money,in,311,01020836621,,person,none,income,,4357,4668,0,none,,,0
T0001513,D0003,shop_owner,2026-06-24 15:33:13,receive_money,in,582,01096350525,,person,none,income,,4668,5250,0,none,,,0
T0001514,D0002,student,2026-06-24 16:54:41,send_money,out,1100,01016887014,,person,none,shopping,purchase,3720,2620,0,none,,,0
T0001515,D0003,shop_owner,2026-06-24 17:45:04,receive_money,in,384,01079400115,,person,none,income,,5250,5634,0,none,,,0
T0001516,D0003,shop_owner,2026-06-24 17:45:09,cash_in,in,13000,A0241,Agent point A0241,agent,none,cash_in,,5634,18634,0,none,,,0
T0001517,D0004,irregular,2026-06-24 17:46:53,cash_out,out,500,A0215,Agent point A0215,agent,none,cash_withdrawal,cash_withdrawal,1517,1017,0,none,,,0
T0001518,D0003,shop_owner,2026-06-24 18:06:05,cash_out,out,16500,A0241,Agent point A0241,agent,none,cash_withdrawal,cash_withdrawal,18634,2134,0,none,,,0
T0001519,D0002,student,2026-06-24 18:24:15,mobile_recharge,out,100,OP-2,Operator B,operator,telecom,mobile_recharge,mobile_recharge,2620,2520,0,none,,,0
T0001520,D0003,shop_owner,2026-06-24 19:10:09,receive_money,in,311,01071133083,,person,none,income,,2134,2445,0,none,,,0
T0001521,D0004,irregular,2026-06-24 20:54:51,mobile_recharge,out,50,OP-3,Operator C,operator,telecom,mobile_recharge,mobile_recharge,1017,967,0,none,,,0
T0001522,D0003,shop_owner,2026-06-24 21:22:55,receive_money,in,200,01045742711,,person,none,income,,2445,2645,0,none,,,0
T0001523,D0003,shop_owner,2026-06-24 22:50:16,cash_in,in,4000,A0241,Agent point A0241,agent,none,cash_in,,2645,6645,0,none,,,0
T0001524,D0003,shop_owner,2026-06-24 23:11:16,merchant_payment,out,5472,M0459,Bikroy Distributors (Uttara),merchant,wholesale,business_supplies,business_supplies,6645,1173,0,none,,,0
T0001525,D0001,salaried,2026-06-25 07:49:51,merchant_payment,out,93,M0226,City Ride (Sylhet),merchant,transport,transport,transport,2112,2019,0,none,,,0
T0001526,D0003,shop_owner,2026-06-25 10:36:51,receive_money,in,299,01090633626,,person,none,income,,1173,1472,0,none,,,0
T0001527,D0003,shop_owner,2026-06-25 11:10:15,receive_money,in,197,01055811495,,person,none,income,,1472,1669,0,none,,,0
T0001528,D0003,shop_owner,2026-06-25 12:30:10,receive_money,in,753,01061525426,,person,none,income,,1669,2422,0,none,,,0
T0001529,D0003,shop_owner,2026-06-25 13:02:07,cash_in,in,7000,A0241,Agent point A0241,agent,none,cash_in,,2422,9422,0,none,,,0
T0001530,D0003,shop_owner,2026-06-25 13:29:07,cash_out,out,5500,A0241,Agent point A0241,agent,none,cash_withdrawal,cash_withdrawal,9422,3922,0,none,,,0
T0001531,D0003,shop_owner,2026-06-25 16:10:57,receive_money,in,335,01023102704,,person,none,income,,3922,4257,0,none,,,0
T0001532,D0003,shop_owner,2026-06-25 16:12:27,receive_money,in,390,01088989822,,person,none,income,,4257,4647,0,none,,,0
T0001533,D0002,student,2026-06-25 18:40:31,merchant_payment,out,52,M0258,Jatri Ride (Savar),merchant,transport,transport,transport,2520,2468,0,none,,,0
T0001534,D0003,shop_owner,2026-06-25 19:18:06,cash_in,in,21500,A0241,Agent point A0241,agent,none,cash_in,,4647,26147,0,none,,,0
T0001535,D0001,salaried,2026-06-25 19:19:41,send_money,out,2000,01094533718,Babul (friend),person,none,other,friend,2019,19,0,none,,,0
T0001536,D0003,shop_owner,2026-06-25 19:32:06,cash_out,out,22000,A0241,Agent point A0241,agent,none,cash_withdrawal,cash_withdrawal,26147,4147,0,none,,,0
T0001537,D0003,shop_owner,2026-06-25 19:45:45,receive_money,in,484,01051285383,,person,none,income,,4147,4631,0,none,,,0
T0001538,D0003,shop_owner,2026-06-25 20:36:21,receive_money,in,218,01042361654,,person,none,income,,4631,4849,0,none,,,0
T0001539,D0003,shop_owner,2026-06-25 23:15:02,receive_money,in,313,01028781886,,person,none,income,,4849,5162,0,none,,,0
T0001540,D0002,student,2026-06-25 23:28:02,mobile_recharge,out,500,OP-2,Operator B,operator,telecom,mobile_recharge,mobile_recharge,2468,1968,0,none,,,0
T0001541,D0001,salaried,2026-06-26 08:00:47,cash_in,in,4000,A0130,Agent point A0130,agent,none,cash_in,,19,4019,0,none,,,0
T0001542,D0001,salaried,2026-06-26 08:12:47,send_money,out,1900,01094533718,Babul (friend),person,none,personal_transfer,friend,4019,2119,0,none,,,0
T0001543,D0001,salaried,2026-06-26 08:47:33,merchant_payment,out,354,M0183,Tehari House (Uttara),merchant,restaurant,eating_out,eating_out,2119,1765,0,none,,,0
T0001544,D0004,irregular,2026-06-26 12:31:28,merchant_payment,out,318,M0014,Notun Bazar Mart (Dhanmondi),merchant,grocery,groceries,groceries,967,649,0,none,,,0
T0001545,D0004,irregular,2026-06-26 20:04:23,cash_out,out,500,A0038,Agent point A0038,agent,none,cash_withdrawal,cash_withdrawal,649,149,0,none,,,0
T0001546,D0003,shop_owner,2026-06-26 20:28:35,send_money,out,1400,01044146813,Babul (supplier),person,none,business_supplies,business,5162,3762,0,none,,,0
T0001547,D0002,student,2026-06-26 21:57:14,merchant_payment,out,137,M0189,Tehari House (Chattogram),merchant,restaurant,eating_out,eating_out,1968,1831,0,none,,,0
T0001548,D0004,irregular,2026-06-26 22:39:14,receive_money,in,700,01093614877,Hasib (client),person,none,income,,149,849,0,none,,,0
T0001549,D0002,student,2026-06-26 23:35:00,merchant_payment,out,1342,M0339,Style Bazar (Uttara),merchant,online_shop,shopping,shopping,1831,489,0,none,,,0
T0001550,D0003,shop_owner,2026-06-27 09:20:11,receive_money,in,495,01087187981,,person,none,income,,3762,4257,0,none,,,0
T0001551,D0001,salaried,2026-06-27 09:30:00,merchant_payment,out,198,M0255,Jatri Ride (Uttara),merchant,transport,transport,transport,1765,1567,0,none,,,0
T0001552,D0001,salaried,2026-06-27 13:00:31,merchant_payment,out,282,M0064,Poribar Mart (Mohammadpur),merchant,grocery,groceries,groceries,1567,1285,0,none,,,0
T0001553,D0002,student,2026-06-27 15:25:22,merchant_payment,out,216,M0182,Tehari House (Dhanmondi),merchant,restaurant,eating_out,eating_out,489,273,0,none,,,0
T0001554,D0002,student,2026-06-27 16:20:24,merchant_payment,out,135,M0151,Dhaba Express (Gazipur),merchant,restaurant,eating_out,eating_out,273,138,0,none,,,0
T0001555,D0003,shop_owner,2026-06-27 17:16:53,receive_money,in,168,01074615803,,person,none,income,,4257,4425,0,none,,,0
T0001556,D0003,shop_owner,2026-06-27 18:30:38,receive_money,in,348,01064580695,,person,none,income,,4425,4773,0,none,,,0
T0001557,D0003,shop_owner,2026-06-27 18:52:31,receive_money,in,536,01029913251,,person,none,income,,4773,5309,0,none,,,0
T0001558,D0003,shop_owner,2026-06-27 20:21:02,receive_money,in,346,01003454725,,person,none,income,,5309,5655,0,none,,,0
T0001559,D0001,salaried,2026-06-27 20:44:02,merchant_payment,out,430,M0183,Tehari House (Uttara),merchant,restaurant,eating_out,eating_out,1285,855,0,none,,,0
T0001560,D0003,shop_owner,2026-06-27 21:00:53,receive_money,in,291,01099209285,,person,none,income,,5655,5946,0,none,,,0
T0001561,D0003,shop_owner,2026-06-27 21:01:54,receive_money,in,351,01062521280,,person,none,income,,5946,6297,0,none,,,0
T0001562,D0003,shop_owner,2026-06-27 21:33:43,receive_money,in,204,01074789951,,person,none,income,,6297,6501,0,none,,,0
T0001563,D0003,shop_owner,2026-06-27 22:32:23,receive_money,in,110,01014033484,,person,none,income,,6501,6611,0,none,,,0
T0001564,D0003,shop_owner,2026-06-27 22:34:42,receive_money,in,179,01005526237,,person,none,income,,6611,6790,0,none,,,0
T0001565,D0002,student,2026-06-27 23:07:22,cash_in,in,500,A0036,Agent point A0036,agent,none,cash_in,,138,638,0,none,,,0
T0001566,D0002,student,2026-06-27 23:24:22,merchant_payment,out,185,M0151,Dhaba Express (Gazipur),merchant,restaurant,eating_out,eating_out,638,453,0,none,,,0
T0001567,D0004,irregular,2026-06-27 23:32:09,cash_in,in,1000,A0038,Agent point A0038,agent,none,cash_in,,849,1849,0,none,,,0
T0001568,D0004,irregular,2026-06-27 23:58:09,send_money,out,1400,01037459710,Ruma (family),person,none,family_support,family_support,1849,449,0,none,,,0
T0001569,D0003,shop_owner,2026-06-28 09:52:35,merchant_payment,out,165,M0261,Jatri Ride (Chattogram),merchant,transport,transport,transport,6790,6625,0,none,,,0
T0001570,D0003,shop_owner,2026-06-28 10:23:17,receive_money,in,145,01082413218,,person,none,income,,6625,6770,0,none,,,0
T0001571,D0003,shop_owner,2026-06-28 10:27:55,receive_money,in,1248,01098352209,,person,none,income,,6770,8018,0,none,,,0
T0001572,D0003,shop_owner,2026-06-28 12:14:39,receive_money,in,453,01039437881,,person,none,income,,8018,8471,0,none,,,0
T0001573,D0003,shop_owner,2026-06-28 13:56:02,receive_money,in,293,01077195522,,person,none,income,,8471,8764,0,none,,,0
T0001574,D0002,student,2026-06-28 16:31:30,merchant_payment,out,390,M0028,Rahman Store (Mohammadpur),merchant,grocery,groceries,groceries,453,63,0,none,,,0
T0001575,D0003,shop_owner,2026-06-28 18:59:49,cash_out,out,6500,A0017,Agent point A0017,agent,none,cash_withdrawal,cash_withdrawal,8764,2264,0,none,,,0
T0001576,D0002,student,2026-06-28 19:37:58,mobile_recharge,out,50,OP-2,Operator B,operator,telecom,mobile_recharge,mobile_recharge,63,13,0,none,,,0
T0001577,D0003,shop_owner,2026-06-28 19:51:51,receive_money,in,92,01073387105,,person,none,income,,2264,2356,0,none,,,0
T0001578,D0003,shop_owner,2026-06-28 20:23:23,receive_money,in,407,01049980711,,person,none,income,,2356,2763,0,none,,,0
T0001579,D0003,shop_owner,2026-06-28 20:23:59,receive_money,in,239,01099971915,,person,none,income,,2763,3002,0,none,,,0
T0001580,D0002,student,2026-06-28 21:19:54,cash_in,in,1000,A0123,Agent point A0123,agent,none,cash_in,,13,1013,0,none,,,0
T0001581,D0002,student,2026-06-28 21:29:54,merchant_payment,out,322,M0151,Dhaba Express (Gazipur),merchant,restaurant,eating_out,eating_out,1013,691,0,none,,,0
T0001582,D0003,shop_owner,2026-06-29 10:23:35,receive_money,in,615,01078550128,,person,none,income,,3002,3617,0,none,,,0
T0001583,D0003,shop_owner,2026-06-29 10:30:41,receive_money,in,93,01016892933,,person,none,income,,3617,3710,0,none,,,0
T0001584,D0003,shop_owner,2026-06-29 10:42:15,receive_money,in,984,01014033484,,person,none,income,,3710,4694,0,none,,,0
T0001585,D0003,shop_owner,2026-06-29 12:29:56,receive_money,in,391,01016815882,,person,none,income,,4694,5085,0,none,,,0
T0001586,D0001,salaried,2026-06-29 13:00:50,merchant_payment,out,388,M0131,Kabab Corner (Khulna),merchant,restaurant,eating_out,eating_out,855,467,0,none,,,0
T0001587,D0003,shop_owner,2026-06-29 15:22:55,receive_money,in,348,01013786905,,person,none,income,,5085,5433,0,none,,,0
T0001588,D0004,irregular,2026-06-29 17:12:48,merchant_payment,out,71,M0163,Mishti Mukh (Gazipur),merchant,restaurant,eating_out,eating_out,449,378,0,none,,,0
T0001589,D0001,salaried,2026-06-29 17:45:13,mobile_recharge,out,100,OP-2,Operator B,operator,telecom,mobile_recharge,mobile_recharge,467,367,0,none,,,0
T0001590,D0003,shop_owner,2026-06-29 18:07:12,receive_money,in,197,01047614201,,person,none,income,,5433,5630,0,none,,,0
T0001591,D0003,shop_owner,2026-06-29 18:22:35,receive_money,in,179,01014553473,,person,none,income,,5630,5809,0,none,,,0
T0001592,D0003,shop_owner,2026-06-29 20:06:20,receive_money,in,1834,01057044762,,person,none,income,,5809,7643,0,none,,,0
T0001593,D0003,shop_owner,2026-06-29 20:16:07,receive_money,in,541,01090377058,,person,none,income,,7643,8184,0,none,,,0
T0001594,D0003,shop_owner,2026-06-29 20:21:18,receive_money,in,1211,01036309283,,person,none,income,,8184,9395,0,none,,,0
T0001595,D0003,shop_owner,2026-06-29 21:21:15,receive_money,in,274,01005687549,,person,none,income,,9395,9669,0,none,,,0
T0001596,D0002,student,2026-06-29 22:48:56,merchant_payment,out,83,M0258,Jatri Ride (Savar),merchant,transport,transport,transport,691,608,0,none,,,0
T0001597,D0001,salaried,2026-06-30 07:46:15,merchant_payment,out,111,M0268,Launch Ticket Desk (Mohammadpur),merchant,transport,transport,transport,367,256,0,none,,,0
T0001598,D0003,shop_owner,2026-06-30 08:34:12,receive_money,in,560,01012939279,,person,none,income,,9669,10229,0,none,,,0
T0001599,D0003,shop_owner,2026-06-30 09:06:33,mobile_recharge,out,100,OP-2,Operator B,operator,telecom,mobile_recharge,mobile_recharge,10229,10129,0,none,,,0
T0001600,D0003,shop_owner,2026-06-30 09:22:58,receive_money,in,223,01014099709,,person,none,income,,10129,10352,0,none,,,0
T0001601,D0003,shop_owner,2026-06-30 10:10:10,receive_money,in,615,01006535604,,person,none,income,,10352,10967,0,none,,,0
T0001602,D0004,irregular,2026-06-30 10:23:33,merchant_payment,out,91,M0221,City Ride (Banani),merchant,transport,transport,transport,378,287,0,none,,,0
T0001603,D0001,salaried,2026-06-30 10:40:01,mobile_recharge,out,50,OP-2,Operator B,operator,telecom,mobile_recharge,mobile_recharge,256,206,0,none,,,0
T0001604,D0003,shop_owner,2026-06-30 12:17:16,receive_money,in,212,01091871870,,person,none,income,,10967,11179,0,none,,,0
T0001605,D0003,shop_owner,2026-06-30 13:46:49,receive_money,in,616,01005969867,,person,none,income,,11179,11795,0,none,,,0
T0001606,D0003,shop_owner,2026-06-30 14:27:16,receive_money,in,262,01031811046,,person,none,income,,11795,12057,0,none,,,0
T0001607,D0003,shop_owner,2026-06-30 14:30:11,merchant_payment,out,589,M0128,Kabab Corner (Narayanganj),merchant,restaurant,eating_out,eating_out,12057,11468,0,none,,,0
T0001608,D0001,salaried,2026-06-30 15:55:06,cash_in,in,3000,A0130,Agent point A0130,agent,none,cash_in,,206,3206,0,none,,,0
T0001609,D0001,salaried,2026-06-30 16:10:06,send_money,out,1600,01094533718,Babul (friend),person,none,personal_transfer,friend,3206,1606,0,none,,,0
T0001610,D0003,shop_owner,2026-06-30 16:51:11,receive_money,in,486,01073798313,,person,none,income,,11468,11954,0,none,,,0
T0001611,D0003,shop_owner,2026-06-30 17:24:27,receive_money,in,601,01036741678,,person,none,income,,11954,12555,0,none,,,0
T0001612,D0003,shop_owner,2026-06-30 18:31:03,merchant_payment,out,484,M0071,Poribar Mart (Khulna),merchant,grocery,groceries,groceries,12555,12071,0,none,,,0
T0001613,D0003,shop_owner,2026-06-30 19:04:39,receive_money,in,487,01030014974,,person,none,income,,12071,12558,0,none,,,0
T0001614,D0003,shop_owner,2026-06-30 19:23:16,receive_money,in,815,01051285383,,person,none,income,,12558,13373,0,none,,,0
T0001615,D0003,shop_owner,2026-06-30 19:35:26,receive_money,in,90,01087138338,,person,none,income,,13373,13463,0,none,,,0
T0001616,D0003,shop_owner,2026-06-30 21:06:04,receive_money,in,193,01063528653,,person,none,income,,13463,13656,0,none,,,0
T0001617,D0004,irregular,2026-06-30 23:05:39,receive_money,in,700,01020985059,Abdur (client),person,none,income,,287,987,0,none,,,0
T0001618,D0002,student,2026-06-30 23:33:04,merchant_payment,out,95,M0202,Burger Adda (Sylhet),merchant,restaurant,eating_out,eating_out,608,513,0,none,,,0
T0001619,D0001,salaried,2026-07-01 08:10:27,cash_in,in,1500,A0130,Agent point A0130,agent,none,cash_in,,1606,3106,0,none,,,0
T0001620,D0001,salaried,2026-07-01 08:30:27,send_money,out,1800,01094533718,Babul (friend),person,none,personal_transfer,friend,3106,1306,0,none,,,0
T0001621,D0003,shop_owner,2026-07-01 09:43:05,receive_money,in,942,01091871870,,person,none,income,,13656,14598,0,none,,,0
T0001622,D0001,salaried,2026-07-01 11:33:30,salary_in,in,45000,E0333,Employer E0333,employer,none,income,,1306,46306,0,none,,,0
T0001623,D0003,shop_owner,2026-07-01 11:56:43,receive_money,in,790,01069200315,,person,none,income,,14598,15388,0,none,,,0
T0001624,D0004,irregular,2026-07-01 12:19:00,merchant_payment,out,211,M0012,Shapla General Store (Rajshahi),merchant,grocery,groceries,groceries,987,776,0,none,,,0
T0001625,D0003,shop_owner,2026-07-01 12:33:36,send_money,out,1100,01086180702,Sohel (friend),person,none,personal_transfer,friend,15388,14288,0,none,,,0
T0001626,D0004,irregular,2026-07-01 14:26:06,merchant_payment,out,191,M0082,Kacha Bazar Shop (Sylhet),merchant,grocery,groceries,groceries,776,585,0,none,,,0
T0001627,D0001,salaried,2026-07-01 16:59:24,merchant_payment,out,174,M0226,City Ride (Sylhet),merchant,transport,transport,transport,46306,46132,0,none,,,0
T0001628,D0003,shop_owner,2026-07-01 17:23:50,receive_money,in,236,01010901195,,person,none,income,,14288,14524,0,none,,,0
T0001629,D0003,shop_owner,2026-07-01 19:20:35,receive_money,in,116,01035333645,,person,none,income,,14524,14640,0,none,,,0
T0001630,D0003,shop_owner,2026-07-01 19:39:05,receive_money,in,288,01071446397,,person,none,income,,14640,14928,0,none,,,0
T0001631,D0003,shop_owner,2026-07-01 19:48:58,receive_money,in,1083,01014099709,,person,none,income,,14928,16011,0,none,,,0
T0001632,D0004,irregular,2026-07-01 21:00:43,receive_money,in,700,01093614877,Hasib (client),person,none,income,,585,1285,0,none,,,0
T0001633,D0001,salaried,2026-07-01 21:50:32,merchant_payment,out,318,M0165,Mishti Mukh (Chattogram),merchant,restaurant,eating_out,eating_out,46132,45814,0,none,,,0
T0001634,D0003,shop_owner,2026-07-01 21:56:09,receive_money,in,213,01013503147,,person,none,income,,16011,16224,0,none,,,0
T0001635,D0003,shop_owner,2026-07-02 09:38:18,receive_money,in,406,01057506804,,person,none,income,,16224,16630,0,none,,,0
T0001636,D0003,shop_owner,2026-07-02 09:42:50,receive_money,in,530,01097033221,,person,none,income,,16630,17160,0,none,,,0
T0001637,D0003,shop_owner,2026-07-02 10:28:07,receive_money,in,545,01047752703,,person,none,income,,17160,17705,0,none,,,0
T0001638,D0003,shop_owner,2026-07-02 11:18:40,receive_money,in,450,01005828781,,person,none,income,,17705,18155,0,none,,,0
T0001639,D0003,shop_owner,2026-07-02 11:25:55,receive_money,in,130,01033746710,,person,none,income,,18155,18285,0,none,,,0
T0001640,D0003,shop_owner,2026-07-02 13:08:36,receive_money,in,791,01059329773,,person,none,income,,18285,19076,0,none,,,0
T0001641,D0002,student,2026-07-02 15:35:44,merchant_payment,out,143,M0247,Rail Ticket Counter (Gazipur),merchant,transport,transport,transport,513,370,0,none,,,0
T0001642,D0003,shop_owner,2026-07-02 18:16:21,receive_money,in,903,01017111806,,person,none,income,,19076,19979,0,none,,,0
T0001643,D0003,shop_owner,2026-07-02 18:42:17,receive_money,in,684,01034650638,,person,none,income,,19979,20663,0,none,,,0
T0001644,D0001,salaried,2026-07-02 19:23:17,merchant_payment,out,158,M0268,Launch Ticket Desk (Mohammadpur),merchant,transport,transport,transport,45814,45656,0,none,,,0
T0001645,D0004,irregular,2026-07-02 22:33:42,receive_money,in,600,01009943930,,person,none,income,,1285,1885,0,none,,,0
T0001646,D0003,shop_owner,2026-07-02 23:49:20,receive_money,in,791,01069678633,,person,none,income,,20663,21454,0,none,,,0
T0001647,D0002,student,2026-07-03 07:53:48,merchant_payment,out,100,M0247,Rail Ticket Counter (Gazipur),merchant,transport,transport,transport,370,270,0,none,,,0
T0001648,D0003,shop_owner,2026-07-03 08:59:40,receive_money,in,467,01047752703,,person,none,income,,21454,21921,0,none,,,0
T0001649,D0001,salaried,2026-07-03 10:20:51,send_money,out,15000,01075294314,Lima (landlord),person,none,rent,rent,45656,30656,0,none,,,0
T0001650,D0003,shop_owner,2026-07-03 10:44:59,receive_money,in,319,01030942330,,person,none,income,,21921,22240,0,none,,,0
T0001651,D0003,shop_owner,2026-07-03 11:50:28,receive_money,in,564,01095853650,,person,none,income,,22240,22804,0,none,,,0
T0001652,D0003,shop_owner,2026-07-03 12:11:25,receive_money,in,664,01088032278,,person,none,income,,22804,23468,0,none,,,0
T0001653,D0003,shop_owner,2026-07-03 15:16:17,receive_money,in,495,01088035737,,person,none,income,,23468,23963,0,none,,,0
T0001654,D0003,shop_owner,2026-07-03 15:29:16,receive_money,in,598,01014033484,,person,none,income,,23963,24561,0,none,,,0
T0001655,D0001,salaried,2026-07-03 16:57:54,merchant_payment,out,167,M0226,City Ride (Sylhet),merchant,transport,transport,transport,30656,30489,0,none,,,0
T0001656,D0001,salaried,2026-07-03 17:54:52,merchant_payment,out,323,M0183,Tehari House (Uttara),merchant,restaurant,eating_out,eating_out,30489,30166,0,none,,,0
T0001657,D0003,shop_owner,2026-07-03 20:29:46,receive_money,in,510,01001745515,,person,none,income,,24561,25071,0,none,,,0
T0001658,D0003,shop_owner,2026-07-03 20:59:16,cash_out,out,8500,A0246,Agent point A0246,agent,none,cash_withdrawal,cash_withdrawal,25071,16571,0,none,,,0
T0001659,D0003,shop_owner,2026-07-03 21:26:39,cash_out,out,8500,A0246,Agent point A0246,agent,none,cash_withdrawal,cash_withdrawal,16571,8071,0,none,,,0
T0001660,D0004,irregular,2026-07-03 22:09:40,mobile_recharge,out,30,OP-3,Operator C,operator,telecom,mobile_recharge,mobile_recharge,1885,1855,0,none,,,0
T0001661,D0003,shop_owner,2026-07-04 06:14:53,merchant_payment,out,76,M0252,Rail Ticket Counter (Rajshahi),merchant,transport,transport,transport,8071,7995,0,none,,,0
T0001662,D0003,shop_owner,2026-07-04 08:02:25,receive_money,in,478,01048052184,,person,none,income,,7995,8473,0,none,,,0
T0001663,D0003,shop_owner,2026-07-04 10:10:05,receive_money,in,626,01007392960,,person,none,income,,8473,9099,0,none,,,0
T0001664,D0003,shop_owner,2026-07-04 16:41:21,receive_money,in,937,01090688060,,person,none,income,,9099,10036,0,none,,,0
T0001665,D0002,student,2026-07-04 17:16:28,merchant_payment,out,123,M0228,City Ride (Rajshahi),merchant,transport,transport,transport,270,147,0,none,,,0
T0001666,D0004,irregular,2026-07-04 17:22:54,receive_money,in,900,01039457514,,person,none,income,,1855,2755,0,none,,,0
T0001667,D0003,shop_owner,2026-07-04 17:37:12,receive_money,in,654,01016657007,,person,none,income,,10036,10690,0,none,,,0
T0001668,D0004,irregular,2026-07-04 18:08:48,cash_out,out,1100,A0091,Agent point A0091,agent,none,other,cash_withdrawal,2755,1655,0,none,,,0
T0001669,D0001,salaried,2026-07-04 18:10:44,merchant_payment,out,801,M0039,Sobuj Grocery (Uttara),merchant,grocery,groceries,groceries,30166,29365,0,none,,,0
T0001670,D0003,shop_owner,2026-07-04 19:17:48,merchant_payment,out,412,M0107,Biryani Ghor (Khulna),merchant,restaurant,eating_out,eating_out,10690,10278,0,none,,,0
T0001671,D0003,shop_owner,2026-07-04 19:39:46,receive_money,in,273,01014099709,,person,none,income,,10278,10551,0,none,,,0
T0001672,D0001,salaried,2026-07-04 19:53:47,merchant_payment,out,179,M0226,City Ride (Sylhet),merchant,transport,transport,transport,29365,29186,0,none,,,0
T0001673,D0001,salaried,2026-07-04 20:42:02,merchant_payment,out,207,M0226,City Ride (Sylhet),merchant,transport,transport,transport,29186,28979,0,none,,,0
T0001674,D0001,salaried,2026-07-04 21:08:34,merchant_payment,out,378,M0165,Mishti Mukh (Chattogram),merchant,restaurant,eating_out,eating_out,28979,28601,0,none,,,0
T0001675,D0001,salaried,2026-07-05 08:14:38,send_money,out,8000,01060431815,Sumaiya (family),person,none,family_support,family_support,28601,20601,0,none,,,0
T0001676,D0003,shop_owner,2026-07-05 08:17:58,receive_money,in,318,01028051265,,person,none,income,,10551,10869,0,none,,,0
T0001677,D0003,shop_owner,2026-07-05 09:12:51,receive_money,in,833,01087603531,,person,none,income,,10869,11702,0,none,,,0
T0001678,D0003,shop_owner,2026-07-05 09:59:53,receive_money,in,168,01045598684,,person,none,income,,11702,11870,0,none,,,0
T0001679,D0003,shop_owner,2026-07-05 10:04:30,merchant_payment,out,578,M0063,Poribar Mart (Uttara),merchant,grocery,groceries,groceries,11870,11292,0,none,,,0
T0001680,D0003,shop_owner,2026-07-05 10:11:13,receive_money,in,412,01099376919,,person,none,income,,11292,11704,0,none,,,0
T0001681,D0003,shop_owner,2026-07-05 10:40:42,receive_money,in,414,01028781886,,person,none,income,,11704,12118,0,none,,,0
T0001682,D0003,shop_owner,2026-07-05 11:49:29,receive_money,in,134,01098931074,,person,none,income,,12118,12252,0,none,,,0
T0001683,D0003,shop_owner,2026-07-05 12:04:52,receive_money,in,288,01094480371,,person,none,income,,12252,12540,0,none,,,0
T0001684,D0003,shop_owner,2026-07-05 12:05:57,receive_money,in,104,01095873290,,person,none,income,,12540,12644,0,none,,,0
T0001685,D0003,shop_owner,2026-07-05 12:52:19,receive_money,in,467,01023102704,,person,none,income,,12644,13111,0,none,,,0
T0001686,D0003,shop_owner,2026-07-05 12:59:40,cash_out,out,5000,A0131,Agent point A0131,agent,none,cash_withdrawal,cash_withdrawal,13111,8111,0,none,,,0
T0001687,D0003,shop_owner,2026-07-05 16:04:45,receive_money,in,292,01032880623,,person,none,income,,8111,8403,0,none,,,0
T0001688,D0003,shop_owner,2026-07-05 16:14:47,receive_money,in,246,01022647469,,person,none,income,,8403,8649,0,none,,,0
T0001689,D0003,shop_owner,2026-07-05 18:54:58,receive_money,in,1060,01051285383,,person,none,income,,8649,9709,0,none,,,0
T0001690,D0003,shop_owner,2026-07-05 19:21:27,receive_money,in,86,01034034306,,person,none,income,,9709,9795,0,none,,,0
T0001691,D0003,shop_owner,2026-07-05 19:21:52,receive_money,in,1046,01024504651,,person,none,income,,9795,10841,0,none,,,0
T0001692,D0003,shop_owner,2026-07-05 19:32:42,receive_money,in,333,01086698087,,person,none,income,,10841,11174,0,none,,,0
T0001693,D0003,shop_owner,2026-07-05 19:32:47,receive_money,in,462,01020586235,,person,none,income,,11174,11636,0,none,,,0
T0001694,D0002,student,2026-07-05 22:06:43,mobile_recharge,out,100,OP-2,Operator B,operator,telecom,mobile_recharge,mobile_recharge,147,47,0,none,,,0
T0001695,D0003,shop_owner,2026-07-06 09:03:50,receive_money,in,65,01091871870,,person,none,income,,11636,11701,0,none,,,0
T0001696,D0003,shop_owner,2026-07-06 09:30:25,receive_money,in,897,01047127989,,person,none,income,,11701,12598,0,none,,,0
T0001697,D0003,shop_owner,2026-07-06 09:56:33,receive_money,in,550,01002131759,,person,none,income,,12598,13148,0,none,,,0
T0001698,D0003,shop_owner,2026-07-06 10:24:21,receive_money,in,319,01006535604,,person,none,income,,13148,13467,0,none,,,0
T0001699,D0003,shop_owner,2026-07-06 10:45:36,merchant_payment,out,9538,M0453,Mohajon Supply (Chattogram),merchant,wholesale,business_supplies,business_supplies,13467,3929,0,none,,,0
T0001700,D0003,shop_owner,2026-07-06 11:30:13,receive_money,in,593,01069978099,,person,none,income,,3929,4522,0,none,,,0
T0001701,D0001,salaried,2026-07-06 11:59:41,merchant_payment,out,483,M0003,Shapla General Store (Uttara),merchant,grocery,groceries,groceries,20601,20118,0,none,,,0
T0001702,D0004,irregular,2026-07-06 12:35:12,receive_money,in,1050,01060750274,Jahid (client),person,none,income,,1655,2705,0,none,,,0
T0001703,D0003,shop_owner,2026-07-06 12:36:03,merchant_payment,out,111,M0107,Biryani Ghor (Khulna),merchant,restaurant,eating_out,eating_out,4522,4411,0,none,,,0
T0001704,D0003,shop_owner,2026-07-06 12:50:58,receive_money,in,722,01097753250,,person,none,income,,4411,5133,0,none,,,0
T0001705,D0003,shop_owner,2026-07-06 14:14:56,receive_money,in,641,01047304484,,person,none,income,,5133,5774,0,none,,,0
T0001706,D0004,irregular,2026-07-06 16:18:16,mobile_recharge,out,100,OP-3,Operator C,operator,telecom,mobile_recharge,mobile_recharge,2705,2605,0,none,,,0
T0001707,D0001,salaried,2026-07-06 16:25:21,merchant_payment,out,223,M0222,City Ride (Savar),merchant,transport,transport,transport,20118,19895,0,none,,,0
T0001708,D0003,shop_owner,2026-07-06 16:37:32,receive_money,in,1396,01094480371,,person,none,income,,5774,7170,0,none,,,0
T0001709,D0003,shop_owner,2026-07-06 17:03:07,receive_money,in,151,01031256342,,person,none,income,,7170,7321,0,none,,,0
T0001710,D0003,shop_owner,2026-07-06 17:28:50,receive_money,in,133,01083377000,,person,none,income,,7321,7454,0,none,,,0
T0001711,D0002,student,2026-07-06 19:47:32,cash_in,in,500,A0051,Agent point A0051,agent,none,cash_in,,47,547,0,none,,,0
T0001712,D0002,student,2026-07-06 19:52:32,merchant_payment,out,265,M0228,City Ride (Rajshahi),merchant,transport,transport,transport,547,282,0,none,,,0
T0001713,D0003,shop_owner,2026-07-06 19:58:51,receive_money,in,533,01056615069,,person,none,income,,7454,7987,0,none,,,0
T0001714,D0003,shop_owner,2026-07-06 20:17:21,cash_in,in,11000,A0241,Agent point A0241,agent,none,cash_in,,7987,18987,0,none,,,0
T0001715,D0003,shop_owner,2026-07-06 20:23:21,send_money,out,17500,01062734169,Shanto (landlord),person,none,rent,rent,18987,1487,0,none,,,0
T0001716,D0001,salaried,2026-07-06 21:00:28,merchant_payment,out,2249,M0003,Shapla General Store (Uttara),merchant,grocery,groceries,groceries,19895,17646,0,none,,,0
T0001717,D0001,salaried,2026-07-06 21:03:45,merchant_payment,out,371,M0165,Mishti Mukh (Chattogram),merchant,restaurant,eating_out,eating_out,17646,17275,0,none,,,0
T0001718,D0003,shop_owner,2026-07-06 23:47:21,cash_in,in,9000,A0241,Agent point A0241,agent,none,cash_in,,1487,10487,0,none,,,0
T0001719,D0003,shop_owner,2026-07-06 23:55:21,cash_out,out,8000,A0241,Agent point A0241,agent,none,cash_withdrawal,cash_withdrawal,10487,2487,0,none,,,0
T0001720,D0004,irregular,2026-07-07 07:57:41,cash_out,out,500,A0038,Agent point A0038,agent,none,cash_withdrawal,cash_withdrawal,2605,2105,0,none,,,0
T0001721,D0003,shop_owner,2026-07-07 08:12:50,receive_money,in,89,01014033484,,person,none,income,,2487,2576,0,none,,,0
T0001722,D0003,shop_owner,2026-07-07 08:31:32,receive_money,in,247,01088825764,,person,none,income,,2576,2823,0,none,,,0
T0001723,D0003,shop_owner,2026-07-07 08:57:19,receive_money,in,805,01002906390,,person,none,income,,2823,3628,0,none,,,0
T0001724,D0003,shop_owner,2026-07-07 09:28:25,receive_money,in,770,01042598193,,person,none,income,,3628,4398,0,none,,,0
T0001725,D0003,shop_owner,2026-07-07 09:58:25,send_money,out,3000,01061394525,Arif (supplier),person,none,business_supplies,business,4398,1398,0,none,,,0
T0001726,D0003,shop_owner,2026-07-07 15:24:53,receive_money,in,370,01097342341,,person,none,income,,1398,1768,0,none,,,0
T0001727,D0001,salaried,2026-07-07 15:50:50,merchant_payment,out,228,M0268,Launch Ticket Desk (Mohammadpur),merchant,transport,transport,transport,17275,17047,0,none,,,0
T0001728,D0002,student,2026-07-07 18:06:10,merchant_payment,out,249,M0144,Bhorta Bari (Rajshahi),merchant,restaurant,eating_out,eating_out,282,33,0,none,,,0
T0001729,D0003,shop_owner,2026-07-07 18:22:45,receive_money,in,133,01097275159,,person,none,income,,1768,1901,0,none,,,0
T0001730,D0003,shop_owner,2026-07-07 18:41:52,receive_money,in,716,01073108285,,person,none,income,,1901,2617,0,none,,,0
T0001731,D0001,salaried,2026-07-07 19:21:14,merchant_payment,out,180,M0268,Launch Ticket Desk (Mohammadpur),merchant,transport,transport,transport,17047,16867,0,none,,,0
T0001732,D0003,shop_owner,2026-07-08 06:28:49,receive_money,in,334,01086306380,,person,none,income,,2617,2951,0,none,,,0
T0001733,D0003,shop_owner,2026-07-08 10:23:12,receive_money,in,1002,01032933416,,person,none,income,,2951,3953,0,none,,,0
T0001734,D0003,shop_owner,2026-07-08 10:45:08,receive_money,in,338,01026530078,,person,none,income,,3953,4291,0,none,,,0
T0001735,D0003,shop_owner,2026-07-08 10:53:08,receive_money,in,174,01012924365,,person,none,income,,4291,4465,0,none,,,0
T0001736,D0003,shop_owner,2026-07-08 11:28:50,receive_money,in,386,01063649188,,person,none,income,,4465,4851,0,none,,,0
T0001737,D0001,salaried,2026-07-08 12:13:41,merchant_payment,out,391,M0216,Khichuri Kitchen (Rajshahi),merchant,restaurant,eating_out,eating_out,16867,16476,0,none,,,0
T0001738,D0003,shop_owner,2026-07-08 12:55:30,receive_money,in,194,01042723434,,person,none,income,,4851,5045,0,none,,,0
T0001739,D0004,irregular,2026-07-08 13:12:31,merchant_payment,out,103,M0163,Mishti Mukh (Gazipur),merchant,restaurant,eating_out,eating_out,2105,2002,0,none,,,0
T0001740,D0002,student,2026-07-08 16:28:40,receive_money,in,12000,01090664167,Mamun (parent),person,none,income,,33,12033,0,none,,,0
T0001741,D0001,salaried,2026-07-08 16:34:42,send_money,out,1700,01097753546,Shirin (friend),person,none,personal_transfer,friend,16476,14776,0,none,,,0
T0001742,D0004,irregular,2026-07-08 17:59:04,receive_money,in,750,01059179549,,person,none,income,,2002,2752,0,none,,,0
T0001743,D0003,shop_owner,2026-07-08 18:46:41,receive_money,in,301,01012072827,,person,none,income,,5045,5346,0,none,,,0
T0001744,D0003,shop_owner,2026-07-08 19:41:05,receive_money,in,1085,01089117950,,person,none,income,,5346,6431,0,none,,,0
T0001745,D0003,shop_owner,2026-07-08 20:18:38,receive_money,in,392,01040229432,,person,none,income,,6431,6823,0,none,,,0
T0001746,D0001,salaried,2026-07-08 20:50:13,bill_payment,out,1050,B-NET,FiberLink Internet,biller,utility,internet,internet,14776,13726,0,none,,,0
T0001747,D0004,irregular,2026-07-08 20:53:13,cash_out,out,200,A0038,Agent point A0038,agent,none,cash_withdrawal,cash_withdrawal,2752,2552,0,none,,,0
T0001748,D0002,student,2026-07-08 21:01:31,cash_out,out,6000,A0036,Agent point A0036,agent,none,cash_withdrawal,cash_withdrawal,12033,6033,0,none,,,0
T0001749,D0004,irregular,2026-07-08 21:05:02,receive_money,in,1150,01061866158,Rubel (client),person,none,income,,2552,3702,0,none,,,0
T0001750,D0003,shop_owner,2026-07-08 22:29:55,receive_money,in,359,01016544674,,person,none,income,,6823,7182,0,none,,,0
T0001751,D0003,shop_owner,2026-07-09 09:07:51,send_money,out,2900,01061394525,Arif (supplier),person,none,business_supplies,business,7182,4282,0,none,,,0
T0001752,D0003,shop_owner,2026-07-09 09:10:46,receive_money,in,336,01013503147,,person,none,income,,4282,4618,0,none,,,0
T0001753,D0003,shop_owner,2026-07-09 10:56:46,receive_money,in,212,01055935435,,person,none,income,,4618,4830,0,none,,,0
T0001754,D0003,shop_owner,2026-07-09 11:16:28,receive_money,in,147,01094480371,,person,none,income,,4830,4977,0,none,,,0
T0001755,D0003,shop_owner,2026-07-09 14:47:12,receive_money,in,1005,01082519384,,person,none,income,,4977,5982,0,none,,,0
T0001756,D0003,shop_owner,2026-07-09 16:01:54,receive_money,in,500,01043699546,,person,none,income,,5982,6482,0,none,,,0
T0001757,D0001,salaried,2026-07-09 17:10:59,merchant_payment,out,216,M0228,City Ride (Rajshahi),merchant,transport,transport,transport,13726,13510,0,none,,,0
T0001758,D0001,salaried,2026-07-09 17:36:20,merchant_payment,out,998,M0064,Poribar Mart (Mohammadpur),merchant,grocery,groceries,groceries,13510,12512,0,none,,,0
T0001759,D0003,shop_owner,2026-07-09 18:08:40,receive_money,in,505,01021374000,,person,none,income,,6482,6987,0,none,,,0
T0001760,D0003,shop_owner,2026-07-09 18:14:32,receive_money,in,599,01088189109,,person,none,income,,6987,7586,0,none,,,0
T0001761,D0002,student,2026-07-09 18:29:09,merchant_payment,out,350,M0086,Jononi Traders (Dhanmondi),merchant,grocery,groceries,groceries,6033,5683,0,none,,,0
T0001762,D0003,shop_owner,2026-07-09 19:49:19,receive_money,in,540,01099540605,,person,none,income,,7586,8126,0,none,,,0
T0001763,D0002,student,2026-07-09 20:15:24,merchant_payment,out,498,M0339,Style Bazar (Uttara),merchant,online_shop,shopping,shopping,5683,5185,0,none,,,0
T0001764,D0002,student,2026-07-09 22:13:15,merchant_payment,out,283,M0109,Cha Adda (Mirpur),merchant,restaurant,eating_out,eating_out,5185,4902,0,none,,,0
T0001765,D0004,irregular,2026-07-09 22:21:58,receive_money,in,850,01074066544,,person,none,income,,3702,4552,0,none,,,0
T0001766,D0002,student,2026-07-10 02:28:00,merchant_payment,out,313,M0339,Style Bazar (Uttara),merchant,online_shop,shopping,shopping,4902,4589,0,none,,,0
T0001767,D0001,salaried,2026-07-10 11:01:43,bill_payment,out,2480,B-ELEC,City Electric Supply,biller,utility,electricity,electricity,12512,10032,0,none,,,0
T0001768,D0003,shop_owner,2026-07-10 15:53:05,send_money,out,4700,01062067985,Shirin (family),person,none,family_support,family_support,8126,3426,0,none,,,0
T0001769,D0002,student,2026-07-10 17:26:29,merchant_payment,out,480,M0189,Tehari House (Chattogram),merchant,restaurant,eating_out,eating_out,4589,4109,0,none,,,0
T0001770,D0004,irregular,2026-07-10 17:55:14,receive_money,in,1600,01020985059,Abdur (client),person,none,income,,4552,6152,0,none,,,0
T0001771,D0004,irregular,2026-07-10 19:23:48,mobile_recharge,out,50,OP-3,Operator C,operator,telecom,mobile_recharge,mobile_recharge,6152,6102,0,none,,,0
T0001772,D0004,irregular,2026-07-10 19:45:15,cash_out,out,800,A0038,Agent point A0038,agent,none,cash_withdrawal,cash_withdrawal,6102,5302,0,none,,,0
T0001773,D0004,irregular,2026-07-10 22:36:33,cash_out,out,700,A0038,Agent point A0038,agent,none,cash_withdrawal,cash_withdrawal,5302,4602,0,none,,,0
T0001774,D0002,student,2026-07-10 22:59:06,mobile_recharge,out,150,OP-2,Operator B,operator,telecom,other,mobile_recharge,4109,3959,0,none,,,0
T0001775,D0001,salaried,2026-07-10 23:43:39,merchant_payment,out,322,M0183,Tehari House (Uttara),merchant,restaurant,eating_out,eating_out,10032,9710,0,none,,,0
T0001776,D0003,shop_owner,2026-07-11 08:22:11,receive_money,in,1290,01097775761,,person,none,income,,3426,4716,0,none,,,0
T0001777,D0003,shop_owner,2026-07-11 08:25:40,cash_in,in,11000,A0205,Agent point A0205,agent,none,cash_in,,4716,15716,0,none,,,0
T0001778,D0003,shop_owner,2026-07-11 08:53:40,merchant_payment,out,9217,M0453,Mohajon Supply (Chattogram),merchant,wholesale,business_supplies,business_supplies,15716,6499,0,none,,,0
T0001779,D0003,shop_owner,2026-07-11 10:00:00,receive_money,in,676,01088836354,,person,none,income,,6499,7175,0,none,,,0
T0001780,D0003,shop_owner,2026-07-11 16:02:23,receive_money,in,143,01028781886,,person,none,income,,7175,7318,0,none,,,0
T0001781,D0004,irregular,2026-07-11 17:21:49,cash_out,out,200,A0038,Agent point A0038,agent,none,cash_withdrawal,cash_withdrawal,4602,4402,0,none,,,0
T0001782,D0003,shop_owner,2026-07-11 18:03:26,receive_money,in,419,01005509930,,person,none,income,,7318,7737,0,none,,,0
T0001783,D0003,shop_owner,2026-07-11 18:38:42,receive_money,in,731,01049112123,,person,none,income,,7737,8468,0,none,,,0
T0001784,D0001,salaried,2026-07-11 19:14:17,merchant_payment,out,355,M0201,Burger Adda (Chattogram),merchant,restaurant,eating_out,eating_out,9710,9355,0,none,,,0
T0001785,D0004,irregular,2026-07-11 20:08:21,merchant_payment,out,106,M0221,City Ride (Banani),merchant,transport,transport,transport,4402,4296,0,none,,,0
T0001786,D0002,student,2026-07-11 20:22:59,merchant_payment,out,110,M0151,Dhaba Express (Gazipur),merchant,restaurant,eating_out,eating_out,3959,3849,0,none,,,0
T0001787,D0003,shop_owner,2026-07-11 20:24:56,receive_money,in,174,01014099709,,person,none,income,,8468,8642,0,none,,,0
T0001788,D0003,shop_owner,2026-07-11 21:57:22,receive_money,in,195,01069678633,,person,none,income,,8642,8837,0,none,,,0
T0001789,D0004,irregular,2026-07-11 22:26:21,receive_money,in,450,01060750274,Jahid (client),person,none,income,,4296,4746,0,none,,,0
T0001790,D0004,irregular,2026-07-11 22:26:58,cash_out,out,2500,A0038,Agent point A0038,agent,none,cash_withdrawal,cash_withdrawal,4746,2246,0,none,,,0
T0001791,D0003,shop_owner,2026-07-12 07:00:05,receive_money,in,715,01006535604,,person,none,income,,8837,9552,0,none,,,0
T0001792,D0003,shop_owner,2026-07-12 08:21:15,merchant_payment,out,143,M0229,Nogor Bus Counter (Mirpur),merchant,transport,transport,transport,9552,9409,0,none,,,0
T0001793,D0003,shop_owner,2026-07-12 09:09:27,merchant_payment,out,6368,M0453,Mohajon Supply (Chattogram),merchant,wholesale,business_supplies,business_supplies,9409,3041,0,none,,,0
T0001794,D0001,salaried,2026-07-12 10:15:19,merchant_payment,out,223,M0222,City Ride (Savar),merchant,transport,transport,transport,9355,9132,0,none,,,0
T0001795,D0001,salaried,2026-07-12 11:46:57,send_money,out,1800,01061789811,,person,none,personal_transfer,friend,9132,7332,0,none,,,0
T0001796,D0003,shop_owner,2026-07-12 12:28:34,receive_money,in,355,01081500092,,person,none,income,,3041,3396,0,none,,,0
T0001797,D0003,shop_owner,2026-07-12 12:28:39,cash_in,in,17000,A0241,Agent point A0241,agent,none,cash_in,,3396,20396,0,none,,,0
T0001798,D0003,shop_owner,2026-07-12 12:31:35,cash_out,out,17500,A0241,Agent point A0241,agent,none,cash_withdrawal,cash_withdrawal,20396,2896,0,none,,,0
T0001799,D0003,shop_owner,2026-07-12 12:44:33,receive_money,in,670,01022251722,,person,none,income,,2896,3566,0,none,,,0
T0001800,D0003,shop_owner,2026-07-12 13:33:08,receive_money,in,307,01074381499,,person,none,income,,3566,3873,0,none,,,0
T0001801,D0004,irregular,2026-07-12 13:52:23,receive_money,in,1500,01058684992,,person,none,income,,2246,3746,0,none,,,0
T0001802,D0003,shop_owner,2026-07-12 14:24:56,receive_money,in,87,01014099709,,person,none,income,,3873,3960,0,none,,,0
T0001803,D0003,shop_owner,2026-07-12 14:35:55,receive_money,in,417,01089035452,,person,none,income,,3960,4377,0,none,,,0
T0001804,D0002,student,2026-07-12 16:02:01,merchant_payment,out,150,M0151,Dhaba Express (Gazipur),merchant,restaurant,eating_out,eating_out,3849,3699,0,none,,,0
T0001805,D0002,student,2026-07-12 16:26:03,send_money,out,700,01051320135,Hasib (friend),person,none,personal_transfer,friend,3699,2999,0,none,,,0
T0001806,D0004,irregular,2026-07-12 18:13:38,receive_money,in,1450,01018644210,,person,none,income,,3746,5196,0,none,,,0
T0001807,D0002,student,2026-07-12 18:15:38,receive_money,in,6000,01026757907,Rakib (client),person,none,income,,2999,8999,0,none,,,0
T0001808,D0002,student,2026-07-12 18:22:19,merchant_payment,out,432,M0206,Khichuri Kitchen (Dhanmondi),merchant,restaurant,eating_out,eating_out,8999,8567,0,none,,,0
T0001809,D0003,shop_owner,2026-07-12 18:38:23,receive_money,in,373,01040264647,,person,none,income,,4377,4750,0,none,,,0
T0001810,D0003,shop_owner,2026-07-12 19:40:46,receive_money,in,511,01016039394,,person,none,income,,4750,5261,0,none,,,0
T0001811,D0003,shop_owner,2026-07-12 19:56:32,receive_money,in,444,01089595347,,person,none,income,,5261,5705,0,none,,,0
T0001812,D0002,student,2026-07-12 20:09:33,merchant_payment,out,137,M0120,Cha Adda (Rajshahi),merchant,restaurant,eating_out,eating_out,8567,8430,0,none,,,0
T0001813,D0002,student,2026-07-12 21:08:47,merchant_payment,out,123,M0151,Dhaba Express (Gazipur),merchant,restaurant,eating_out,eating_out,8430,8307,0,none,,,0
T0001814,D0004,irregular,2026-07-12 22:05:23,send_money,out,3100,01037459710,Ruma (family),person,none,family_support,family_support,5196,2096,0,none,,,0
T0001815,D0001,salaried,2026-07-12 22:47:49,bill_payment,out,3000,B-DPS,Shonchoy DPS,biller,bank,savings,savings,7332,4332,0,none,,,0
T0001816,D0003,shop_owner,2026-07-13 08:26:16,receive_money,in,575,01013503147,,person,none,income,,5705,6280,0,none,,,0
T0001817,D0001,salaried,2026-07-13 08:47:06,merchant_payment,out,280,M0064,Poribar Mart (Mohammadpur),merchant,grocery,groceries,groceries,4332,4052,0,none,,,0
T0001818,D0003,shop_owner,2026-07-13 11:20:53,receive_money,in,198,01084593455,,person,none,income,,6280,6478,0,none,,,0
T0001819,D0003,shop_owner,2026-07-13 11:35:16,receive_money,in,2037,01087296687,,person,none,income,,6478,8515,0,none,,,0
T0001820,D0003,shop_owner,2026-07-13 11:54:00,receive_money,in,105,01067686116,,person,none,income,,8515,8620,0,none,,,0
T0001821,D0003,shop_owner,2026-07-13 14:27:53,receive_money,in,706,01055558240,,person,none,income,,8620,9326,0,none,,,0
T0001822,D0003,shop_owner,2026-07-13 15:25:51,bill_payment,out,1190,B-NET,FiberLink Internet,biller,utility,internet,internet,9326,8136,0,none,,,0
T0001823,D0003,shop_owner,2026-07-13 16:49:54,receive_money,in,323,01041910758,,person,none,income,,8136,8459,0,none,,,0
T0001824,D0001,salaried,2026-07-13 17:42:41,merchant_payment,out,793,M0064,Poribar Mart (Mohammadpur),merchant,grocery,groceries,groceries,4052,3259,0,none,,,0
T0001825,D0003,shop_owner,2026-07-13 18:31:36,receive_money,in,254,01099580379,,person,none,income,,8459,8713,0,none,,,0
T0001826,D0004,irregular,2026-07-13 19:16:41,merchant_payment,out,139,M0163,Mishti Mukh (Gazipur),merchant,restaurant,eating_out,eating_out,2096,1957,0,none,,,0
T0001827,D0003,shop_owner,2026-07-13 19:36:33,receive_money,in,397,01087711450,,person,none,income,,8713,9110,0,none,,,0
T0001828,D0003,shop_owner,2026-07-13 19:46:03,receive_money,in,641,01057311250,,person,none,income,,9110,9751,0,none,,,0
T0001829,D0003,shop_owner,2026-07-13 19:57:30,receive_money,in,402,01028960200,,person,none,income,,9751,10153,0,none,,,0
T0001830,D0003,shop_owner,2026-07-13 20:42:35,receive_money,in,263,01028960200,,person,none,income,,10153,10416,0,none,,,0
T0001831,D0003,shop_owner,2026-07-13 21:04:02,receive_money,in,392,01069678633,,person,none,income,,10416,10808,0,none,,,0
T0001832,D0003,shop_owner,2026-07-13 21:33:08,receive_money,in,2253,01022153525,,person,none,income,,10808,13061,0,none,,,0
T0001833,D0001,salaried,2026-07-13 22:16:34,merchant_payment,out,411,M0183,Tehari House (Uttara),merchant,restaurant,eating_out,eating_out,3259,2848,0,none,,,0
T0001834,D0003,shop_owner,2026-07-13 22:53:04,receive_money,in,137,01069678633,,person,none,income,,13061,13198,0,none,,,0
T0001835,D0001,salaried,2026-07-13 23:55:12,send_money,out,1500,01094533718,Babul (friend),person,none,other,friend,2848,1348,0,none,,,0
T0001836,D0003,shop_owner,2026-07-14 07:05:47,receive_money,in,839,01040063363,,person,none,income,,13198,14037,0,none,,,0
T0001837,D0003,shop_owner,2026-07-14 09:23:44,receive_money,in,93,01033706556,,person,none,income,,14037,14130,0,none,,,0
T0001838,D0003,shop_owner,2026-07-14 11:44:28,receive_money,in,405,01020836621,,person,none,income,,14130,14535,0,none,,,0
T0001839,D0003,shop_owner,2026-07-14 11:52:57,receive_money,in,718,01013503147,,person,none,income,,14535,15253,0,none,,,0
T0001840,D0003,shop_owner,2026-07-14 12:43:22,receive_money,in,140,01094304092,,person,none,income,,15253,15393,0,none,,,0
T0001841,D0003,shop_owner,2026-07-14 12:53:23,merchant_payment,out,6634,M0453,Mohajon Supply (Chattogram),merchant,wholesale,business_supplies,business_supplies,15393,8759,0,none,,,0
T0001842,D0003,shop_owner,2026-07-14 13:48:36,receive_money,in,592,01071894732,,person,none,income,,8759,9351,0,none,,,0
T0001843,D0003,shop_owner,2026-07-14 14:32:12,receive_money,in,741,01074455478,,person,none,income,,9351,10092,0,none,,,0
T0001844,D0003,shop_owner,2026-07-14 15:50:12,merchant_payment,out,9062,M0453,Mohajon Supply (Chattogram),merchant,wholesale,business_supplies,business_supplies,10092,1030,0,none,,,0
T0001845,D0003,shop_owner,2026-07-14 17:13:04,receive_money,in,215,01041701091,,person,none,income,,1030,1245,0,none,,,0
T0001846,D0003,shop_owner,2026-07-14 17:46:20,receive_money,in,481,01075480393,,person,none,income,,1245,1726,0,none,,,0
T0001847,D0003,shop_owner,2026-07-14 17:59:47,receive_money,in,134,01089218938,,person,none,income,,1726,1860,0,none,,,0
T0001848,D0003,shop_owner,2026-07-14 18:16:22,receive_money,in,821,01073387105,,person,none,income,,1860,2681,0,none,,,0
T0001849,D0003,shop_owner,2026-07-14 18:29:22,receive_money,in,356,01057616329,,person,none,income,,2681,3037,0,none,,,0
T0001850,D0004,irregular,2026-07-14 18:32:06,merchant_payment,out,282,M0205,Khichuri Kitchen (Mirpur),merchant,restaurant,eating_out,eating_out,1957,1675,0,none,,,0
T0001851,D0003,shop_owner,2026-07-14 18:43:28,receive_money,in,263,01076568024,,person,none,income,,3037,3300,0,none,,,0
T0001852,D0003,shop_owner,2026-07-14 18:54:10,receive_money,in,718,01013059493,,person,none,income,,3300,4018,0,none,,,0
T0001853,D0003,shop_owner,2026-07-14 19:10:44,receive_money,in,220,01028809248,,person,none,income,,4018,4238,0,none,,,0
T0001854,D0002,student,2026-07-14 19:25:20,merchant_payment,out,149,M0272,Launch Ticket Desk (Narayanganj),merchant,transport,transport,transport,8307,8158,0,none,,,0
T0001855,D0003,shop_owner,2026-07-14 19:30:06,bill_payment,out,4004,B-ELEC,City Electric Supply,biller,utility,electricity,electricity,4238,234,0,none,,,0
T0001856,D0001,salaried,2026-07-14 19:38:04,merchant_payment,out,146,M0226,City Ride (Sylhet),merchant,transport,transport,transport,1348,1202,0,none,,,0
T0001857,D0003,shop_owner,2026-07-14 19:41:51,receive_money,in,228,01034186470,,person,none,income,,234,462,0,none,,,0
T0001858,D0004,irregular,2026-07-14 20:26:24,merchant_payment,out,413,M0012,Shapla General Store (Rajshahi),merchant,grocery,groceries,groceries,1675,1262,0,none,,,0
T0001859,D0003,shop_owner,2026-07-14 21:25:52,receive_money,in,340,01069678633,,person,none,income,,462,802,0,none,,,0
T0001860,D0004,irregular,2026-07-14 22:32:23,receive_money,in,1050,01064950857,,person,none,income,,1262,2312,0,none,,,0
T0001861,D0003,shop_owner,2026-07-15 08:32:15,receive_money,in,204,01006535604,,person,none,income,,802,1006,0,none,,,0
T0001862,D0003,shop_owner,2026-07-15 08:38:27,receive_money,in,1319,01051285383,,person,none,income,,1006,2325,0,none,,,0
T0001863,D0003,shop_owner,2026-07-15 10:27:26,receive_money,in,419,01023102704,,person,none,income,,2325,2744,0,none,,,0
T0001864,D0003,shop_owner,2026-07-15 11:46:06,receive_money,in,505,01017461320,,person,none,income,,2744,3249,0,none,,,0
T0001865,D0003,shop_owner,2026-07-15 12:02:56,receive_money,in,58,01088189109,,person,none,income,,3249,3307,0,none,,,0
T0001866,D0001,salaried,2026-07-15 12:26:50,bill_payment,out,1080,B-GAS,Metro Gas,biller,utility,gas,gas,1202,122,0,none,,,0
T0001867,D0003,shop_owner,2026-07-15 15:47:56,receive_money,in,373,01097649017,,person,none,income,,3307,3680,0,none,,,0
T0001868,D0001,salaried,2026-07-15 17:12:45,merchant_payment,out,96,M0226,City Ride (Sylhet),merchant,transport,transport,transport,122,26,0,none,,,0
T0001869,D0003,shop_owner,2026-07-15 17:42:16,receive_money,in,985,01039888658,,person,none,income,,3680,4665,0,none,,,0
T0001870,D0003,shop_owner,2026-07-15 18:06:58,receive_money,in,412,01087179474,,person,none,income,,4665,5077,0,none,,,0
T0001871,D0003,shop_owner,2026-07-15 18:56:14,receive_money,in,920,01019570668,,person,none,income,,5077,5997,0,none,,,0
T0001872,D0001,salaried,2026-07-15 19:34:40,cash_in,in,500,A0130,Agent point A0130,agent,none,cash_in,,26,526,0,none,,,0
T0001873,D0001,salaried,2026-07-15 19:39:40,merchant_payment,out,320,M0131,Kabab Corner (Khulna),merchant,restaurant,eating_out,eating_out,526,206,0,none,,,0
T0001874,D0003,shop_owner,2026-07-15 20:06:45,receive_money,in,260,01094480371,,person,none,income,,5997,6257,0,none,,,0
T0001875,D0004,irregular,2026-07-15 20:42:01,cash_out,out,900,A0038,Agent point A0038,agent,none,cash_withdrawal,cash_withdrawal,2312,1412,0,none,,,0
T0001876,D0001,salaried,2026-07-16 08:38:44,merchant_payment,out,168,M0228,City Ride (Rajshahi),merchant,transport,transport,transport,206,38,0,none,,,0
T0001877,D0003,shop_owner,2026-07-16 10:09:11,receive_money,in,315,01006535604,,person,none,income,,6257,6572,0,none,,,0
T0001878,D0003,shop_owner,2026-07-16 10:58:31,receive_money,in,326,01006535604,,person,none,income,,6572,6898,0,none,,,0
T0001879,D0003,shop_owner,2026-07-16 13:57:24,receive_money,in,4382,01081500092,,person,none,income,,6898,11280,0,none,,,0
T0001880,D0003,shop_owner,2026-07-16 15:10:35,receive_money,in,461,01094480371,,person,none,income,,11280,11741,0,none,,,0
T0001881,D0003,shop_owner,2026-07-16 15:57:17,receive_money,in,156,01025695834,,person,none,income,,11741,11897,0,none,,,0
T0001882,D0003,shop_owner,2026-07-16 17:54:28,receive_money,in,354,01036877361,,person,none,income,,11897,12251,0,none,,,0
T0001883,D0004,irregular,2026-07-16 18:30:11,merchant_payment,out,320,M0018,Notun Bazar Mart (Savar),merchant,grocery,groceries,groceries,1412,1092,0,none,,,0
T0001884,D0003,shop_owner,2026-07-16 18:42:08,merchant_payment,out,93,M0262,Jatri Ride (Sylhet),merchant,transport,transport,transport,12251,12158,0,none,,,0
T0001885,D0003,shop_owner,2026-07-16 18:47:41,receive_money,in,349,01024769203,,person,none,income,,12158,12507,0,none,,,0
T0001886,D0004,irregular,2026-07-16 19:04:32,cash_out,out,900,A0038,Agent point A0038,agent,none,cash_withdrawal,cash_withdrawal,1092,192,0,none,,,0
T0001887,D0003,shop_owner,2026-07-16 19:22:28,receive_money,in,389,01056082054,,person,none,income,,12507,12896,0,none,,,0
T0001888,D0003,shop_owner,2026-07-16 19:33:53,merchant_payment,out,5648,M0453,Mohajon Supply (Chattogram),merchant,wholesale,business_supplies,business_supplies,12896,7248,0,none,,,0
T0001889,D0003,shop_owner,2026-07-16 20:01:15,receive_money,in,468,01022379479,,person,none,income,,7248,7716,0,none,,,0
T0001890,D0003,shop_owner,2026-07-16 23:44:47,receive_money,in,320,01075489939,,person,none,income,,7716,8036,0,none,,,0
T0001891,D0001,salaried,2026-07-17 17:32:21,cash_in,in,1500,A0130,Agent point A0130,agent,none,cash_in,,38,1538,0,none,,,0
T0001892,D0001,salaried,2026-07-17 17:49:21,merchant_payment,out,413,M0216,Khichuri Kitchen (Rajshahi),merchant,restaurant,eating_out,eating_out,1538,1125,0,none,,,0
T0001893,D0003,shop_owner,2026-07-17 18:45:39,merchant_payment,out,709,M0079,Kacha Bazar Shop (Gazipur),merchant,grocery,groceries,groceries,8036,7327,0,none,,,0
T0001894,D0001,salaried,2026-07-17 20:15:08,merchant_payment,out,675,M0064,Poribar Mart (Mohammadpur),merchant,grocery,groceries,groceries,1125,450,0,none,,,0
T0001895,D0003,shop_owner,2026-07-18 08:50:29,receive_money,in,1988,01028960200,,person,none,income,,7327,9315,0,none,,,0
T0001896,D0003,shop_owner,2026-07-18 08:50:41,receive_money,in,251,01062304864,,person,none,income,,9315,9566,0,none,,,0
T0001897,D0003,shop_owner,2026-07-18 09:28:27,receive_money,in,2147,01004910755,,person,none,income,,9566,11713,0,none,,,0
T0001898,D0003,shop_owner,2026-07-18 09:58:35,receive_money,in,468,01072092246,,person,none,income,,11713,12181,0,none,,,0
T0001899,D0003,shop_owner,2026-07-18 10:06:52,receive_money,in,154,01024019718,,person,none,income,,12181,12335,0,none,,,0
T0001900,D0003,shop_owner,2026-07-18 10:18:14,receive_money,in,283,01086801448,,person,none,income,,12335,12618,0,none,,,0
T0001901,D0003,shop_owner,2026-07-18 10:49:58,receive_money,in,287,01010684806,,person,none,income,,12618,12905,0,none,,,0
T0001902,D0002,student,2026-07-18 11:16:16,mobile_recharge,out,50,OP-2,Operator B,operator,telecom,mobile_recharge,mobile_recharge,8158,8108,0,none,,,0
T0001903,D0002,student,2026-07-18 11:39:06,merchant_payment,out,103,M0189,Tehari House (Chattogram),merchant,restaurant,eating_out,eating_out,8108,8005,0,none,,,0
T0001904,D0002,student,2026-07-18 13:52:42,mobile_recharge,out,100,OP-2,Operator B,operator,telecom,mobile_recharge,mobile_recharge,8005,7905,0,none,,,0
T0001905,D0001,salaried,2026-07-18 13:53:41,merchant_payment,out,431,M0165,Mishti Mukh (Chattogram),merchant,restaurant,eating_out,eating_out,450,19,0,none,,,0
T0001906,D0003,shop_owner,2026-07-18 14:42:59,receive_money,in,308,01073387105,,person,none,income,,12905,13213,0,none,,,0
T0001907,D0001,salaried,2026-07-18 14:48:31,cash_in,in,2000,A0130,Agent point A0130,agent,none,cash_in,,19,2019,0,none,,,0
T0001908,D0001,salaried,2026-07-18 15:14:31,merchant_payment,out,626,M0003,Shapla General Store (Uttara),merchant,grocery,groceries,groceries,2019,1393,0,none,,,0
T0001909,D0003,shop_owner,2026-07-18 16:30:54,receive_money,in,920,01064459796,,person,none,income,,13213,14133,0,none,,,0
T0001910,D0003,shop_owner,2026-07-18 17:27:24,receive_money,in,498,01083717287,,person,none,income,,14133,14631,0,none,,,0
T0001911,D0001,salaried,2026-07-18 18:43:12,merchant_payment,out,101,M0268,Launch Ticket Desk (Mohammadpur),merchant,transport,transport,transport,1393,1292,0,none,,,0
T0001912,D0003,shop_owner,2026-07-18 19:36:49,receive_money,in,505,01094480371,,person,none,income,,14631,15136,0,none,,,0
T0001913,D0003,shop_owner,2026-07-18 19:37:44,receive_money,in,257,01006010882,,person,none,income,,15136,15393,0,none,,,0
T0001914,D0003,shop_owner,2026-07-18 19:51:53,receive_money,in,578,01014099709,,person,none,income,,15393,15971,0,none,,,0
T0001915,D0003,shop_owner,2026-07-18 19:55:48,receive_money,in,421,01054458970,,person,none,income,,15971,16392,0,none,,,0
T0001916,D0003,shop_owner,2026-07-18 20:55:50,receive_money,in,153,01040973841,,person,none,income,,16392,16545,0,none,,,0
T0001917,D0001,salaried,2026-07-18 21:15:02,cash_in,in,1000,A0130,Agent point A0130,agent,none,cash_in,,1292,2292,0,none,,,0
T0001918,D0001,salaried,2026-07-18 21:56:02,send_money,out,1600,01094533718,Babul (friend),person,none,personal_transfer,friend,2292,692,0,none,,,0
T0001919,D0003,shop_owner,2026-07-19 08:01:58,receive_money,in,256,01088630512,,person,none,income,,16545,16801,0,none,,,0
T0001920,D0003,shop_owner,2026-07-19 09:06:37,receive_money,in,183,01027633955,,person,none,income,,16801,16984,0,none,,,0
T0001921,D0003,shop_owner,2026-07-19 09:23:43,receive_money,in,1793,01000059615,,person,none,income,,16984,18777,0,none,,,0
T0001922,D0003,shop_owner,2026-07-19 10:46:06,receive_money,in,265,01091871870,,person,none,income,,18777,19042,0,none,,,0
T0001923,D0003,shop_owner,2026-07-19 12:25:43,receive_money,in,291,01049875380,,person,none,income,,19042,19333,0,none,,,0
T0001924,D0003,shop_owner,2026-07-19 12:46:09,receive_money,in,91,01086862576,,person,none,income,,19333,19424,0,none,,,0
T0001925,D0003,shop_owner,2026-07-19 13:19:20,receive_money,in,427,01041091196,,person,none,income,,19424,19851,0,none,,,0
T0001926,D0003,shop_owner,2026-07-19 16:48:36,receive_money,in,80,01079922379,,person,none,income,,19851,19931,0,none,,,0
T0001927,D0003,shop_owner,2026-07-19 21:01:15,receive_money,in,1433,01058033362,,person,none,income,,19931,21364,0,none,,,0
T0001928,D0001,salaried,2026-07-19 21:17:33,cash_in,in,3500,A0130,Agent point A0130,agent,none,cash_in,,692,4192,0,none,,,0
T0001929,D0001,salaried,2026-07-19 21:54:33,send_money,out,2300,01094533718,Babul (friend),person,none,personal_transfer,friend,4192,1892,0,none,,,0
T0001930,D0004,irregular,2026-07-19 22:25:35,receive_money,in,1650,01093614877,Hasib (client),person,none,income,,192,1842,0,none,,,0
T0001931,D0002,student,2026-07-19 23:47:05,merchant_payment,out,536,M0277,Deshi Cart (Mirpur),merchant,online_shop,shopping,shopping,7905,7369,0,none,,,0
T0001932,D0003,shop_owner,2026-07-20 08:00:54,receive_money,in,271,01071173213,,person,none,income,,21364,21635,0,none,,,0
T0001933,D0003,shop_owner,2026-07-20 09:13:34,receive_money,in,271,01049929504,,person,none,income,,21635,21906,0,none,,,0
T0001934,D0003,shop_owner,2026-07-20 09:24:23,receive_money,in,791,01000644272,,person,none,income,,21906,22697,0,none,,,0
T0001935,D0003,shop_owner,2026-07-20 09:52:26,receive_money,in,422,01013503147,,person,none,income,,22697,23119,0,none,,,0
T0001936,D0003,shop_owner,2026-07-20 10:35:56,receive_money,in,533,01000143966,,person,none,income,,23119,23652,0,none,,,0
T0001937,D0003,shop_owner,2026-07-20 11:06:50,merchant_payment,out,6826,M0456,Mohajon Supply (Rajshahi),merchant,wholesale,business_supplies,business_supplies,23652,16826,0,none,,,0
T0001938,D0003,shop_owner,2026-07-20 11:13:17,receive_money,in,473,01003245571,,person,none,income,,16826,17299,0,none,,,0
T0001939,D0001,salaried,2026-07-20 11:37:23,bill_payment,out,636,B-WATER,City Water Authority,biller,utility,water,water,1892,1256,0,none,,,0
T0001940,D0003,shop_owner,2026-07-20 11:44:17,receive_money,in,237,01059688384,,person,none,income,,17299,17536,0,none,,,0
T0001941,D0003,shop_owner,2026-07-20 13:51:41,receive_money,in,473,01013503147,,person,none,income,,17536,18009,0,none,,,0
T0001942,D0003,shop_owner,2026-07-20 14:05:49,receive_money,in,319,01033547787,,person,none,income,,18009,18328,0,none,,,0
T0001943,D0003,shop_owner,2026-07-20 15:11:24,merchant_payment,out,9087,M0437,Chawk Traders (Banani),merchant,wholesale,business_supplies,business_supplies,18328,9241,0,none,,,0
T0001944,D0001,salaried,2026-07-20 15:40:11,merchant_payment,out,349,M0216,Khichuri Kitchen (Rajshahi),merchant,restaurant,eating_out,eating_out,1256,907,0,none,,,0
T0001945,D0003,shop_owner,2026-07-20 15:42:58,receive_money,in,206,01039938184,,person,none,income,,9241,9447,0,none,,,0
T0001946,D0003,shop_owner,2026-07-20 17:36:54,merchant_payment,out,313,M0159,Mishti Mukh (Uttara),merchant,restaurant,eating_out,eating_out,9447,9134,0,none,,,0
T0001947,D0003,shop_owner,2026-07-20 17:52:29,receive_money,in,163,01023102704,,person,none,income,,9134,9297,0,none,,,0
T0001948,D0004,irregular,2026-07-20 21:07:59,receive_money,in,850,01087707144,,person,none,income,,1842,2692,0,none,,,0
T0001949,D0004,irregular,2026-07-20 21:15:30,receive_money,in,500,01066294917,,person,none,income,,2692,3192,0,none,,,0
T0001950,D0004,irregular,2026-07-20 21:31:57,merchant_payment,out,88,M0163,Mishti Mukh (Gazipur),merchant,restaurant,eating_out,eating_out,3192,3104,0,none,,,0
T0001951,D0003,shop_owner,2026-07-20 23:16:23,send_money,out,9000,01061394525,Arif (supplier),person,none,business_supplies,business,9297,297,0,none,,,0
T0001952,D0003,shop_owner,2026-07-21 07:23:28,receive_money,in,555,01067692113,,person,none,income,,297,852,0,none,,,0
T0001953,D0003,shop_owner,2026-07-21 08:28:56,receive_money,in,444,01030201318,,person,none,income,,852,1296,0,none,,,0
T0001954,D0003,shop_owner,2026-07-21 09:08:41,receive_money,in,201,01037225057,,person,none,income,,1296,1497,0,none,,,0
T0001955,D0003,shop_owner,2026-07-21 09:23:21,receive_money,in,143,01008025828,,person,none,income,,1497,1640,0,none,,,0
T0001956,D0003,shop_owner,2026-07-21 09:57:26,merchant_payment,out,579,M0052,Mayer Doa Store (Mohammadpur),merchant,grocery,groceries,groceries,1640,1061,0,none,,,0
T0001957,D0003,shop_owner,2026-07-21 11:41:20,receive_money,in,469,01028781886,,person,none,income,,1061,1530,0,none,,,0
T0001958,D0003,shop_owner,2026-07-21 13:00:49,receive_money,in,78,01022849096,,person,none,income,,1530,1608,0,none,,,0
T0001959,D0004,irregular,2026-07-21 13:15:48,merchant_payment,out,182,M0163,Mishti Mukh (Gazipur),merchant,restaurant,eating_out,eating_out,3104,2922,0,none,,,0
T0001960,D0003,shop_owner,2026-07-21 15:22:53,receive_money,in,378,01045587949,,person,none,income,,1608,1986,0,none,,,0
T0001961,D0003,shop_owner,2026-07-21 15:47:12,cash_in,in,12500,A0244,Agent point A0244,agent,none,cash_in,,1986,14486,0,none,,,0
T0001962,D0003,shop_owner,2026-07-21 16:17:12,send_money,out,10000,01014602012,Poly (friend),person,none,personal_transfer,friend,14486,4486,0,none,,,0
T0001963,D0003,shop_owner,2026-07-21 16:34:04,receive_money,in,363,01023904269,,person,none,income,,4486,4849,0,none,,,0
T0001964,D0003,shop_owner,2026-07-21 16:34:09,cash_in,in,24000,A0241,Agent point A0241,agent,none,cash_in,,4849,28849,0,none,,,0
T0001965,D0003,shop_owner,2026-07-21 16:59:35,cash_out,out,26000,A0295,Agent point A0295,agent,none,cash_withdrawal,cash_withdrawal,28849,2849,0,none,,,0
T0001966,D0003,shop_owner,2026-07-21 17:31:45,receive_money,in,856,01023102704,,person,none,income,,2849,3705,0,none,,,0
T0001967,D0002,student,2026-07-21 17:37:28,mobile_recharge,out,100,OP-2,Operator B,operator,telecom,mobile_recharge,mobile_recharge,7369,7269,0,none,,,0
T0001968,D0004,irregular,2026-07-21 19:42:26,merchant_payment,out,419,M0012,Shapla General Store (Rajshahi),merchant,grocery,groceries,groceries,2922,2503,0,none,,,0
T0001969,D0001,salaried,2026-07-21 20:06:49,cash_in,in,1000,A0130,Agent point A0130,agent,none,cash_in,,907,1907,0,none,,,0
T0001970,D0003,shop_owner,2026-07-21 20:40:38,receive_money,in,129,01019240802,,person,none,income,,3705,3834,0,none,,,0
T0001971,D0001,salaried,2026-07-21 20:40:49,merchant_payment,out,1073,M0304,Rong Fashion (Mohammadpur),merchant,online_shop,shopping,shopping,1907,834,0,none,,,0
T0001972,D0003,shop_owner,2026-07-21 21:07:58,merchant_payment,out,724,M0107,Biryani Ghor (Khulna),merchant,restaurant,eating_out,eating_out,3834,3110,0,none,,,0
T0001973,D0003,shop_owner,2026-07-21 21:57:15,receive_money,in,444,01071334826,,person,none,income,,3110,3554,0,none,,,0
T0001974,D0003,shop_owner,2026-07-22 07:35:26,receive_money,in,320,01095057993,,person,none,income,,3554,3874,0,none,,,0
T0001975,D0004,irregular,2026-07-22 09:23:12,mobile_recharge,out,50,OP-3,Operator C,operator,telecom,mobile_recharge,mobile_recharge,2503,2453,0,none,,,0
T0001976,D0003,shop_owner,2026-07-22 11:12:10,receive_money,in,423,01006979632,,person,none,income,,3874,4297,0,none,,,0
T0001977,D0003,shop_owner,2026-07-22 11:35:16,mobile_recharge,out,100,OP-2,Operator B,operator,telecom,mobile_recharge,mobile_recharge,4297,4197,0,none,,,0
T0001978,D0001,salaried,2026-07-22 11:36:35,merchant_payment,out,422,M0216,Khichuri Kitchen (Rajshahi),merchant,restaurant,eating_out,eating_out,834,412,0,none,,,0
T0001979,D0003,shop_owner,2026-07-22 12:20:06,send_money,out,750,01014602012,Poly (friend),person,none,personal_transfer,friend,4197,3447,0,none,,,0
T0001980,D0003,shop_owner,2026-07-22 15:04:22,receive_money,in,935,01023979764,,person,none,income,,3447,4382,0,none,,,0
T0001981,D0003,shop_owner,2026-07-22 15:24:46,receive_money,in,1741,01076342128,,person,none,income,,4382,6123,0,none,,,0
T0001982,D0002,student,2026-07-22 15:45:56,receive_money,in,1000,01090664167,Mamun (parent),person,none,income,,7269,8269,0,none,,,0
T0001983,D0003,shop_owner,2026-07-22 16:31:20,receive_money,in,353,01047876058,,person,none,income,,6123,6476,0,none,,,0
T0001984,D0003,shop_owner,2026-07-22 16:40:13,receive_money,in,216,01051285383,,person,none,income,,6476,6692,0,none,,,0
T0001985,D0003,shop_owner,2026-07-22 16:59:52,receive_money,in,389,01047752703,,person,none,income,,6692,7081,0,none,,,0
T0001986,D0003,shop_owner,2026-07-22 19:32:29,receive_money,in,146,01007213034,,person,none,income,,7081,7227,0,none,,,0
T0001987,D0003,shop_owner,2026-07-22 20:21:34,receive_money,in,597,01049112123,,person,none,income,,7227,7824,0,none,,,0
T0001988,D0003,shop_owner,2026-07-22 20:30:18,receive_money,in,257,01013503147,,person,none,income,,7824,8081,0,none,,,0
T0001989,D0003,shop_owner,2026-07-22 22:28:03,receive_money,in,416,01002461605,,person,none,income,,8081,8497,0,none,,,0
T0001990,D0003,shop_owner,2026-07-23 08:48:21,receive_money,in,190,01077834302,,person,none,income,,8497,8687,0,none,,,0
T0001991,D0003,shop_owner,2026-07-23 09:26:55,receive_money,in,1122,01010432617,,person,none,income,,8687,9809,0,none,,,0
T0001992,D0003,shop_owner,2026-07-23 10:06:41,receive_money,in,1168,01079103111,,person,none,income,,9809,10977,0,none,,,0
T0001993,D0001,salaried,2026-07-23 10:50:10,cash_in,in,2500,A0130,Agent point A0130,agent,none,cash_in,,412,2912,0,none,,,0
T0001994,D0003,shop_owner,2026-07-23 11:00:36,receive_money,in,940,01099502258,,person,none,income,,10977,11917,0,none,,,0
T0001995,D0003,shop_owner,2026-07-23 11:24:27,merchant_payment,out,879,M0017,Notun Bazar Mart (Banani),merchant,grocery,groceries,groceries,11917,11038,0,none,,,0
T0001996,D0001,salaried,2026-07-23 11:29:10,merchant_payment,out,862,M0064,Poribar Mart (Mohammadpur),merchant,grocery,groceries,groceries,2912,2050,0,none,,,0
T0001997,D0003,shop_owner,2026-07-23 11:41:16,receive_money,in,581,01032933416,,person,none,income,,11038,11619,0,none,,,0
T0001998,D0003,shop_owner,2026-07-23 13:26:43,receive_money,in,166,01045895059,,person,none,income,,11619,11785,0,none,,,0
T0001999,D0001,salaried,2026-07-23 16:43:37,merchant_payment,out,131,M0268,Launch Ticket Desk (Mohammadpur),merchant,transport,transport,transport,2050,1919,0,none,,,0
T0002000,D0003,shop_owner,2026-07-23 16:51:47,receive_money,in,711,01005098626,,person,none,income,,11785,12496,0,none,,,0
T0002001,D0003,shop_owner,2026-07-23 18:42:07,merchant_payment,out,1506,M0018,Notun Bazar Mart (Savar),merchant,grocery,groceries,groceries,12496,10990,0,none,,,0
T0002002,D0003,shop_owner,2026-07-23 18:58:51,receive_money,in,273,01061098780,,person,none,income,,10990,11263,0,none,,,0
T0002003,D0002,student,2026-07-23 19:04:13,merchant_payment,out,218,M0256,Jatri Ride (Mohammadpur),merchant,transport,transport,transport,8269,8051,0,none,,,0
T0002004,D0003,shop_owner,2026-07-23 21:51:48,receive_money,in,458,01066319503,,person,none,income,,11263,11721,0,none,,,0
T0002005,D0003,shop_owner,2026-07-23 22:58:55,receive_money,in,650,01048518534,,person,none,income,,11721,12371,0,none,,,0
T0002006,D0003,shop_owner,2026-07-23 23:02:12,receive_money,in,526,01042477920,,person,none,income,,12371,12897,0,none,,,0
T0002007,D0003,shop_owner,2026-07-24 07:18:22,mobile_recharge,out,50,OP-2,Operator B,operator,telecom,other,mobile_recharge,12897,12847,0,none,,,0
T0002008,D0003,shop_owner,2026-07-24 09:13:46,merchant_payment,out,9321,M0466,Bikroy Distributors (Sylhet),merchant,wholesale,business_supplies,business_supplies,12847,3526,0,none,,,0
T0002009,D0004,irregular,2026-07-24 09:21:24,receive_money,in,550,01060750274,Jahid (client),person,none,income,,2453,3003,0,none,,,0
T0002010,D0004,irregular,2026-07-24 09:24:09,receive_money,in,1550,01065016959,,person,none,income,,3003,4553,0,none,,,0
T0002011,D0003,shop_owner,2026-07-24 09:59:16,receive_money,in,251,01077312526,,person,none,income,,3526,3777,0,none,,,0
T0002012,D0003,shop_owner,2026-07-24 10:09:10,receive_money,in,311,01063224379,,person,none,income,,3777,4088,0,none,,,0
T0002013,D0003,shop_owner,2026-07-24 10:21:25,receive_money,in,310,01040197625,,person,none,income,,4088,4398,0,none,,,0
T0002014,D0003,shop_owner,2026-07-24 10:43:17,receive_money,in,581,01029654543,,person,none,income,,4398,4979,0,none,,,0
T0002015,D0003,shop_owner,2026-07-24 10:53:41,receive_money,in,260,01014099709,,person,none,income,,4979,5239,0,none,,,0
T0002016,D0003,shop_owner,2026-07-24 11:06:33,receive_money,in,1457,01050978241,,person,none,income,,5239,6696,0,none,,,0
T0002017,D0003,shop_owner,2026-07-24 11:21:50,receive_money,in,535,01000806136,,person,none,income,,6696,7231,0,none,,,0
T0002018,D0003,shop_owner,2026-07-24 11:26:35,receive_money,in,545,01046891964,,person,none,income,,7231,7776,0,none,,,0
T0002019,D0003,shop_owner,2026-07-24 11:26:40,cash_in,in,2000,A0241,Agent point A0241,agent,none,cash_in,,7776,9776,0,none,,,0
T0002020,D0003,shop_owner,2026-07-24 11:39:43,cash_out,out,8000,A0241,Agent point A0241,agent,none,cash_withdrawal,cash_withdrawal,9776,1776,0,none,,,0
T0002021,D0003,shop_owner,2026-07-24 14:38:21,receive_money,in,1345,01075974539,,person,none,income,,1776,3121,0,none,,,0
T0002022,D0001,salaried,2026-07-24 15:07:47,mobile_recharge,out,100,OP-2,Operator B,operator,telecom,mobile_recharge,mobile_recharge,1919,1819,0,none,,,0
T0002023,D0003,shop_owner,2026-07-24 17:19:01,receive_money,in,27,01086565567,,person,none,income,,3121,3148,0,none,,,0
T0002024,D0003,shop_owner,2026-07-24 17:57:46,cash_in,in,20500,A0218,Agent point A0218,agent,none,cash_in,,3148,23648,0,none,,,0
T0002025,D0003,shop_owner,2026-07-24 18:17:46,cash_out,out,18500,A0241,Agent point A0241,agent,none,cash_withdrawal,cash_withdrawal,23648,5148,0,none,,,0
T0002026,D0003,shop_owner,2026-07-24 19:00:12,merchant_payment,out,1359,M0107,Biryani Ghor (Khulna),merchant,restaurant,eating_out,eating_out,5148,3789,0,none,,,0
T0002027,D0003,shop_owner,2026-07-24 20:07:21,receive_money,in,162,01007825810,,person,none,income,,3789,3951,0,none,,,0
T0002028,D0003,shop_owner,2026-07-24 20:13:03,receive_money,in,181,01029427233,,person,none,income,,3951,4132,0,none,,,0
T0002029,D0001,salaried,2026-07-24 20:18:46,merchant_payment,out,795,M0064,Poribar Mart (Mohammadpur),merchant,grocery,groceries,groceries,1819,1024,0,none,,,0
T0002030,D0001,salaried,2026-07-24 21:39:02,merchant_payment,out,403,M0131,Kabab Corner (Khulna),merchant,restaurant,eating_out,eating_out,1024,621,0,none,,,0
T0002031,D0003,shop_owner,2026-07-24 21:41:27,receive_money,in,294,01022996844,,person,none,income,,4132,4426,0,none,,,0
T0002032,D0004,irregular,2026-07-24 22:26:56,merchant_payment,out,321,M0163,Mishti Mukh (Gazipur),merchant,restaurant,eating_out,eating_out,4553,4232,0,none,,,0
T0002033,D0004,irregular,2026-07-24 23:17:41,cash_in,in,8000,A0038,Agent point A0038,agent,none,cash_in,,4232,12232,0,none,,,0
T0002034,D0003,shop_owner,2026-07-24 23:37:20,receive_money,in,581,01080130024,,person,none,income,,4426,5007,0,none,,,0
T0002035,D0004,irregular,2026-07-24 23:48:41,send_money,out,11500,01014445680,,person,none,shopping,purchase,12232,732,0,none,,big_purchase,0
T0002036,D0003,shop_owner,2026-07-25 07:05:49,receive_money,in,130,01010714275,,person,none,income,,5007,5137,0,none,,,0
T0002037,D0001,salaried,2026-07-25 08:51:34,merchant_payment,out,205,M0222,City Ride (Savar),merchant,transport,transport,transport,621,416,0,none,,,0
T0002038,D0003,shop_owner,2026-07-25 09:07:06,receive_money,in,567,01032933416,,person,none,income,,5137,5704,0,none,,,0
T0002039,D0003,shop_owner,2026-07-25 11:03:59,receive_money,in,647,01046267180,,person,none,income,,5704,6351,0,none,,,0
T0002040,D0003,shop_owner,2026-07-25 12:07:03,receive_money,in,421,01087053021,,person,none,income,,6351,6772,0,none,,,0
T0002041,D0003,shop_owner,2026-07-25 12:17:24,receive_money,in,268,01036404614,,person,none,income,,6772,7040,0,none,,,0
T0002042,D0002,student,2026-07-25 12:29:29,merchant_payment,out,280,M0191,Tehari House (Khulna),merchant,restaurant,eating_out,eating_out,8051,7771,0,none,,,0
T0002043,D0003,shop_owner,2026-07-25 12:41:02,receive_money,in,171,01051944818,,person,none,income,,7040,7211,0,none,,,0
T0002044,D0003,shop_owner,2026-07-25 14:21:32,receive_money,in,137,01035124846,,person,none,income,,7211,7348,0,none,,,0
T0002045,D0003,shop_owner,2026-07-25 14:21:46,receive_money,in,650,01095406046,,person,none,income,,7348,7998,0,none,,,0
T0002046,D0002,student,2026-07-25 15:36:15,mobile_recharge,out,50,OP-2,Operator B,operator,telecom,mobile_recharge,mobile_recharge,7771,7721,0,none,,,0
T0002047,D0002,student,2026-07-25 17:55:16,merchant_payment,out,106,M0259,Jatri Ride (Gazipur),merchant,transport,transport,transport,7721,7615,0,none,,,0
T0002048,D0003,shop_owner,2026-07-25 18:19:56,receive_money,in,239,01031735529,,person,none,income,,7998,8237,0,none,,,0
T0002049,D0003,shop_owner,2026-07-25 18:26:57,merchant_payment,out,957,M0079,Kacha Bazar Shop (Gazipur),merchant,grocery,groceries,groceries,8237,7280,0,none,,,0
T0002050,D0001,salaried,2026-07-25 19:03:49,cash_in,in,1000,A0130,Agent point A0130,agent,none,cash_in,,416,1416,0,none,,,0
T0002051,D0004,irregular,2026-07-25 19:09:43,merchant_payment,out,250,M0163,Mishti Mukh (Gazipur),merchant,restaurant,eating_out,eating_out,732,482,0,none,,,0
T0002052,D0001,salaried,2026-07-25 19:34:49,merchant_payment,out,443,M0216,Khichuri Kitchen (Rajshahi),merchant,restaurant,eating_out,eating_out,1416,973,0,none,,,0
T0002053,D0003,shop_owner,2026-07-25 20:37:41,receive_money,in,148,01041345456,,person,none,income,,7280,7428,0,none,,,0
T0002054,D0003,shop_owner,2026-07-25 20:45:10,receive_money,in,134,01071659322,,person,none,income,,7428,7562,0,none,,,0
T0002055,D0003,shop_owner,2026-07-26 08:55:11,receive_money,in,406,01023102704,,person,none,income,,7562,7968,0,none,,,0
T0002056,D0003,shop_owner,2026-07-26 09:18:29,receive_money,in,142,01090289822,,person,none,income,,7968,8110,0,none,,,0
T0002057,D0001,salaried,2026-07-26 09:31:25,cash_in,in,1000,A0130,Agent point A0130,agent,none,cash_in,,973,1973,0,none,,,0
T0002058,D0001,salaried,2026-07-26 09:53:25,merchant_payment,out,1161,M0003,Shapla General Store (Uttara),merchant,grocery,groceries,groceries,1973,812,0,none,,,0
T0002059,D0003,shop_owner,2026-07-26 10:25:41,receive_money,in,126,01023424948,,person,none,income,,8110,8236,0,none,,,0
T0002060,D0001,salaried,2026-07-26 10:57:15,cash_in,in,2000,A0130,Agent point A0130,agent,none,cash_in,,812,2812,0,none,,,0
T0002061,D0001,salaried,2026-07-26 11:03:15,merchant_payment,out,867,M0342,Style Bazar (Savar),merchant,online_shop,shopping,shopping,2812,1945,0,none,,,0
T0002062,D0003,shop_owner,2026-07-26 11:50:14,receive_money,in,562,01017400342,,person,none,income,,8236,8798,0,none,,,0
T0002063,D0003,shop_owner,2026-07-26 12:50:27,receive_money,in,1015,01014056880,,person,none,income,,8798,9813,0,none,,,0
T0002064,D0001,salaried,2026-07-26 15:03:45,merchant_payment,out,588,M0064,Poribar Mart (Mohammadpur),merchant,grocery,groceries,groceries,1945,1357,0,none,,,0
T0002065,D0001,salaried,2026-07-26 15:43:29,merchant_payment,out,418,M0374,Arogya Medicine Corner (Dhanmondi),merchant,pharmacy,health,health,1357,939,0,none,,,0
T0002066,D0002,student,2026-07-26 17:07:49,cash_out,out,5500,A0036,Agent point A0036,agent,none,cash_withdrawal,cash_withdrawal,7615,2115,0,none,,,0
T0002067,D0003,shop_owner,2026-07-26 17:17:51,receive_money,in,609,01020836621,,person,none,income,,9813,10422,0,none,,,0
T0002068,D0004,irregular,2026-07-26 17:43:02,receive_money,in,1400,01061866158,Rubel (client),person,none,income,,482,1882,0,none,,,0
T0002069,D0003,shop_owner,2026-07-26 18:05:58,receive_money,in,231,01059868491,,person,none,income,,10422,10653,0,none,,,0
T0002070,D0003,shop_owner,2026-07-26 19:03:36,receive_money,in,702,01058231623,,person,none,income,,10653,11355,0,none,,,0
T0002071,D0003,shop_owner,2026-07-26 19:04:24,receive_money,in,772,01003127695,,person,none,income,,11355,12127,0,none,,,0
T0002072,D0003,shop_owner,2026-07-26 19:08:12,receive_money,in,98,01029152056,,person,none,income,,12127,12225,0,none,,,0
T0002073,D0003,shop_owner,2026-07-26 19:09:26,receive_money,in,1531,01043423451,,person,none,income,,12225,13756,0,none,,,0
T0002074,D0003,shop_owner,2026-07-26 19:52:44,receive_money,in,828,01055747707,,person,none,income,,13756,14584,0,none,,,0
T0002075,D0003,shop_owner,2026-07-26 20:48:41,merchant_payment,out,8533,M0459,Bikroy Distributors (Uttara),merchant,wholesale,business_supplies,business_supplies,14584,6051,0,none,,,0
T0002076,D0001,salaried,2026-07-26 20:49:53,cash_in,in,1000,A0214,Agent point A0214,agent,none,cash_in,,939,1939,0,none,,,0
T0002077,D0001,salaried,2026-07-26 21:15:53,send_money,out,1700,01097753546,Shirin (friend),person,none,personal_transfer,friend,1939,239,0,none,,,0
T0002078,D0001,salaried,2026-07-26 21:15:58,cash_in,in,1500,A0130,Agent point A0130,agent,none,cash_in,,239,1739,0,none,,,0
T0002079,D0001,salaried,2026-07-26 21:37:35,merchant_payment,out,544,M0003,Shapla General Store (Uttara),merchant,grocery,groceries,groceries,1739,1195,0,none,,,0
T0002080,D0003,shop_owner,2026-07-27 07:34:13,receive_money,in,296,01047752703,,person,none,income,,6051,6347,0,none,,,0
T0002081,D0003,shop_owner,2026-07-27 08:15:47,receive_money,in,309,01003847532,,person,none,income,,6347,6656,0,none,,,0
T0002082,D0003,shop_owner,2026-07-27 08:28:21,receive_money,in,315,01001344790,,person,none,income,,6656,6971,0,none,,,0
T0002083,D0003,shop_owner,2026-07-27 08:34:29,receive_money,in,383,01086200885,,person,none,income,,6971,7354,0,none,,,0
T0002084,D0003,shop_owner,2026-07-27 10:05:33,receive_money,in,356,01018587975,,person,none,income,,7354,7710,0,none,,,0
T0002085,D0003,shop_owner,2026-07-27 10:27:50,receive_money,in,299,01053833495,,person,none,income,,7710,8009,0,none,,,0
T0002086,D0003,shop_owner,2026-07-27 10:48:48,receive_money,in,329,01005799487,,person,none,income,,8009,8338,0,none,,,0
T0002087,D0001,salaried,2026-07-27 13:47:47,merchant_payment,out,388,M0183,Tehari House (Uttara),merchant,restaurant,eating_out,eating_out,1195,807,0,none,,,0
T0002088,D0003,shop_owner,2026-07-27 13:58:18,receive_money,in,971,01014099709,,person,none,income,,8338,9309,0,none,,,0
T0002089,D0003,shop_owner,2026-07-27 17:01:44,receive_money,in,98,01053794280,,person,none,income,,9309,9407,0,none,,,0
T0002090,D0003,shop_owner,2026-07-27 17:10:29,receive_money,in,950,01042901809,,person,none,income,,9407,10357,0,none,,,0
T0002091,D0003,shop_owner,2026-07-27 17:20:24,receive_money,in,513,01000059615,,person,none,income,,10357,10870,0,none,,,0
T0002092,D0003,shop_owner,2026-07-27 18:34:12,receive_money,in,269,01059159773,,person,none,income,,10870,11139,0,none,,,0
T0002093,D0003,shop_owner,2026-07-27 19:08:02,merchant_payment,out,6233,M0453,Mohajon Supply (Chattogram),merchant,wholesale,business_supplies,business_supplies,11139,4906,0,none,,,0
T0002094,D0002,student,2026-07-27 20:17:44,mobile_recharge,out,30,OP-2,Operator B,operator,telecom,mobile_recharge,mobile_recharge,2115,2085,0,none,,,0
T0002095,D0003,shop_owner,2026-07-27 20:39:39,receive_money,in,435,01028490757,,person,none,income,,4906,5341,0,none,,,0
T0002096,D0001,salaried,2026-07-27 20:56:26,merchant_payment,out,149,M0268,Launch Ticket Desk (Mohammadpur),merchant,transport,transport,transport,807,658,0,none,,,0
T0002097,D0003,shop_owner,2026-07-27 21:04:02,receive_money,in,416,01023102704,,person,none,income,,5341,5757,0,none,,,0
T0002098,D0003,shop_owner,2026-07-27 22:53:37,receive_money,in,95,01087281606,,person,none,income,,5757,5852,0,none,,,0
T0002099,D0003,shop_owner,2026-07-27 23:59:57,send_money,out,2400,01014602012,Poly (friend),person,none,personal_transfer,friend,5852,3452,0,none,,,0
T0002100,D0003,shop_owner,2026-07-28 06:07:30,receive_money,in,223,01014667033,,person,none,income,,3452,3675,0,none,,,0
T0002101,D0003,shop_owner,2026-07-28 06:21:31,merchant_payment,out,903,M0071,Poribar Mart (Khulna),merchant,grocery,groceries,groceries,3675,2772,0,none,,,0
T0002102,D0002,student,2026-07-28 07:53:41,merchant_payment,out,152,M0258,Jatri Ride (Savar),merchant,transport,transport,transport,2085,1933,0,none,,,0
T0002103,D0003,shop_owner,2026-07-28 08:17:58,receive_money,in,666,01066739591,,person,none,income,,2772,3438,0,none,,,0
T0002104,D0003,shop_owner,2026-07-28 10:26:07,receive_money,in,173,01008917898,,person,none,income,,3438,3611,0,none,,,0
T0002105,D0003,shop_owner,2026-07-28 10:41:25,receive_money,in,941,01032933416,,person,none,income,,3611,4552,0,none,,,0
T0002106,D0003,shop_owner,2026-07-28 10:54:52,receive_money,in,604,01030685404,,person,none,income,,4552,5156,0,none,,,0
T0002107,D0003,shop_owner,2026-07-28 14:43:27,merchant_payment,out,272,M0262,Jatri Ride (Sylhet),merchant,transport,transport,transport,5156,4884,0,none,,,0
T0002108,D0003,shop_owner,2026-07-28 15:18:10,receive_money,in,233,01088189109,,person,none,income,,4884,5117,0,none,,,0
T0002109,D0003,shop_owner,2026-07-28 16:12:57,receive_money,in,308,01001769515,,person,none,income,,5117,5425,0,none,,,0
T0002110,D0002,student,2026-07-28 16:58:33,merchant_payment,out,115,M0202,Burger Adda (Sylhet),merchant,restaurant,eating_out,eating_out,1933,1818,0,none,,,0
T0002111,D0003,shop_owner,2026-07-28 19:07:50,receive_money,in,553,01049112123,,person,none,income,,5425,5978,0,none,,,0
T0002112,D0002,student,2026-07-28 19:38:28,merchant_payment,out,88,M0262,Jatri Ride (Sylhet),merchant,transport,transport,transport,1818,1730,0,none,,,0
T0002113,D0003,shop_owner,2026-07-28 20:23:15,cash_in,in,13000,A0241,Agent point A0241,agent,none,cash_in,,5978,18978,0,none,,,0
T0002114,D0002,student,2026-07-28 20:39:49,merchant_payment,out,155,M0028,Rahman Store (Mohammadpur),merchant,grocery,groceries,groceries,1730,1575,0,none,,,0
T0002115,D0003,shop_owner,2026-07-28 21:04:15,cash_out,out,18500,A0241,Agent point A0241,agent,none,cash_withdrawal,cash_withdrawal,18978,478,0,none,,,0
T0002116,D0003,shop_owner,2026-07-28 21:04:20,cash_in,in,14000,A0241,Agent point A0241,agent,none,cash_in,,478,14478,0,none,,,0
T0002117,D0003,shop_owner,2026-07-28 21:14:31,cash_out,out,13000,A0145,Agent point A0145,agent,none,cash_withdrawal,cash_withdrawal,14478,1478,0,none,,,0
T0002118,D0002,student,2026-07-28 22:39:37,merchant_payment,out,183,M0151,Dhaba Express (Gazipur),merchant,restaurant,eating_out,eating_out,1575,1392,0,none,,,0
T0002119,D0001,salaried,2026-07-28 22:41:45,cash_in,in,2000,A0130,Agent point A0130,agent,none,cash_in,,658,2658,0,none,,,0
T0002120,D0001,salaried,2026-07-28 23:23:45,send_money,out,2100,01097753546,Shirin (friend),person,none,personal_transfer,friend,2658,558,0,none,,,0
T0002121,D0003,shop_owner,2026-07-29 07:12:16,receive_money,in,617,01054932402,,person,none,income,,1478,2095,0,none,,,0
T0002122,D0003,shop_owner,2026-07-29 08:18:40,receive_money,in,532,01088189109,,person,none,income,,2095,2627,0,none,,,0
T0002123,D0001,salaried,2026-07-29 08:28:17,merchant_payment,out,89,M0228,City Ride (Rajshahi),merchant,transport,transport,transport,558,469,0,none,,,0
T0002124,D0003,shop_owner,2026-07-29 08:42:56,receive_money,in,168,01090976325,,person,none,income,,2627,2795,0,none,,,0
T0002125,D0003,shop_owner,2026-07-29 09:21:25,receive_money,in,447,01056837837,,person,none,income,,2795,3242,0,none,,,0
T0002126,D0003,shop_owner,2026-07-29 11:38:25,receive_money,in,270,01004792589,,person,none,income,,3242,3512,0,none,,,0
T0002127,D0001,salaried,2026-07-29 12:13:03,merchant_payment,out,369,M0216,Khichuri Kitchen (Rajshahi),merchant,restaurant,eating_out,eating_out,469,100,0,none,,,0
T0002128,D0002,student,2026-07-29 13:43:00,merchant_payment,out,305,M0327,Ghor Sajai (Uttara),merchant,online_shop,shopping,shopping,1392,1087,0,none,,,0
T0002129,D0003,shop_owner,2026-07-29 15:30:22,receive_money,in,368,01069678633,,person,none,income,,3512,3880,0,none,,,0
T0002130,D0002,student,2026-07-29 16:20:05,merchant_payment,out,157,M0272,Launch Ticket Desk (Narayanganj),merchant,transport,transport,transport,1087,930,0,none,,,0
T0002131,D0003,shop_owner,2026-07-29 16:45:15,receive_money,in,850,01094480371,,person,none,income,,3880,4730,0,none,,,0
T0002132,D0003,shop_owner,2026-07-29 17:33:57,receive_money,in,567,01073387105,,person,none,income,,4730,5297,0,none,,,0
T0002133,D0003,shop_owner,2026-07-29 18:00:56,receive_money,in,1300,01084158744,,person,none,income,,5297,6597,0,none,,,0
T0002134,D0003,shop_owner,2026-07-29 19:01:36,receive_money,in,678,01028364528,,person,none,income,,6597,7275,0,none,,,0
T0002135,D0003,shop_owner,2026-07-29 19:52:08,receive_money,in,183,01022442874,,person,none,income,,7275,7458,0,none,,,0
T0002136,D0004,irregular,2026-07-29 20:51:43,receive_money,in,850,01093614877,Hasib (client),person,none,income,,1882,2732,0,none,,,0
T0002137,D0003,shop_owner,2026-07-30 07:31:36,receive_money,in,343,01001769515,,person,none,income,,7458,7801,0,none,,,0
T0002138,D0003,shop_owner,2026-07-30 09:46:51,receive_money,in,1052,01014033484,,person,none,income,,7801,8853,0,none,,,0
T0002139,D0003,shop_owner,2026-07-30 10:22:58,receive_money,in,309,01017254399,,person,none,income,,8853,9162,0,none,,,0
T0002140,D0003,shop_owner,2026-07-30 11:10:21,receive_money,in,130,01039886778,,person,none,income,,9162,9292,0,none,,,0
T0002141,D0003,shop_owner,2026-07-30 15:59:45,cash_in,in,5000,A0241,Agent point A0241,agent,none,cash_in,,9292,14292,0,none,,,0
T0002142,D0003,shop_owner,2026-07-30 16:20:45,send_money,out,11000,01061394525,Arif (supplier),person,none,business_supplies,business,14292,3292,0,none,,,0
T0002143,D0003,shop_owner,2026-07-30 17:25:06,receive_money,in,1230,01094480371,,person,none,income,,3292,4522,0,none,,,0
T0002144,D0003,shop_owner,2026-07-30 18:27:20,receive_money,in,679,01091209842,,person,none,income,,4522,5201,0,none,,,0
T0002145,D0003,shop_owner,2026-07-30 18:49:40,receive_money,in,634,01089201135,,person,none,income,,5201,5835,0,none,,,0
T0002146,D0003,shop_owner,2026-07-30 19:05:26,receive_money,in,895,01087559636,,person,none,income,,5835,6730,0,none,,,0
T0002147,D0001,salaried,2026-07-30 19:44:10,cash_in,in,2000,A0130,Agent point A0130,agent,none,cash_in,,100,2100,0,none,,,0
T0002148,D0001,salaried,2026-07-30 20:24:10,merchant_payment,out,1028,M0322,Boi Ghor Online (Sylhet),merchant,online_shop,shopping,shopping,2100,1072,0,none,,,0
T0002149,D0001,salaried,2026-07-30 21:05:30,merchant_payment,out,156,M0226,City Ride (Sylhet),merchant,transport,transport,transport,1072,916,0,none,,,0
T0002150,D0004,irregular,2026-07-30 21:19:44,receive_money,in,400,01059846095,,person,none,income,,2732,3132,0,none,,,0
T0002151,D0002,student,2026-07-30 22:39:47,mobile_recharge,out,50,OP-2,Operator B,operator,telecom,mobile_recharge,mobile_recharge,930,880,0,none,,,0
T0002152,D0003,shop_owner,2026-07-30 22:43:40,receive_money,in,388,01086661641,,person,none,income,,6730,7118,0,none,,,0
T0002153,D0004,irregular,2026-07-30 23:40:19,cash_out,out,400,A0215,Agent point A0215,agent,none,cash_withdrawal,cash_withdrawal,3132,2732,0,none,,,0
T0002154,D0003,shop_owner,2026-07-31 09:03:23,receive_money,in,727,01094480371,,person,none,income,,7118,7845,0,none,,,0
T0002155,D0003,shop_owner,2026-07-31 09:07:44,receive_money,in,473,01049112123,,person,none,income,,7845,8318,0,none,,,0
T0002156,D0003,shop_owner,2026-07-31 09:10:40,receive_money,in,478,01028960200,,person,none,income,,8318,8796,0,none,,,0
T0002157,D0003,shop_owner,2026-07-31 11:45:25,receive_money,in,278,01032526213,,person,none,income,,8796,9074,0,none,,,0
T0002158,D0003,shop_owner,2026-07-31 12:01:13,receive_money,in,416,01082633011,,person,none,income,,9074,9490,0,none,,,0
T0002159,D0004,irregular,2026-07-31 12:10:35,merchant_payment,out,170,M0161,Mishti Mukh (Banani),merchant,restaurant,eating_out,eating_out,2732,2562,0,none,,,0
T0002160,D0001,salaried,2026-07-31 12:42:41,mobile_recharge,out,50,OP-2,Operator B,operator,telecom,mobile_recharge,mobile_recharge,916,866,0,none,,,0
T0002161,D0001,salaried,2026-07-31 13:11:24,merchant_payment,out,380,M0104,Biryani Ghor (Narayanganj),merchant,restaurant,eating_out,eating_out,866,486,0,none,,,0
T0002162,D0003,shop_owner,2026-07-31 14:39:24,receive_money,in,582,01082686964,,person,none,income,,9490,10072,0,none,,,0
T0002163,D0003,shop_owner,2026-07-31 16:51:14,receive_money,in,256,01076910897,,person,none,income,,10072,10328,0,none,,,0
T0002164,D0003,shop_owner,2026-07-31 17:02:32,receive_money,in,1023,01014313937,,person,none,income,,10328,11351,0,none,,,0
T0002165,D0001,salaried,2026-07-31 17:02:40,cash_in,in,3500,A0153,Agent point A0153,agent,none,cash_in,,486,3986,0,none,,,0
T0002166,D0004,irregular,2026-07-31 17:28:38,receive_money,in,1100,01061513262,,person,none,income,,2562,3662,0,none,,,0
T0002167,D0001,salaried,2026-07-31 17:43:40,merchant_payment,out,2263,M0347,Style Bazar (Khulna),merchant,online_shop,shopping,shopping,3986,1723,0,none,,,0
T0002168,D0003,shop_owner,2026-07-31 17:49:59,receive_money,in,783,01007667978,,person,none,income,,11351,12134,0,none,,,0
T0002169,D0004,irregular,2026-07-31 18:05:32,merchant_payment,out,212,M0082,Kacha Bazar Shop (Sylhet),merchant,grocery,groceries,groceries,3662,3450,0,none,,,0
T0002170,D0003,shop_owner,2026-07-31 18:34:23,receive_money,in,349,01089128269,,person,none,income,,12134,12483,0,none,,,0
T0002171,D0004,irregular,2026-07-31 19:43:20,send_money,out,2600,01037459710,Ruma (family),person,none,family_support,family_support,3450,850,0,none,,,0
T0002172,D0003,shop_owner,2026-07-31 20:31:45,receive_money,in,491,01066811322,,person,none,income,,12483,12974,0,none,,,0
T0002173,D0001,salaried,2026-07-31 21:06:36,cash_in,in,2000,A0130,Agent point A0130,agent,none,cash_in,,1723,3723,0,none,,,0
T0002174,D0001,salaried,2026-07-31 21:42:36,merchant_payment,out,2295,M0347,Style Bazar (Khulna),merchant,online_shop,shopping,shopping,3723,1428,0,none,,,0
T0002175,D0003,shop_owner,2026-07-31 21:52:29,receive_money,in,344,01046404843,,person,none,income,,12974,13318,0,none,,,0
T0002176,D0001,salaried,2026-07-31 21:55:49,merchant_payment,out,998,M0064,Poribar Mart (Mohammadpur),merchant,grocery,other,groceries,1428,430,0,none,,,0
T0002177,D0003,shop_owner,2026-08-01 08:31:50,receive_money,in,175,01004661431,,person,none,income,,13318,13493,0,none,,,0
T0002178,D0001,salaried,2026-08-01 10:16:35,salary_in,in,45000,E0333,Employer E0333,employer,none,income,,430,45430,0,none,,,0
T0002179,D0003,shop_owner,2026-08-01 10:21:32,merchant_payment,out,4535,M0459,Bikroy Distributors (Uttara),merchant,wholesale,business_supplies,business_supplies,13493,8958,0,none,,,0
T0002180,D0003,shop_owner,2026-08-01 10:49:21,receive_money,in,66,01006535604,,person,none,income,,8958,9024,0,none,,,0
T0002181,D0003,shop_owner,2026-08-01 11:26:20,receive_money,in,788,01054803556,,person,none,income,,9024,9812,0,none,,,0
T0002182,D0003,shop_owner,2026-08-01 11:41:56,receive_money,in,165,01013503147,,person,none,income,,9812,9977,0,none,,,0
T0002183,D0003,shop_owner,2026-08-01 12:40:59,receive_money,in,404,01090825902,,person,none,income,,9977,10381,0,none,,,0
T0002184,D0003,shop_owner,2026-08-01 13:56:03,receive_money,in,160,01000362668,,person,none,income,,10381,10541,0,none,,,0
T0002185,D0003,shop_owner,2026-08-01 13:58:31,merchant_payment,out,424,M0189,Tehari House (Chattogram),merchant,restaurant,eating_out,eating_out,10541,10117,0,none,,,0
T0002186,D0003,shop_owner,2026-08-01 15:12:45,send_money,out,3400,01077663603,,person,none,business_supplies,business,10117,6717,0,none,,,0
T0002187,D0003,shop_owner,2026-08-01 16:08:48,receive_money,in,227,01087518708,,person,none,income,,6717,6944,0,none,,,0
T0002188,D0003,shop_owner,2026-08-01 18:10:00,receive_money,in,108,01012096796,,person,none,income,,6944,7052,0,none,,,0
T0002189,D0001,salaried,2026-08-01 18:24:31,merchant_payment,out,389,M0165,Mishti Mukh (Chattogram),merchant,restaurant,eating_out,eating_out,45430,45041,0,none,,,0
T0002190,D0003,shop_owner,2026-08-01 18:36:11,merchant_payment,out,102,M0252,Rail Ticket Counter (Rajshahi),merchant,transport,transport,transport,7052,6950,0,none,,,0
T0002191,D0003,shop_owner,2026-08-01 18:45:10,receive_money,in,192,01089188710,,person,none,income,,6950,7142,0,none,,,0
T0002192,D0003,shop_owner,2026-08-01 18:49:10,receive_money,in,322,01010002852,,person,none,income,,7142,7464,0,none,,,0
T0002193,D0003,shop_owner,2026-08-01 18:49:47,merchant_payment,out,1466,M0063,Poribar Mart (Uttara),merchant,grocery,groceries,groceries,7464,5998,0,none,,,0
T0002194,D0003,shop_owner,2026-08-01 19:06:46,receive_money,in,206,01071167346,,person,none,income,,5998,6204,0,none,,,0
T0002195,D0003,shop_owner,2026-08-01 19:56:05,receive_money,in,124,01036082632,,person,none,income,,6204,6328,0,none,,,0
T0002196,D0003,shop_owner,2026-08-01 19:56:26,receive_money,in,463,01097718716,,person,none,income,,6328,6791,0,none,,,0
T0002197,D0003,shop_owner,2026-08-01 19:56:31,cash_in,in,9000,A0241,Agent point A0241,agent,none,cash_in,,6791,15791,0,none,,,0
T0002198,D0003,shop_owner,2026-08-01 20:19:53,cash_out,out,11500,A0241,Agent point A0241,agent,none,cash_withdrawal,cash_withdrawal,15791,4291,0,none,,,0
T0002199,D0003,shop_owner,2026-08-02 07:46:08,receive_money,in,379,01014099709,,person,none,income,,4291,4670,0,none,,,0
T0002200,D0003,shop_owner,2026-08-02 09:13:41,receive_money,in,185,01089596738,,person,none,income,,4670,4855,0,none,,,0
T0002201,D0003,shop_owner,2026-08-02 10:20:08,receive_money,in,499,01041998612,,person,none,income,,4855,5354,0,none,,,0
T0002202,D0003,shop_owner,2026-08-02 10:27:47,receive_money,in,501,01069698266,,person,none,income,,5354,5855,0,none,,,0
T0002203,D0001,salaried,2026-08-02 10:29:34,merchant_payment,out,237,M0228,City Ride (Rajshahi),merchant,transport,transport,transport,45041,44804,0,none,,,0
T0002204,D0003,shop_owner,2026-08-02 12:01:30,receive_money,in,174,01006535604,,person,none,income,,5855,6029,0,none,,,0
T0002205,D0003,shop_owner,2026-08-02 12:09:36,receive_money,in,508,01058172448,,person,none,income,,6029,6537,0,none,,,0
T0002206,D0001,salaried,2026-08-02 13:17:32,merchant_payment,out,771,M0374,Arogya Medicine Corner (Dhanmondi),merchant,pharmacy,health,health,44804,44033,0,none,,,0
T0002207,D0003,shop_owner,2026-08-02 14:12:55,receive_money,in,200,01005804186,,person,none,income,,6537,6737,0,none,,,0
T0002208,D0003,shop_owner,2026-08-02 15:26:36,receive_money,in,216,01044704984,,person,none,income,,6737,6953,0,none,,,0
T0002209,D0003,shop_owner,2026-08-02 16:43:39,merchant_payment,out,1363,M0056,Mayer Doa Store (Narayanganj),merchant,grocery,groceries,groceries,6953,5590,0,none,,,0
T0002210,D0003,shop_owner,2026-08-02 16:53:45,receive_money,in,444,01056566850,,person,none,income,,5590,6034,0,none,,,0
T0002211,D0003,shop_owner,2026-08-02 17:16:22,receive_money,in,184,01088175461,,person,none,income,,6034,6218,0,none,,,0
T0002212,D0003,shop_owner,2026-08-02 17:40:11,receive_money,in,432,01047719812,,person,none,income,,6218,6650,0,none,,,0
T0002213,D0003,shop_owner,2026-08-02 18:16:36,receive_money,in,182,01027735237,,person,none,income,,6650,6832,0,none,,,0
T0002214,D0003,shop_owner,2026-08-02 18:22:11,receive_money,in,400,01088140249,,person,none,income,,6832,7232,0,none,,,0
T0002215,D0003,shop_owner,2026-08-02 18:51:46,receive_money,in,564,01073387105,,person,none,income,,7232,7796,0,none,,,0
T0002216,D0003,shop_owner,2026-08-02 19:45:29,receive_money,in,236,01006535604,,person,none,income,,7796,8032,0,none,,,0
T0002217,D0003,shop_owner,2026-08-02 19:47:02,receive_money,in,636,01021264676,,person,none,income,,8032,8668,0,none,,,0
T0002218,D0002,student,2026-08-02 20:31:23,merchant_payment,out,160,M0258,Jatri Ride (Savar),merchant,transport,transport,transport,880,720,0,none,,,0
T0002219,D0003,shop_owner,2026-08-02 20:50:11,receive_money,in,605,01032933416,,person,none,income,,8668,9273,0,none,,,0
T0002220,D0003,shop_owner,2026-08-02 20:50:16,cash_in,in,5000,A0241,Agent point A0241,agent,none,cash_in,,9273,14273,0,none,,,0
T0002221,D0003,shop_owner,2026-08-02 20:52:48,merchant_payment,out,10616,M0459,Bikroy Distributors (Uttara),merchant,wholesale,business_supplies,business_supplies,14273,3657,0,none,,,0
T0002222,D0003,shop_owner,2026-08-02 21:07:42,cash_in,in,10000,A0241,Agent point A0241,agent,none,cash_in,,3657,13657,0,none,,,0
T0002223,D0003,shop_owner,2026-08-02 21:32:42,cash_out,out,10000,A0145,Agent point A0145,agent,none,cash_withdrawal,cash_withdrawal,13657,3657,0,none,,,0
T0002224,D0003,shop_owner,2026-08-02 21:44:37,receive_money,in,471,01080094529,,person,none,income,,3657,4128,0,none,,,0
T0002225,D0003,shop_owner,2026-08-02 21:44:42,cash_in,in,2500,A0241,Agent point A0241,agent,none,cash_in,,4128,6628,0,none,,,0
T0002226,D0003,shop_owner,2026-08-02 21:49:28,cash_out,out,6000,A0246,Agent point A0246,agent,none,cash_withdrawal,cash_withdrawal,6628,628,0,none,,,0
T0002227,D0003,shop_owner,2026-08-03 08:08:10,receive_money,in,970,01011879375,,person,none,income,,628,1598,0,none,,,0
T0002228,D0003,shop_owner,2026-08-03 08:28:27,receive_money,in,406,01074968742,,person,none,income,,1598,2004,0,none,,,0
T0002229,D0003,shop_owner,2026-08-03 10:09:06,receive_money,in,412,01048887916,,person,none,income,,2004,2416,0,none,,,0
T0002230,D0003,shop_owner,2026-08-03 11:53:32,receive_money,in,420,01019754476,,person,none,income,,2416,2836,0,none,,,0
T0002231,D0003,shop_owner,2026-08-03 14:30:34,receive_money,in,263,01094480371,,person,none,income,,2836,3099,0,none,,,0
T0002232,D0001,salaried,2026-08-03 14:57:34,send_money,out,15000,01075294314,Lima (landlord),person,none,rent,rent,44033,29033,0,none,,,0
T0002233,D0003,shop_owner,2026-08-03 17:22:30,receive_money,in,170,01088189109,,person,none,income,,3099,3269,0,none,,,0
T0002234,D0003,shop_owner,2026-08-03 18:22:16,receive_money,in,369,01071959643,,person,none,income,,3269,3638,0,none,,,0
T0002235,D0003,shop_owner,2026-08-03 18:33:57,receive_money,in,439,01092015174,,person,none,income,,3638,4077,0,none,,,0
T0002236,D0003,shop_owner,2026-08-03 18:49:20,receive_money,in,370,01013503147,,person,none,income,,4077,4447,0,none,,,0
T0002237,D0002,student,2026-08-03 19:33:41,merchant_payment,out,296,M0174,Fuchka Point (Savar),merchant,restaurant,other,eating_out,720,424,0,none,,,0
T0002238,D0002,student,2026-08-03 19:53:20,merchant_payment,out,99,M0258,Jatri Ride (Savar),merchant,transport,transport,transport,424,325,0,none,,,0
T0002239,D0003,shop_owner,2026-08-03 20:41:32,receive_money,in,262,01062634312,,person,none,income,,4447,4709,0,none,,,0
T0002240,D0004,irregular,2026-08-03 21:08:31,cash_out,out,800,A0038,Agent point A0038,agent,none,cash_withdrawal,cash_withdrawal,850,50,0,none,,,0
T0002241,D0001,salaried,2026-08-03 21:26:44,send_money,out,1600,01015746624,Nipa (friend),person,none,personal_transfer,friend,29033,27433,0,none,,,0
T0002242,D0001,salaried,2026-08-03 21:47:32,merchant_payment,out,419,M0216,Khichuri Kitchen (Rajshahi),merchant,restaurant,eating_out,eating_out,27433,27014,0,none,,,0
T0002243,D0003,shop_owner,2026-08-03 22:27:06,receive_money,in,118,01015217557,,person,none,income,,4709,4827,0,none,,,0
T0002244,D0003,shop_owner,2026-08-03 22:31:24,cash_in,in,8500,A0241,Agent point A0241,agent,none,cash_in,,4827,13327,0,none,,,0
T0002245,D0003,shop_owner,2026-08-03 22:53:24,send_money,out,8000,01028951418,Faisal (supplier),person,none,business_supplies,business,13327,5327,0,none,,,0
T0002246,D0003,shop_owner,2026-08-03 23:31:20,receive_money,in,194,01008454641,,person,none,income,,5327,5521,0,none,,,0
T0002247,D0004,irregular,2026-08-03 23:48:38,receive_money,in,750,01020985059,Abdur (client),person,none,income,,50,800,0,none,,,0
T0002248,D0003,shop_owner,2026-08-04 10:20:36,receive_money,in,409,01073387105,,person,none,income,,5521,5930,0,none,,,0
T0002249,D0003,shop_owner,2026-08-04 10:44:55,receive_money,in,292,01099446089,,person,none,income,,5930,6222,0,none,,,0
T0002250,D0004,irregular,2026-08-04 11:22:28,receive_money,in,600,01045077304,,person,none,income,,800,1400,0,none,,,0
T0002251,D0003,shop_owner,2026-08-04 11:34:17,receive_money,in,1302,01044146628,,person,none,income,,6222,7524,0,none,,,0
T0002252,D0002,student,2026-08-04 12:45:06,merchant_payment,out,195,M0007,Shapla General Store (Gazipur),merchant,grocery,groceries,groceries,325,130,0,none,,,0
T0002253,D0003,shop_owner,2026-08-04 14:56:13,receive_money,in,454,01078370224,,person,none,income,,7524,7978,0,none,,,0
T0002254,D0001,salaried,2026-08-04 17:39:55,merchant_payment,out,136,M0226,City Ride (Sylhet),merchant,transport,transport,transport,27014,26878,0,none,,,0
T0002255,D0003,shop_owner,2026-08-04 17:58:05,receive_money,in,1226,01014099709,,person,none,income,,7978,9204,0,none,,,0
T0002256,D0003,shop_owner,2026-08-04 19:25:32,receive_money,in,173,01021448247,,person,none,income,,9204,9377,0,none,,,0
T0002257,D0003,shop_owner,2026-08-04 19:25:37,cash_in,in,1000,A0241,Agent point A0241,agent,none,cash_in,,9377,10377,0,none,,,0
T0002258,D0003,shop_owner,2026-08-04 19:31:01,cash_out,out,10000,A0241,Agent point A0241,agent,none,cash_withdrawal,cash_withdrawal,10377,377,0,none,,,0
T0002259,D0003,shop_owner,2026-08-04 20:54:33,receive_money,in,327,01000771892,,person,none,income,,377,704,0,none,,,0
T0002260,D0004,irregular,2026-08-05 07:08:19,merchant_payment,out,71,M0221,City Ride (Banani),merchant,transport,transport,transport,1400,1329,0,none,,,0
T0002261,D0003,shop_owner,2026-08-05 09:22:56,receive_money,in,427,01071713935,,person,none,income,,704,1131,0,none,,,0
T0002262,D0003,shop_owner,2026-08-05 10:14:03,receive_money,in,318,01056226482,,person,none,income,,1131,1449,0,none,,,0
T0002263,D0003,shop_owner,2026-08-05 11:18:11,receive_money,in,615,01088189109,,person,none,income,,1449,2064,0,none,,,0
T0002264,D0003,shop_owner,2026-08-05 12:15:39,cash_in,in,9500,A0241,Agent point A0241,agent,none,cash_in,,2064,11564,0,none,,,0
T0002265,D0003,shop_owner,2026-08-05 12:45:39,cash_out,out,8500,A0241,Agent point A0241,agent,none,cash_withdrawal,cash_withdrawal,11564,3064,0,none,,,0
T0002266,D0003,shop_owner,2026-08-05 15:49:48,receive_money,in,226,01027235956,,person,none,income,,3064,3290,0,none,,,0
T0002267,D0003,shop_owner,2026-08-05 18:22:21,receive_money,in,787,01047518818,,person,none,income,,3290,4077,0,none,,,0
T0002268,D0001,salaried,2026-08-05 19:18:18,send_money,out,8000,01060431815,Sumaiya (family),person,none,family_support,family_support,26878,18878,0,none,,,0
T0002269,D0004,irregular,2026-08-05 19:53:44,mobile_recharge,out,50,OP-3,Operator C,operator,telecom,mobile_recharge,mobile_recharge,1329,1279,0,none,,,0
T0002270,D0003,shop_owner,2026-08-05 20:35:43,receive_money,in,310,01028781886,,person,none,income,,4077,4387,0,none,,,0
T0002271,D0004,irregular,2026-08-05 22:27:20,receive_money,in,450,01060750274,Jahid (client),person,none,income,,1279,1729,0,none,,,0
T0002272,D0001,salaried,2026-08-05 22:37:34,merchant_payment,out,349,M0165,Mishti Mukh (Chattogram),merchant,restaurant,eating_out,eating_out,18878,18529,0,none,,,0
T0002273,D0002,student,2026-08-05 23:53:08,cash_in,in,5000,A0036,Agent point A0036,agent,none,cash_in,,130,5130,0,none,,,0
T0002274,D0002,student,2026-08-06 00:17:08,send_money,out,4700,01085539185,,person,none,shopping,purchase,5130,430,0,none,,,0
T0002275,D0001,salaried,2026-08-06 07:15:54,merchant_payment,out,575,M0374,Arogya Medicine Corner (Dhanmondi),merchant,pharmacy,health,health,18529,17954,0,none,,,0
T0002276,D0003,shop_owner,2026-08-06 10:13:27,receive_money,in,695,01049595569,,person,none,income,,4387,5082,0,none,,,0
T0002277,D0001,salaried,2026-08-06 11:43:47,mobile_recharge,out,150,OP-2,Operator B,operator,telecom,mobile_recharge,mobile_recharge,17954,17804,0,none,,,0
T0002278,D0003,shop_owner,2026-08-06 11:45:46,receive_money,in,146,01040798739,,person,none,income,,5082,5228,0,none,,,0
T0002279,D0003,shop_owner,2026-08-06 13:25:48,receive_money,in,236,01030983457,,person,none,income,,5228,5464,0,none,,,0
T0002280,D0002,student,2026-08-06 14:47:47,mobile_recharge,out,50,OP-2,Operator B,operator,telecom,mobile_recharge,mobile_recharge,430,380,0,none,,,0
T0002281,D0003,shop_owner,2026-08-06 18:10:03,receive_money,in,331,01037516754,,person,none,income,,5464,5795,0,none,,,0
T0002282,D0003,shop_owner,2026-08-06 18:23:06,receive_money,in,395,01051322873,,person,none,income,,5795,6190,0,none,,,0
T0002283,D0003,shop_owner,2026-08-06 19:02:13,receive_money,in,252,01008659888,,person,none,income,,6190,6442,0,none,,,0
T0002284,D0003,shop_owner,2026-08-06 19:44:17,receive_money,in,257,01096626039,,person,none,income,,6442,6699,0,none,,,0
T0002285,D0003,shop_owner,2026-08-06 21:41:51,receive_money,in,450,01031643741,,person,none,income,,6699,7149,0,none,,,0
T0002286,D0004,irregular,2026-08-06 21:54:07,receive_money,in,650,01020985059,Abdur (client),person,none,income,,1729,2379,0,none,,,0
T0002287,D0003,shop_owner,2026-08-06 22:03:40,receive_money,in,349,01069678633,,person,none,income,,7149,7498,0,none,,,0
T0002288,D0003,shop_owner,2026-08-06 23:28:26,cash_out,out,6500,A0246,Agent point A0246,agent,none,cash_withdrawal,cash_withdrawal,7498,998,0,none,,,0
T0002289,D0003,shop_owner,2026-08-06 23:44:13,receive_money,in,403,01026289858,,person,none,income,,998,1401,0,none,,,0
T0002290,D0003,shop_owner,2026-08-07 15:04:44,cash_in,in,20000,A0241,Agent point A0241,agent,none,cash_in,,1401,21401,0,none,,,0
T0002291,D0003,shop_owner,2026-08-07 15:22:44,send_money,out,17500,01062734169,Shanto (landlord),person,none,rent,rent,21401,3901,0,none,,,0
T0002292,D0002,student,2026-08-07 21:39:50,mobile_recharge,out,150,OP-2,Operator B,operator,telecom,mobile_recharge,mobile_recharge,380,230,0,none,,,0
T0002293,D0001,salaried,2026-08-07 21:51:10,merchant_payment,out,315,M0216,Khichuri Kitchen (Rajshahi),merchant,restaurant,eating_out,eating_out,17804,17489,0,none,,,0
T0002294,D0003,shop_owner,2026-08-08 07:04:36,receive_money,in,950,01050464234,,person,none,income,,3901,4851,0,none,,,0
T0002295,D0002,student,2026-08-08 07:49:44,merchant_payment,out,44,M0272,Launch Ticket Desk (Narayanganj),merchant,transport,transport,transport,230,186,0,none,,,0
T0002296,D0003,shop_owner,2026-08-08 08:11:49,receive_money,in,320,01009086181,,person,none,income,,4851,5171,0,none,,,0
T0002297,D0003,shop_owner,2026-08-08 09:31:15,receive_money,in,324,01017056087,,person,none,income,,5171,5495,0,none,,,0
T0002298,D0001,salaried,2026-08-08 09:31:17,merchant_payment,out,280,M0226,City Ride (Sylhet),merchant,transport,transport,transport,17489,17209,0,none,,,0
T0002299,D0003,shop_owner,2026-08-08 09:39:11,receive_money,in,421,01081574009,,person,none,income,,5495,5916,0,none,,,0
T0002300,D0003,shop_owner,2026-08-08 09:44:25,receive_money,in,189,01000537251,,person,none,income,,5916,6105,0,none,,,0
T0002301,D0003,shop_owner,2026-08-08 10:20:57,receive_money,in,383,01069678633,,person,none,income,,6105,6488,0,none,,,0
T0002302,D0001,salaried,2026-08-08 12:14:43,merchant_payment,out,344,M0216,Khichuri Kitchen (Rajshahi),merchant,restaurant,eating_out,eating_out,17209,16865,0,none,,,0
T0002303,D0003,shop_owner,2026-08-08 15:15:16,receive_money,in,213,01024872324,,person,none,income,,6488,6701,0,none,,,0
T0002304,D0003,shop_owner,2026-08-08 16:08:09,receive_money,in,265,01087632071,,person,none,income,,6701,6966,0,none,,,0
T0002305,D0003,shop_owner,2026-08-08 16:29:13,send_money,out,4400,01028951418,Faisal (supplier),person,none,business_supplies,business,6966,2566,0,none,,,0
T0002306,D0001,salaried,2026-08-08 16:30:10,merchant_payment,out,206,M0222,City Ride (Savar),merchant,transport,transport,transport,16865,16659,0,none,,,0
T0002307,D0002,student,2026-08-08 17:20:34,receive_money,in,12500,01090664167,Mamun (parent),person,none,income,,186,12686,0,none,,,0
T0002308,D0003,shop_owner,2026-08-08 18:02:56,receive_money,in,273,01052536386,,person,none,income,,2566,2839,0,none,,,0
T0002309,D0001,salaried,2026-08-08 18:05:12,merchant_payment,out,117,M0268,Launch Ticket Desk (Mohammadpur),merchant,transport,transport,transport,16659,16542,0,none,,,0
T0002310,D0002,student,2026-08-08 18:27:26,merchant_payment,out,121,M0151,Dhaba Express (Gazipur),merchant,restaurant,eating_out,eating_out,12686,12565,0,none,,,0
T0002311,D0001,salaried,2026-08-08 18:31:18,bill_payment,out,1050,B-NET,FiberLink Internet,biller,utility,internet,internet,16542,15492,0,none,,,0
T0002312,D0003,shop_owner,2026-08-08 18:58:41,receive_money,in,149,01092811210,,person,none,income,,2839,2988,0,none,,,0
T0002313,D0003,shop_owner,2026-08-08 19:10:44,receive_money,in,1027,01059285365,,person,none,income,,2988,4015,0,none,,,0
T0002314,D0002,student,2026-08-08 19:45:04,merchant_payment,out,344,M0086,Jononi Traders (Dhanmondi),merchant,grocery,groceries,groceries,12565,12221,0,none,,,0
T0002315,D0003,shop_owner,2026-08-08 20:35:36,receive_money,in,182,01003295194,,person,none,income,,4015,4197,0,none,,,0
T0002316,D0004,irregular,2026-08-08 21:51:24,receive_money,in,700,01061866158,Rubel (client),person,none,income,,2379,3079,0,none,,,0
T0002317,D0002,student,2026-08-09 01:55:04,merchant_payment,out,218,M0151,Dhaba Express (Gazipur),merchant,restaurant,other,eating_out,12221,12003,0,none,,,0
T0002318,D0003,shop_owner,2026-08-09 07:43:57,receive_money,in,334,01088189109,,person,none,income,,4197,4531,0,none,,,0
T0002319,D0003,shop_owner,2026-08-09 08:36:52,receive_money,in,245,01031423242,,person,none,income,,4531,4776,0,none,,,0
T0002320,D0003,shop_owner,2026-08-09 09:24:55,receive_money,in,229,01063243859,,person,none,income,,4776,5005,0,none,,,0
T0002321,D0003,shop_owner,2026-08-09 10:57:46,mobile_recharge,out,200,OP-2,Operator B,operator,telecom,mobile_recharge,mobile_recharge,5005,4805,0,none,,,0
T0002322,D0001,salaried,2026-08-09 11:45:46,send_money,out,1600,01094533718,Babul (friend),person,none,personal_transfer,friend,15492,13892,0,none,,,0
T0002323,D0001,salaried,2026-08-09 12:50:23,merchant_payment,out,765,M0374,Arogya Medicine Corner (Dhanmondi),merchant,pharmacy,health,health,13892,13127,0,none,,,0
T0002324,D0003,shop_owner,2026-08-09 15:09:11,receive_money,in,311,01086656773,,person,none,income,,4805,5116,0,none,,,0
T0002325,D0003,shop_owner,2026-08-09 16:49:55,receive_money,in,252,01060213382,,person,none,income,,5116,5368,0,none,,,0
T0002326,D0004,irregular,2026-08-09 18:09:57,receive_money,in,500,01078568452,,person,none,income,,3079,3579,0,none,,,0
T0002327,D0002,student,2026-08-09 18:53:01,merchant_payment,out,151,M0239,Nogor Bus Counter (Khulna),merchant,transport,transport,transport,12003,11852,0,none,,,0
T0002328,D0003,shop_owner,2026-08-09 20:21:31,receive_money,in,551,01080815220,,person,none,income,,5368,5919,0,none,,,0
T0002329,D0003,shop_owner,2026-08-09 20:23:49,receive_money,in,222,01077316536,,person,none,income,,5919,6141,0,none,,,0
T0002330,D0004,irregular,2026-08-09 21:05:58,mobile_recharge,out,30,OP-3,Operator C,operator,telecom,mobile_recharge,mobile_recharge,3579,3549,0,none,,,0
T0002331,D0004,irregular,2026-08-09 21:50:59,cash_out,out,1500,A0038,Agent point A0038,agent,none,cash_withdrawal,cash_withdrawal,3549,2049,0,none,,,0
T0002332,D0003,shop_owner,2026-08-09 21:52:07,receive_money,in,704,01012914250,,person,none,income,,6141,6845,0,none,,,0
T0002333,D0003,shop_owner,2026-08-09 23:27:10,receive_money,in,386,01024280370,,person,none,income,,6845,7231,0,none,,,0
T0002334,D0003,shop_owner,2026-08-10 08:08:07,receive_money,in,382,01022391229,,person,none,income,,7231,7613,0,none,,,0
T0002335,D0003,shop_owner,2026-08-10 09:02:15,merchant_payment,out,3522,M0459,Bikroy Distributors (Uttara),merchant,wholesale,business_supplies,business_supplies,7613,4091,0,none,,,0
T0002336,D0003,shop_owner,2026-08-10 09:30:03,receive_money,in,225,01010054943,,person,none,income,,4091,4316,0,none,,,0
T0002337,D0003,shop_owner,2026-08-10 09:39:08,receive_money,in,302,01070515985,,person,none,income,,4316,4618,0,none,,,0
T0002338,D0003,shop_owner,2026-08-10 10:15:36,receive_money,in,341,01079624964,,person,none,income,,4618,4959,0,none,,,0
T0002339,D0003,shop_owner,2026-08-10 10:49:36,receive_money,in,587,01049448069,,person,none,income,,4959,5546,0,none,,,0
T0002340,D0003,shop_owner,2026-08-10 11:43:22,receive_money,in,488,01047507221,,person,none,income,,5546,6034,0,none,,,0
T0002341,D0003,shop_owner,2026-08-10 12:48:28,receive_money,in,319,01049991174,,person,none,income,,6034,6353,0,none,,,0
T0002342,D0003,shop_owner,2026-08-10 15:15:23,receive_money,in,1483,01052104308,,person,none,income,,6353,7836,0,none,,,0
T0002343,D0001,salaried,2026-08-10 16:42:21,merchant_payment,out,704,M0064,Poribar Mart (Mohammadpur),merchant,grocery,groceries,groceries,13127,12423,0,none,,,0
T0002344,D0003,shop_owner,2026-08-10 16:49:55,receive_money,in,719,01014033484,,person,none,income,,7836,8555,0,none,,,0
T0002345,D0002,student,2026-08-10 17:11:12,merchant_payment,out,168,M0151,Dhaba Express (Gazipur),merchant,restaurant,eating_out,eating_out,11852,11684,0,none,,,0
T0002346,D0001,salaried,2026-08-10 17:26:20,merchant_payment,out,184,M0268,Launch Ticket Desk (Mohammadpur),merchant,transport,other,transport,12423,12239,0,none,,,0
T0002347,D0003,shop_owner,2026-08-10 17:27:52,receive_money,in,214,01066206656,,person,none,income,,8555,8769,0,none,,,0
T0002348,D0001,salaried,2026-08-10 17:52:56,bill_payment,out,2560,B-ELEC,City Electric Supply,biller,utility,electricity,electricity,12239,9679,0,none,,,0
T0002349,D0004,irregular,2026-08-10 17:56:58,mobile_recharge,out,20,OP-3,Operator C,operator,telecom,mobile_recharge,mobile_recharge,2049,2029,0,none,,,0
T0002350,D0004,irregular,2026-08-10 18:32:16,cash_out,out,900,A0243,Agent point A0243,agent,none,cash_withdrawal,cash_withdrawal,2029,1129,0,none,,,0
T0002351,D0003,shop_owner,2026-08-10 18:46:30,receive_money,in,111,01032710125,,person,none,income,,8769,8880,0,none,,,0
T0002352,D0001,salaried,2026-08-10 18:52:24,merchant_payment,out,905,M0064,Poribar Mart (Mohammadpur),merchant,grocery,groceries,groceries,9679,8774,0,none,,,0
T0002353,D0003,shop_owner,2026-08-10 19:05:16,receive_money,in,712,01035924775,,person,none,income,,8880,9592,0,none,,,0
T0002354,D0004,irregular,2026-08-10 19:31:27,receive_money,in,800,01061866158,Rubel (client),person,none,income,,1129,1929,0,none,,,0
T0002355,D0003,shop_owner,2026-08-10 19:44:59,receive_money,in,202,01032457977,,person,none,income,,9592,9794,0,none,,,0
T0002356,D0003,shop_owner,2026-08-10 20:06:50,receive_money,in,426,01089943969,,person,none,income,,9794,10220,0,none,,,0
T0002357,D0002,student,2026-08-10 21:08:56,cash_out,out,5500,A0036,Agent point A0036,agent,none,cash_withdrawal,cash_withdrawal,11684,6184,0,none,,,0
T0002358,D0003,shop_owner,2026-08-10 21:48:03,receive_money,in,835,01001898935,,person,none,income,,10220,11055,0,none,,,0
T0002359,D0001,salaried,2026-08-10 23:51:57,merchant_payment,out,497,M0183,Tehari House (Uttara),merchant,restaurant,eating_out,eating_out,8774,8277,0,none,,,0
T0002360,D0002,student,2026-08-11 00:14:24,mobile_recharge,out,50,OP-2,Operator B,operator,telecom,mobile_recharge,mobile_recharge,6184,6134,0,none,,,0
T0002361,D0003,shop_owner,2026-08-11 07:22:54,receive_money,in,1322,01094480371,,person,none,income,,11055,12377,0,none,,,0
T0002362,D0003,shop_owner,2026-08-11 07:53:47,receive_money,in,341,01035035585,,person,none,income,,12377,12718,0,none,,,0
T0002363,D0003,shop_owner,2026-08-11 08:09:32,merchant_payment,out,289,M0236,Nogor Bus Counter (Narayanganj),merchant,transport,transport,transport,12718,12429,0,none,,,0
T0002364,D0003,shop_owner,2026-08-11 09:03:45,receive_money,in,761,01014033484,,person,none,income,,12429,13190,0,none,,,0
T0002365,D0003,shop_owner,2026-08-11 09:10:10,receive_money,in,2087,01073387105,,person,none,income,,13190,15277,0,none,,,0
T0002366,D0003,shop_owner,2026-08-11 09:10:15,cash_in,in,7000,A0241,Agent point A0241,agent,none,cash_in,,15277,22277,0,none,,,0
T0002367,D0003,shop_owner,2026-08-11 09:40:57,merchant_payment,out,21315,M0453,Mohajon Supply (Chattogram),merchant,wholesale,business_supplies,business_supplies,22277,962,0,none,,,0
T0002368,D0003,shop_owner,2026-08-11 10:41:38,receive_money,in,413,01014099709,,person,none,income,,962,1375,0,none,,,0
T0002369,D0003,shop_owner,2026-08-11 10:56:54,receive_money,in,192,01055145753,,person,none,income,,1375,1567,0,none,,,0
T0002370,D0003,shop_owner,2026-08-11 11:53:40,receive_money,in,716,01094480371,,person,none,income,,1567,2283,0,none,,,0
T0002371,D0003,shop_owner,2026-08-11 13:32:33,receive_money,in,487,01070458676,,person,none,income,,2283,2770,0,none,,,0
T0002372,D0003,shop_owner,2026-08-11 13:56:45,merchant_payment,out,520,M0189,Tehari House (Chattogram),merchant,restaurant,eating_out,eating_out,2770,2250,0,none,,,0
T0002373,D0003,shop_owner,2026-08-11 16:54:09,receive_money,in,405,01058008396,,person,none,income,,2250,2655,0,none,,,0
T0002374,D0003,shop_owner,2026-08-11 17:50:28,receive_money,in,549,01045700654,,person,none,income,,2655,3204,0,none,,,0
T0002375,D0003,shop_owner,2026-08-11 19:06:21,receive_money,in,401,01007577184,,person,none,income,,3204,3605,0,none,,,0
T0002376,D0003,shop_owner,2026-08-11 20:44:44,receive_money,in,387,01061794969,,person,none,income,,3605,3992,0,none,,,0
T0002377,D0004,irregular,2026-08-11 21:22:34,mobile_recharge,out,30,OP-3,Operator C,operator,telecom,mobile_recharge,mobile_recharge,1929,1899,0,none,,,0
T0002378,D0004,irregular,2026-08-11 21:48:25,receive_money,in,1200,01060750274,Jahid (client),person,none,income,,1899,3099,0,none,,,0
T0002379,D0003,shop_owner,2026-08-11 23:15:56,receive_money,in,579,01009241438,,person,none,income,,3992,4571,0,none,,,0
T0002380,D0004,irregular,2026-08-11 23:40:49,receive_money,in,900,01060750274,Jahid (client),person,none,income,,3099,3999,0,none,,,0
T0002381,D0004,irregular,2026-08-11 23:41:23,cash_out,out,2500,A0038,Agent point A0038,agent,none,cash_withdrawal,cash_withdrawal,3999,1499,0,none,,,0
T0002382,D0003,shop_owner,2026-08-12 09:22:27,cash_in,in,14000,A0241,Agent point A0241,agent,none,cash_in,,4571,18571,0,none,,,0
T0002383,D0003,shop_owner,2026-08-12 10:05:27,merchant_payment,out,13164,M0456,Mohajon Supply (Rajshahi),merchant,wholesale,business_supplies,business_supplies,18571,5407,0,none,,,0
T0002384,D0004,irregular,2026-08-12 10:12:59,merchant_payment,out,326,M0012,Shapla General Store (Rajshahi),merchant,grocery,groceries,groceries,1499,1173,0,none,,,0
T0002385,D0001,salaried,2026-08-12 10:30:27,bill_payment,out,3000,B-DPS,Shonchoy DPS,biller,bank,savings,savings,8277,5277,0,none,,,0
T0002386,D0002,student,2026-08-12 10:48:38,merchant_payment,out,83,M0228,City Ride (Rajshahi),merchant,transport,transport,transport,6134,6051,0,none,,,0
T0002387,D0004,irregular,2026-08-12 11:34:45,receive_money,in,950,01093614877,Hasib (client),person,none,income,,1173,2123,0,none,,,0
T0002388,D0003,shop_owner,2026-08-12 11:35:57,receive_money,in,611,01076968033,,person,none,income,,5407,6018,0,none,,,0
T0002389,D0003,shop_owner,2026-08-12 11:47:27,receive_money,in,729,01066833536,,person,none,income,,6018,6747,0,none,,,0
T0002390,D0003,shop_owner,2026-08-12 12:40:15,receive_money,in,238,01069678633,,person,none,income,,6747,6985,0,none,,,0
T0002391,D0001,salaried,2026-08-12 13:24:55,merchant_payment,out,334,M0216,Khichuri Kitchen (Rajshahi),merchant,restaurant,eating_out,eating_out,5277,4943,0,none,,,0
T0002392,D0003,shop_owner,2026-08-12 13:50:17,receive_money,in,114,01050273762,,person,none,income,,6985,7099,0,none,,,0
T0002393,D0003,shop_owner,2026-08-12 16:04:59,receive_money,in,315,01091871870,,person,none,income,,7099,7414,0,none,,,0
T0002394,D0003,shop_owner,2026-08-12 16:11:15,receive_money,in,1504,01084789818,,person,none,income,,7414,8918,0,none,,,0
T0002395,D0001,salaried,2026-08-12 16:42:14,merchant_payment,out,115,M0268,Launch Ticket Desk (Mohammadpur),merchant,transport,transport,transport,4943,4828,0,none,,,0
T0002396,D0002,student,2026-08-12 17:39:43,receive_money,in,5500,01026757907,Rakib (client),person,none,income,,6051,11551,0,none,,,0
T0002397,D0003,shop_owner,2026-08-12 19:15:45,receive_money,in,536,01096443161,,person,none,income,,8918,9454,0,none,,,0
T0002398,D0003,shop_owner,2026-08-12 19:19:15,receive_money,in,272,01007819271,,person,none,income,,9454,9726,0,none,,,0
T0002399,D0003,shop_owner,2026-08-12 19:43:20,receive_money,in,274,01049112123,,person,none,income,,9726,10000,0,none,,,0
T0002400,D0003,shop_owner,2026-08-12 19:45:56,receive_money,in,202,01028960200,,person,none,income,,10000,10202,0,none,,,0
T0002401,D0003,shop_owner,2026-08-12 20:19:35,receive_money,in,351,01040584614,,person,none,income,,10202,10553,0,none,,,0
T0002402,D0003,shop_owner,2026-08-12 20:33:23,receive_money,in,441,01009848819,,person,none,income,,10553,10994,0,none,,,0
T0002403,D0003,shop_owner,2026-08-12 20:41:10,receive_money,in,535,01081540256,,person,none,income,,10994,11529,0,none,,,0
T0002404,D0004,irregular,2026-08-12 21:04:04,cash_out,out,1200,A0038,Agent point A0038,agent,none,cash_withdrawal,cash_withdrawal,2123,923,0,none,,,0
T0002405,D0002,student,2026-08-12 21:08:11,merchant_payment,out,297,M0189,Tehari House (Chattogram),merchant,restaurant,eating_out,eating_out,11551,11254,0,none,,,0
T0002406,D0003,shop_owner,2026-08-12 22:16:19,receive_money,in,285,01032933416,,person,none,income,,11529,11814,0,none,,,0
T0002407,D0002,student,2026-08-12 22:54:04,merchant_payment,out,204,M0189,Tehari House (Chattogram),merchant,restaurant,eating_out,eating_out,11254,11050,0,none,,,0
T0002408,D0003,shop_owner,2026-08-13 06:32:32,receive_money,in,217,01088189109,,person,none,income,,11814,12031,0,none,,,0
T0002409,D0003,shop_owner,2026-08-13 09:41:36,receive_money,in,678,01069773653,,person,none,income,,12031,12709,0,none,,,0
T0002410,D0003,shop_owner,2026-08-13 14:18:19,receive_money,in,436,01054609416,,person,none,income,,12709,13145,0,none,,,0
T0002411,D0003,shop_owner,2026-08-13 14:20:30,bill_payment,out,1190,B-NET,FiberLink Internet,biller,utility,internet,internet,13145,11955,0,none,,,0
T0002412,D0002,student,2026-08-13 16:40:11,merchant_payment,out,88,M0251,Rail Ticket Counter (Khulna),merchant,transport,transport,transport,11050,10962,0,none,,,0
T0002413,D0003,shop_owner,2026-08-13 16:42:04,receive_money,in,125,01013483514,,person,none,income,,11955,12080,0,none,,,0
T0002414,D0004,irregular,2026-08-13 19:12:47,merchant_payment,out,428,M0018,Notun Bazar Mart (Savar),merchant,grocery,groceries,groceries,923,495,0,none,,,0
T0002415,D0004,irregular,2026-08-13 19:43:00,receive_money,in,700,01020985059,Abdur (client),person,none,income,,495,1195,0,none,,,0
T0002416,D0003,shop_owner,2026-08-13 20:04:41,receive_money,in,666,01091871870,,person,none,income,,12080,12746,0,none,,,0
T0002417,D0003,shop_owner,2026-08-13 22:15:22,receive_money,in,288,01028960200,,person,none,income,,12746,13034,0,none,,,0
T0002418,D0004,irregular,2026-08-14 00:39:59,receive_money,in,550,01014866179,,person,none,income,,1195,1745,0,none,,,0
T0002419,D0003,shop_owner,2026-08-14 07:56:49,receive_money,in,1149,01019343018,,person,none,income,,13034,14183,0,none,,,0
T0002420,D0003,shop_owner,2026-08-14 08:24:15,receive_money,in,429,01003994036,,person,none,income,,14183,14612,0,none,,,0
T0002421,D0003,shop_owner,2026-08-14 09:05:17,receive_money,in,144,01003671763,,person,none,income,,14612,14756,0,none,,,0
T0002422,D0003,shop_owner,2026-08-14 10:47:38,receive_money,in,702,01044088116,,person,none,income,,14756,15458,0,none,,,0
T0002423,D0003,shop_owner,2026-08-14 11:53:22,receive_money,in,207,01089324088,,person,none,income,,15458,15665,0,none,,,0
T0002424,D0003,shop_owner,2026-08-14 13:11:10,receive_money,in,453,01014033484,,person,none,income,,15665,16118,0,none,,,0
T0002425,D0003,shop_owner,2026-08-14 13:15:15,merchant_payment,out,181,M0197,Burger Adda (Banani),merchant,restaurant,eating_out,eating_out,16118,15937,0,none,,,0
T0002426,D0002,student,2026-08-14 14:53:43,merchant_payment,out,257,M0189,Tehari House (Chattogram),merchant,restaurant,eating_out,eating_out,10962,10705,0,none,,,0
T0002427,D0003,shop_owner,2026-08-14 16:07:22,receive_money,in,241,01049112123,,person,none,income,,15937,16178,0,none,,,0
T0002428,D0003,shop_owner,2026-08-14 17:00:51,receive_money,in,64,01094480371,,person,none,income,,16178,16242,0,none,,,0
T0002429,D0003,shop_owner,2026-08-14 17:35:30,bill_payment,out,3787,B-ELEC,City Electric Supply,biller,utility,electricity,electricity,16242,12455,0,none,,,0
T0002430,D0002,student,2026-08-14 17:57:28,merchant_payment,out,88,M0258,Jatri Ride (Savar),merchant,transport,transport,transport,10705,10617,0,none,,,0
T0002431,D0001,salaried,2026-08-14 18:23:30,merchant_payment,out,424,M0183,Tehari House (Uttara),merchant,restaurant,eating_out,eating_out,4828,4404,0,none,,,0
T0002432,D0002,student,2026-08-14 19:18:34,merchant_payment,out,136,M0151,Dhaba Express (Gazipur),merchant,restaurant,eating_out,eating_out,10617,10481,0,none,,,0
T0002433,D0002,student,2026-08-14 19:44:02,merchant_payment,out,244,M0151,Dhaba Express (Gazipur),merchant,restaurant,eating_out,eating_out,10481,10237,0,none,,,0
T0002434,D0002,student,2026-08-14 20:40:35,mobile_recharge,out,100,OP-2,Operator B,operator,telecom,mobile_recharge,mobile_recharge,10237,10137,0,none,,,0
T0002435,D0002,student,2026-08-14 22:42:11,merchant_payment,out,350,M0151,Dhaba Express (Gazipur),merchant,restaurant,eating_out,eating_out,10137,9787,0,none,,,0
T0002436,D0003,shop_owner,2026-08-15 08:17:58,receive_money,in,242,01062556500,,person,none,income,,12455,12697,0,none,,,0
T0002437,D0004,irregular,2026-08-15 09:26:05,merchant_payment,out,75,M0221,City Ride (Banani),merchant,transport,transport,transport,1745,1670,0,none,,,0
T0002438,D0001,salaried,2026-08-15 10:05:27,bill_payment,out,1080,B-GAS,Metro Gas,biller,utility,gas,gas,4404,3324,0,none,,,0
T0002439,D0003,shop_owner,2026-08-15 10:41:39,receive_money,in,1106,01032933416,,person,none,income,,12697,13803,0,none,,,0
T0002440,D0003,shop_owner,2026-08-15 11:08:31,receive_money,in,359,01014280894,,person,none,income,,13803,14162,0,none,,,0
T0002441,D0004,irregular,2026-08-15 11:40:51,merchant_payment,out,166,M0011,Shapla General Store (Khulna),merchant,grocery,groceries,groceries,1670,1504,0,none,,,0
T0002442,D0003,shop_owner,2026-08-15 15:09:34,receive_money,in,110,01052231273,,person,none,income,,14162,14272,0,none,,,0
T0002443,D0003,shop_owner,2026-08-15 15:47:15,receive_money,in,410,01088189109,,person,none,income,,14272,14682,0,none,,,0
T0002444,D0003,shop_owner,2026-08-15 16:22:00,receive_money,in,398,01076024644,,person,none,income,,14682,15080,0,none,,,0
T0002445,D0004,irregular,2026-08-15 16:48:25,merchant_payment,out,88,M0163,Mishti Mukh (Gazipur),merchant,restaurant,eating_out,eating_out,1504,1416,0,none,,,0
T0002446,D0003,shop_owner,2026-08-15 17:34:07,receive_money,in,523,01017453736,,person,none,income,,15080,15603,0,none,,,0
T0002447,D0003,shop_owner,2026-08-15 17:47:16,receive_money,in,384,01028960200,,person,none,income,,15603,15987,0,none,,,0
T0002448,D0001,salaried,2026-08-15 18:00:19,merchant_payment,out,1341,M0304,Rong Fashion (Mohammadpur),merchant,online_shop,shopping,shopping,3324,1983,0,none,,,0
T0002449,D0003,shop_owner,2026-08-15 18:01:31,receive_money,in,833,01079939213,,person,none,income,,15987,16820,0,none,,,0
T0002450,D0002,student,2026-08-15 19:02:16,merchant_payment,out,107,M0258,Jatri Ride (Savar),merchant,transport,transport,transport,9787,9680,0,none,,,0
T0002451,D0001,salaried,2026-08-15 19:21:33,merchant_payment,out,368,M0183,Tehari House (Uttara),merchant,restaurant,eating_out,eating_out,1983,1615,0,none,,,0
T0002452,D0002,student,2026-08-15 20:33:32,merchant_payment,out,84,M0272,Launch Ticket Desk (Narayanganj),merchant,transport,transport,transport,9680,9596,0,none,,,0
T0002453,D0003,shop_owner,2026-08-15 20:36:22,receive_money,in,566,01059563455,,person,none,income,,16820,17386,0,none,,,0
T0002454,D0003,shop_owner,2026-08-15 20:49:53,receive_money,in,310,01038971240,,person,none,income,,17386,17696,0,none,,,0
T0002455,D0004,irregular,2026-08-15 21:27:40,receive_money,in,500,01060750274,Jahid (client),person,none,income,,1416,1916,0,none,,,0
T0002456,D0003,shop_owner,2026-08-15 21:42:36,receive_money,in,707,01039430352,,person,none,income,,17696,18403,0,none,,,0
T0002457,D0003,shop_owner,2026-08-15 22:26:53,receive_money,in,221,01042167292,,person,none,income,,18403,18624,0,none,,,0
T0002458,D0003,shop_owner,2026-08-16 06:12:10,receive_money,in,739,01026349484,,person,none,income,,18624,19363,0,none,,,0
T0002459,D0002,student,2026-08-16 09:19:50,merchant_payment,out,93,M0238,Nogor Bus Counter (Sylhet),merchant,transport,transport,transport,9596,9503,0,none,,,0
T0002460,D0003,shop_owner,2026-08-16 10:28:22,receive_money,in,431,01047752703,,person,none,income,,19363,19794,0,none,,,0
T0002461,D0003,shop_owner,2026-08-16 11:34:35,receive_money,in,389,01093448056,,person,none,income,,19794,20183,0,none,,,0
T0002462,D0004,irregular,2026-08-16 16:35:11,receive_money,in,1250,01089098824,,person,none,income,,1916,3166,0,none,,,0
T0002463,D0003,shop_owner,2026-08-16 16:52:48,receive_money,in,1732,01091871870,,person,none,income,,20183,21915,0,none,,,0
T0002464,D0003,shop_owner,2026-08-16 17:53:02,receive_money,in,256,01051304310,,person,none,income,,21915,22171,0,none,,,0
T0002465,D0001,salaried,2026-08-16 19:02:16,cash_in,in,1000,A0130,Agent point A0130,agent,none,cash_in,,1615,2615,0,none,,,0
T0002466,D0001,salaried,2026-08-16 19:36:16,send_money,out,1900,01015746624,Nipa (friend),person,none,personal_transfer,friend,2615,715,0,none,,,0
T0002467,D0003,shop_owner,2026-08-16 20:56:47,receive_money,in,656,01072940421,,person,none,income,,22171,22827,0,none,,,0
T0002468,D0002,student,2026-08-16 21:50:41,cash_out,out,4500,A0036,Agent point A0036,agent,none,cash_withdrawal,cash_withdrawal,9503,5003,0,none,,,0
T0002469,D0004,irregular,2026-08-17 08:14:05,send_money,out,2900,01037459710,Ruma (family),person,none,family_support,family_support,3166,266,0,none,,,0
T0002470,D0003,shop_owner,2026-08-17 09:48:06,receive_money,in,795,01037976837,,person,none,income,,22827,23622,0,none,,,0
T0002471,D0003,shop_owner,2026-08-17 11:30:34,receive_money,in,419,01023102704,,person,none,income,,23622,24041,0,none,,,0
T0002472,D0003,shop_owner,2026-08-17 12:07:22,receive_money,in,500,01028960200,,person,none,income,,24041,24541,0,none,,,0
T0002473,D0003,shop_owner,2026-08-17 15:02:04,receive_money,in,567,01047532607,,person,none,income,,24541,25108,0,none,,,0
T0002474,D0003,shop_owner,2026-08-17 16:36:44,receive_money,in,956,01069678633,,person,none,income,,25108,26064,0,none,,,0
T0002475,D0003,shop_owner,2026-08-17 17:03:48,receive_money,in,317,01014099709,,person,none,income,,26064,26381,0,none,,,0
T0002476,D0004,irregular,2026-08-17 18:17:41,receive_money,in,450,01060750274,Jahid (client),person,none,income,,266,716,0,none,,,0
T0002477,D0004,irregular,2026-08-17 18:45:47,merchant_payment,out,476,M0018,Notun Bazar Mart (Savar),merchant,grocery,groceries,groceries,716,240,0,none,,,0
T0002478,D0003,shop_owner,2026-08-17 18:47:35,receive_money,in,843,01064360330,,person,none,income,,26381,27224,0,none,,,0
T0002479,D0003,shop_owner,2026-08-17 19:44:56,receive_money,in,212,01045431725,,person,none,income,,27224,27436,0,none,,,0
T0002480,D0003,shop_owner,2026-08-17 20:27:20,receive_money,in,213,01061620988,,person,none,income,,27436,27649,0,none,,,0
T0002481,D0003,shop_owner,2026-08-17 20:40:47,receive_money,in,611,01061549581,,person,none,income,,27649,28260,0,none,,,0
T0002482,D0003,shop_owner,2026-08-17 22:22:24,mobile_recharge,out,150,OP-2,Operator B,operator,telecom,mobile_recharge,mobile_recharge,28260,28110,0,none,,,0
T0002483,D0002,student,2026-08-17 22:28:55,send_money,out,100,01068257606,Shirin (friend),person,none,personal_transfer,friend,5003,4903,0,none,,,0
T0002484,D0001,salaried,2026-08-17 22:37:56,merchant_payment,out,357,M0216,Khichuri Kitchen (Rajshahi),merchant,restaurant,eating_out,eating_out,715,358,0,none,,,0
T0002485,D0003,shop_owner,2026-08-18 07:46:16,receive_money,in,722,01094553003,,person,none,income,,28110,28832,0,none,,,0
T0002486,D0003,shop_owner,2026-08-18 07:58:30,receive_money,in,53,01034139991,,person,none,income,,28832,28885,0,none,,,0
T0002487,D0003,shop_owner,2026-08-18 09:08:45,receive_money,in,294,01085401219,,person,none,income,,28885,29179,0,none,,,0
T0002488,D0003,shop_owner,2026-08-18 11:40:23,send_money,out,2800,01067853768,,person,none,business_supplies,business,29179,26379,0,none,,,0
T0002489,D0003,shop_owner,2026-08-18 11:50:46,receive_money,in,626,01099910597,,person,none,income,,26379,27005,0,none,,,0
T0002490,D0002,student,2026-08-18 12:57:26,merchant_payment,out,211,M0151,Dhaba Express (Gazipur),merchant,restaurant,eating_out,eating_out,4903,4692,0,none,,,0
T0002491,D0003,shop_owner,2026-08-18 13:18:38,receive_money,in,392,01092454383,,person,none,income,,27005,27397,0,none,,,0
T0002492,D0003,shop_owner,2026-08-18 14:45:22,receive_money,in,187,01024332830,,person,none,income,,27397,27584,0,none,,,0
T0002493,D0004,irregular,2026-08-18 14:54:47,merchant_payment,out,162,M0221,City Ride (Banani),merchant,transport,transport,transport,240,78,0,none,,,0
T0002494,D0001,salaried,2026-08-18 15:11:32,merchant_payment,out,140,M0228,City Ride (Rajshahi),merchant,transport,transport,transport,358,218,0,none,,,0
T0002495,D0003,shop_owner,2026-08-18 15:17:47,receive_money,in,309,01014054474,,person,none,income,,27584,27893,0,none,,,0
T0002496,D0003,shop_owner,2026-08-18 18:26:17,receive_money,in,287,01032933416,,person,none,income,,27893,28180,0,none,,,0
T0002497,D0003,shop_owner,2026-08-18 18:28:13,receive_money,in,433,01087629809,,person,none,income,,28180,28613,0,none,,,0
T0002498,D0003,shop_owner,2026-08-18 18:30:21,receive_money,in,639,01017505207,,person,none,income,,28613,29252,0,none,,,0
T0002499,D0003,shop_owner,2026-08-18 19:17:35,receive_money,in,671,01089414725,,person,none,income,,29252,29923,0,none,,,0
T0002500,D0003,shop_owner,2026-08-18 20:38:50,receive_money,in,357,01094926386,,person,none,income,,29923,30280,0,none,,,0
T0002501,D0003,shop_owner,2026-08-18 21:34:55,receive_money,in,239,01048922126,,person,none,income,,30280,30519,0,none,,,0
T0002502,D0003,shop_owner,2026-08-18 22:13:40,receive_money,in,1469,01046528918,,person,none,income,,30519,31988,0,none,,,0
T0002503,D0001,salaried,2026-08-19 06:46:40,merchant_payment,out,174,M0268,Launch Ticket Desk (Mohammadpur),merchant,transport,transport,transport,218,44,0,none,,,0
T0002504,D0003,shop_owner,2026-08-19 09:42:08,merchant_payment,out,1265,M0063,Poribar Mart (Uttara),merchant,grocery,groceries,groceries,31988,30723,0,none,,,0
T0002505,D0003,shop_owner,2026-08-19 09:42:51,receive_money,in,339,01047752703,,person,none,income,,30723,31062,0,none,,,0
T0002506,D0003,shop_owner,2026-08-19 11:51:45,receive_money,in,141,01051285383,,person,none,income,,31062,31203,0,none,,,0
T0002507,D0003,shop_owner,2026-08-19 11:52:25,mobile_recharge,out,200,OP-2,Operator B,operator,telecom,mobile_recharge,mobile_recharge,31203,31003,0,none,,,0
T0002508,D0003,shop_owner,2026-08-19 12:24:19,receive_money,in,485,01013503147,,person,none,income,,31003,31488,0,none,,,0
T0002509,D0003,shop_owner,2026-08-19 13:09:20,receive_money,in,146,01006535604,,person,none,income,,31488,31634,0,none,,,0
T0002510,D0003,shop_owner,2026-08-19 13:31:50,receive_money,in,365,01057542757,,person,none,income,,31634,31999,0,none,,,0
T0002511,D0003,shop_owner,2026-08-19 17:03:52,receive_money,in,588,01043114109,,person,none,income,,31999,32587,0,none,,,0
T0002512,D0003,shop_owner,2026-08-19 18:21:01,receive_money,in,365,01076568437,,person,none,income,,32587,32952,0,none,,,0
T0002513,D0003,shop_owner,2026-08-19 18:48:27,receive_money,in,159,01049112123,,person,none,income,,32952,33111,0,none,,,0
T0002514,D0001,salaried,2026-08-19 18:56:18,cash_in,in,2500,A0130,Agent point A0130,agent,none,cash_in,,44,2544,0,none,,,0
T0002515,D0001,salaried,2026-08-19 19:23:18,merchant_payment,out,341,M0131,Kabab Corner (Khulna),merchant,restaurant,eating_out,eating_out,2544,2203,0,none,,,0
T0002516,D0004,irregular,2026-08-19 20:42:26,receive_money,in,1900,01060750274,Jahid (client),person,none,income,,78,1978,0,none,,,0
T0002517,D0003,shop_owner,2026-08-19 20:46:51,receive_money,in,168,01026405640,,person,none,income,,33111,33279,0,none,,,0
T0002518,D0001,salaried,2026-08-19 22:49:08,send_money,out,1800,01094533718,Babul (friend),person,none,personal_transfer,friend,2203,403,0,none,,,0
T0002519,D0003,shop_owner,2026-08-20 06:33:13,receive_money,in,629,01088189109,,person,none,income,,33279,33908,0,none,,,0
T0002520,D0003,shop_owner,2026-08-20 08:20:17,receive_money,in,992,01051026986,,person,none,income,,33908,34900,0,none,,,0
T0002521,D0001,salaried,2026-08-20 09:08:32,cash_in,in,1500,A0130,Agent point A0130,agent,none,cash_in,,403,1903,0,none,,,0
T0002522,D0001,salaried,2026-08-20 09:43:32,bill_payment,out,578,B-WATER,City Water Authority,biller,utility,water,water,1903,1325,0,none,,,0
T0002523,D0003,shop_owner,2026-08-20 09:54:46,receive_money,in,696,01035004640,,person,none,income,,34900,35596,0,none,,,0
T0002524,D0003,shop_owner,2026-08-20 10:11:19,receive_money,in,260,01023102704,,person,none,income,,35596,35856,0,none,,,0
T0002525,D0003,shop_owner,2026-08-20 11:00:48,receive_money,in,715,01018031825,,person,none,income,,35856,36571,0,none,,,0
T0002526,D0003,shop_owner,2026-08-20 11:53:46,receive_money,in,507,01032933416,,person,none,income,,36571,37078,0,none,,,0
T0002527,D0003,shop_owner,2026-08-20 13:13:05,receive_money,in,396,01064691288,,person,none,income,,37078,37474,0,none,,,0
T0002528,D0003,shop_owner,2026-08-20 13:35:28,merchant_payment,out,214,M0242,Rail Ticket Counter (Dhanmondi),merchant,transport,transport,transport,37474,37260,0,none,,,0
T0002529,D0003,shop_owner,2026-08-20 15:27:11,merchant_payment,out,1099,M0018,Notun Bazar Mart (Savar),merchant,grocery,groceries,groceries,37260,36161,0,none,,,0
T0002530,D0003,shop_owner,2026-08-20 15:28:31,receive_money,in,402,01032933416,,person,none,income,,36161,36563,0,none,,,0
T0002531,D0003,shop_owner,2026-08-20 18:17:05,receive_money,in,719,01031512271,,person,none,income,,36563,37282,0,none,,,0
T0002532,D0003,shop_owner,2026-08-20 18:19:11,receive_money,in,1122,01028781886,,person,none,income,,37282,38404,0,none,,,0
T0002533,D0001,salaried,2026-08-20 19:34:45,merchant_payment,out,340,M0001,Shapla General Store (Mirpur),merchant,grocery,groceries,groceries,1325,985,0,none,,,0
T0002534,D0003,shop_owner,2026-08-20 21:07:17,receive_money,in,136,01089625932,,person,none,income,,38404,38540,0,none,,,0
T0002535,D0004,irregular,2026-08-20 22:08:49,merchant_payment,out,398,M0082,Kacha Bazar Shop (Sylhet),merchant,grocery,groceries,groceries,1978,1580,0,none,,,0
T0002536,D0002,student,2026-08-21 00:50:25,merchant_payment,out,215,M0151,Dhaba Express (Gazipur),merchant,restaurant,eating_out,eating_out,4692,4477,0,none,,,0
T0002537,D0001,salaried,2026-08-21 07:02:23,merchant_payment,out,957,M0064,Poribar Mart (Mohammadpur),merchant,grocery,groceries,groceries,985,28,0,none,,,0
T0002538,D0001,salaried,2026-08-21 09:53:46,cash_in,in,1000,A0130,Agent point A0130,agent,none,cash_in,,28,1028,0,none,,,0
T0002539,D0003,shop_owner,2026-08-21 10:01:45,merchant_payment,out,1214,M0063,Poribar Mart (Uttara),merchant,grocery,groceries,groceries,38540,37326,0,none,,,0
T0002540,D0001,salaried,2026-08-21 10:12:46,merchant_payment,out,368,M0131,Kabab Corner (Khulna),merchant,restaurant,eating_out,eating_out,1028,660,0,none,,,0
T0002541,D0004,irregular,2026-08-21 11:11:42,merchant_payment,out,450,M0082,Kacha Bazar Shop (Sylhet),merchant,grocery,groceries,groceries,1580,1130,0,none,,,0
T0002542,D0003,shop_owner,2026-08-21 16:11:58,cash_out,out,4500,A0246,Agent point A0246,agent,none,cash_withdrawal,cash_withdrawal,37326,32826,0,none,,,0
T0002543,D0002,student,2026-08-21 17:40:33,merchant_payment,out,343,M0272,Launch Ticket Desk (Narayanganj),merchant,transport,transport,transport,4477,4134,0,none,,,0
T0002544,D0004,irregular,2026-08-21 17:58:44,receive_money,in,950,01060750274,Jahid (client),person,none,income,,1130,2080,0,none,,,0
T0002545,D0004,irregular,2026-08-21 19:19:38,merchant_payment,out,354,M0012,Shapla General Store (Rajshahi),merchant,grocery,groceries,groceries,2080,1726,0,none,,,0
T0002546,D0002,student,2026-08-21 19:49:20,merchant_payment,out,122,M0272,Launch Ticket Desk (Narayanganj),merchant,transport,transport,transport,4134,4012,0,none,,,0
T0002547,D0003,shop_owner,2026-08-21 22:39:00,mobile_recharge,out,500,OP-2,Operator B,operator,telecom,other,mobile_recharge,32826,32326,0,none,,,0
T0002548,D0001,salaried,2026-08-22 07:18:14,merchant_payment,out,287,M0226,City Ride (Sylhet),merchant,transport,transport,transport,660,373,0,none,,,0
T0002549,D0003,shop_owner,2026-08-22 07:30:40,receive_money,in,409,01027426931,,person,none,income,,32326,32735,0,none,,,0
T0002550,D0003,shop_owner,2026-08-22 09:23:58,merchant_payment,out,807,M0079,Kacha Bazar Shop (Gazipur),merchant,grocery,groceries,groceries,32735,31928,0,none,,,0
T0002551,D0004,irregular,2026-08-22 11:33:09,mobile_recharge,out,20,OP-3,Operator C,operator,telecom,mobile_recharge,mobile_recharge,1726,1706,0,none,,,0
T0002552,D0004,irregular,2026-08-22 12:14:14,cash_out,out,900,A0063,Agent point A0063,agent,none,cash_withdrawal,cash_withdrawal,1706,806,0,none,,,0
T0002553,D0003,shop_owner,2026-08-22 12:57:37,receive_money,in,219,01023102704,,person,none,income,,31928,32147,0,none,,,0
T0002554,D0003,shop_owner,2026-08-22 14:15:54,receive_money,in,892,01094480371,,person,none,income,,32147,33039,0,none,,,0
T0002555,D0003,shop_owner,2026-08-22 16:28:17,send_money,out,11000,01044146813,Babul (supplier),person,none,business_supplies,business,33039,22039,0,none,,,0
T0002556,D0003,shop_owner,2026-08-22 17:21:42,cash_out,out,11000,A0241,Agent point A0241,agent,none,cash_withdrawal,cash_withdrawal,22039,11039,0,none,,,0
T0002557,D0003,shop_owner,2026-08-22 17:24:07,receive_money,in,467,01069678633,,person,none,income,,11039,11506,0,none,,,0
T0002558,D0003,shop_owner,2026-08-22 18:14:58,receive_money,in,189,01020836621,,person,none,income,,11506,11695,0,none,,,0
T0002559,D0004,irregular,2026-08-22 18:16:24,receive_money,in,1150,01060750274,Jahid (client),person,none,income,,806,1956,0,none,,,0
T0002560,D0001,salaried,2026-08-22 18:21:41,cash_in,in,2500,A0130,Agent point A0130,agent,none,cash_in,,373,2873,0,none,,,0
T0002561,D0001,salaried,2026-08-22 19:05:41,merchant_payment,out,381,M0131,Kabab Corner (Khulna),merchant,restaurant,eating_out,eating_out,2873,2492,0,none,,,0
T0002562,D0003,shop_owner,2026-08-22 19:21:56,receive_money,in,220,01039620948,,person,none,income,,11695,11915,0,none,,,0
T0002563,D0003,shop_owner,2026-08-22 19:48:09,receive_money,in,1229,01058936655,,person,none,income,,11915,13144,0,none,,,0
T0002564,D0003,shop_owner,2026-08-22 19:57:28,receive_money,in,430,01031703749,,person,none,income,,13144,13574,0,none,,,0
T0002565,D0003,shop_owner,2026-08-22 20:05:02,receive_money,in,587,01057085557,,person,none,income,,13574,14161,0,none,,,0
T0002566,D0003,shop_owner,2026-08-22 20:23:55,receive_money,in,1076,01038983659,,person,none,income,,14161,15237,0,none,,,0
T0002567,D0003,shop_owner,2026-08-22 20:42:29,merchant_payment,out,383,M0189,Tehari House (Chattogram),merchant,restaurant,eating_out,eating_out,15237,14854,0,none,,,0
T0002568,D0003,shop_owner,2026-08-22 20:43:44,receive_money,in,201,01023102704,,person,none,income,,14854,15055,0,none,,,0
T0002569,D0003,shop_owner,2026-08-23 09:24:16,receive_money,in,607,01036907682,,person,none,income,,15055,15662,0,none,,,0
T0002570,D0003,shop_owner,2026-08-23 10:26:11,receive_money,in,169,01005550064,,person,none,income,,15662,15831,0,none,,,0
T0002571,D0004,irregular,2026-08-23 11:28:59,mobile_recharge,out,50,OP-3,Operator C,operator,telecom,mobile_recharge,mobile_recharge,1956,1906,0,none,,,0
T0002572,D0001,salaried,2026-08-23 11:43:06,merchant_payment,out,2134,M0304,Rong Fashion (Mohammadpur),merchant,online_shop,shopping,shopping,2492,358,0,none,,,0
T0002573,D0003,shop_owner,2026-08-23 11:45:54,receive_money,in,1156,01001439931,,person,none,income,,15831,16987,0,none,,,0
T0002574,D0003,shop_owner,2026-08-23 12:28:27,receive_money,in,219,01089371261,,person,none,income,,16987,17206,0,none,,,0
T0002575,D0003,shop_owner,2026-08-23 12:43:13,receive_money,in,480,01068559247,,person,none,income,,17206,17686,0,none,,,0
T0002576,D0003,shop_owner,2026-08-23 13:08:46,receive_money,in,158,01045228553,,person,none,income,,17686,17844,0,none,,,0
T0002577,D0003,shop_owner,2026-08-23 14:25:19,receive_money,in,342,01038213425,,person,none,income,,17844,18186,0,none,,,0
T0002578,D0004,irregular,2026-08-23 14:52:40,merchant_payment,out,102,M0163,Mishti Mukh (Gazipur),merchant,restaurant,other,eating_out,1906,1804,0,none,,,0
T0002579,D0003,shop_owner,2026-08-23 15:40:48,merchant_payment,out,9717,M0456,Mohajon Supply (Rajshahi),merchant,wholesale,business_supplies,business_supplies,18186,8469,0,none,,,0
T0002580,D0003,shop_owner,2026-08-23 16:16:08,receive_money,in,361,01028960200,,person,none,income,,8469,8830,0,none,,,0
T0002581,D0004,irregular,2026-08-23 16:26:47,mobile_recharge,out,100,OP-3,Operator C,operator,telecom,mobile_recharge,mobile_recharge,1804,1704,0,none,,,0
T0002582,D0003,shop_owner,2026-08-23 17:41:30,receive_money,in,140,01082466090,,person,none,income,,8830,8970,0,none,,,0
T0002583,D0003,shop_owner,2026-08-23 19:29:51,receive_money,in,1013,01077552713,,person,none,income,,8970,9983,0,none,,,0
T0002584,D0002,student,2026-08-23 19:43:24,merchant_payment,out,608,M0277,Deshi Cart (Mirpur),merchant,online_shop,shopping,shopping,4012,3404,0,none,,,0
T0002585,D0002,student,2026-08-23 22:26:20,merchant_payment,out,183,M0151,Dhaba Express (Gazipur),merchant,restaurant,eating_out,eating_out,3404,3221,0,none,,,0
T0002586,D0002,student,2026-08-23 23:37:36,merchant_payment,out,118,M0189,Tehari House (Chattogram),merchant,restaurant,eating_out,eating_out,3221,3103,0,none,,,0
T0002587,D0003,shop_owner,2026-08-24 07:28:41,receive_money,in,394,01017475127,,person,none,income,,9983,10377,0,none,,,0
T0002588,D0003,shop_owner,2026-08-24 08:02:46,merchant_payment,out,4880,M0453,Mohajon Supply (Chattogram),merchant,wholesale,business_supplies,business_supplies,10377,5497,0,none,,,0
T0002589,D0003,shop_owner,2026-08-24 08:34:27,receive_money,in,1715,01084482466,,person,none,income,,5497,7212,0,none,,,0
T0002590,D0003,shop_owner,2026-08-24 08:50:31,receive_money,in,721,01049112123,,person,none,income,,7212,7933,0,none,,,0
T0002591,D0003,shop_owner,2026-08-24 12:56:19,receive_money,in,259,01001769515,,person,none,income,,7933,8192,0,none,,,0
T0002592,D0003,shop_owner,2026-08-24 13:56:43,receive_money,in,168,01091871870,,person,none,income,,8192,8360,0,none,,,0
T0002593,D0003,shop_owner,2026-08-24 14:11:16,receive_money,in,263,01040663912,,person,none,income,,8360,8623,0,none,,,0
T0002594,D0003,shop_owner,2026-08-24 17:33:43,receive_money,in,1140,01000059615,,person,none,income,,8623,9763,0,none,,,0
T0002595,D0003,shop_owner,2026-08-24 18:50:37,receive_money,in,312,01048430841,,person,none,income,,9763,10075,0,none,,,0
T0002596,D0003,shop_owner,2026-08-24 19:16:38,receive_money,in,297,01055948089,,person,none,income,,10075,10372,0,none,,,0
T0002597,D0001,salaried,2026-08-24 20:04:14,cash_in,in,2000,A0238,Agent point A0238,agent,none,cash_in,,358,2358,0,none,,,0
T0002598,D0001,salaried,2026-08-24 20:47:14,send_money,out,1900,01015746624,Nipa (friend),person,none,personal_transfer,friend,2358,458,0,none,,,0
T0002599,D0001,salaried,2026-08-24 22:57:06,merchant_payment,out,322,M0216,Khichuri Kitchen (Rajshahi),merchant,restaurant,eating_out,eating_out,458,136,0,none,,,0
T0002600,D0001,salaried,2026-08-25 08:09:02,merchant_payment,out,84,M0268,Launch Ticket Desk (Mohammadpur),merchant,transport,transport,transport,136,52,0,none,,,0
T0002601,D0003,shop_owner,2026-08-25 09:07:35,receive_money,in,504,01039064199,,person,none,income,,10372,10876,0,none,,,0
T0002602,D0003,shop_owner,2026-08-25 10:21:13,receive_money,in,561,01091871870,,person,none,income,,10876,11437,0,none,,,0
T0002603,D0003,shop_owner,2026-08-25 10:28:54,receive_money,in,1128,01081500092,,person,none,income,,11437,12565,0,none,,,0
T0002604,D0001,salaried,2026-08-25 10:37:51,cash_in,in,1000,A0130,Agent point A0130,agent,none,cash_in,,52,1052,0,none,,,0
T0002605,D0003,shop_owner,2026-08-25 10:44:08,receive_money,in,1848,01037034766,,person,none,income,,12565,14413,0,none,,,0
T0002606,D0001,salaried,2026-08-25 11:06:51,merchant_payment,out,423,M0381,Arogya Medicine Corner (Chattogram),merchant,pharmacy,health,health,1052,629,0,none,,,0
T0002607,D0004,irregular,2026-08-25 12:34:53,cash_out,out,500,A0239,Agent point A0239,agent,none,cash_withdrawal,cash_withdrawal,1704,1204,0,none,,,0
T0002608,D0002,student,2026-08-25 13:57:13,send_money,out,700,01068257606,Shirin (friend),person,none,personal_transfer,friend,3103,2403,0,none,,,0
T0002609,D0003,shop_owner,2026-08-25 15:16:18,receive_money,in,1004,01014279502,,person,none,income,,14413,15417,0,none,,,0
T0002610,D0003,shop_owner,2026-08-25 15:31:45,receive_money,in,748,01029288405,,person,none,income,,15417,16165,0,none,,,0
T0002611,D0003,shop_owner,2026-08-25 17:21:22,receive_money,in,419,01045977317,,person,none,income,,16165,16584,0,none,,,0
T0002612,D0002,student,2026-08-25 19:06:08,send_money,out,300,01051320135,Hasib (friend),person,none,personal_transfer,friend,2403,2103,0,none,,,0
T0002613,D0001,salaried,2026-08-25 21:06:59,mobile_recharge,out,100,OP-2,Operator B,operator,telecom,mobile_recharge,mobile_recharge,629,529,0,none,,,0
T0002614,D0004,irregular,2026-08-25 22:28:18,cash_out,out,700,A0215,Agent point A0215,agent,none,cash_withdrawal,cash_withdrawal,1204,504,0,none,,,0
T0002615,D0003,shop_owner,2026-08-26 07:43:17,receive_money,in,474,01023660483,,person,none,income,,16584,17058,0,none,,,0
T0002616,D0003,shop_owner,2026-08-26 08:37:42,receive_money,in,131,01004904416,,person,none,income,,17058,17189,0,none,,,0
T0002617,D0003,shop_owner,2026-08-26 08:58:29,receive_money,in,1521,01018374054,,person,none,income,,17189,18710,0,none,,,0
T0002618,D0003,shop_owner,2026-08-26 09:53:40,receive_money,in,475,01043225477,,person,none,income,,18710,19185,0,none,,,0
T0002619,D0003,shop_owner,2026-08-26 11:19:56,receive_money,in,317,01000059615,,person,none,income,,19185,19502,0,none,,,0
T0002620,D0004,irregular,2026-08-26 13:11:00,mobile_recharge,out,20,OP-3,Operator C,operator,telecom,mobile_recharge,mobile_recharge,504,484,0,none,,,0
T0002621,D0003,shop_owner,2026-08-26 13:19:50,receive_money,in,86,01097582603,,person,none,income,,19502,19588,0,none,,,0
T0002622,D0002,student,2026-08-26 13:28:45,merchant_payment,out,639,M0300,Gadget Hut (Rajshahi),merchant,online_shop,shopping,shopping,2103,1464,0,none,,,0
T0002623,D0004,irregular,2026-08-26 14:38:58,receive_money,in,750,01020985059,Abdur (client),person,none,income,,484,1234,0,none,,,0
T0002624,D0003,shop_owner,2026-08-26 15:37:58,receive_money,in,394,01014099709,,person,none,income,,19588,19982,0,none,,,0
T0002625,D0003,shop_owner,2026-08-26 16:46:09,receive_money,in,1483,01070812955,,person,none,income,,19982,21465,0,none,,,0
T0002626,D0001,salaried,2026-08-26 17:00:52,merchant_payment,out,422,M0183,Tehari House (Uttara),merchant,restaurant,eating_out,eating_out,529,107,0,none,,,0
T0002627,D0003,shop_owner,2026-08-26 17:15:35,send_money,out,3500,01062067985,Shirin (family),person,none,family_support,family_support,21465,17965,0,none,,,0
T0002628,D0003,shop_owner,2026-08-26 17:44:16,receive_money,in,143,01078312977,,person,none,income,,17965,18108,0,none,,,0
T0002629,D0003,shop_owner,2026-08-26 17:48:05,receive_money,in,167,01008044934,,person,none,income,,18108,18275,0,none,,,0
T0002630,D0004,irregular,2026-08-26 18:19:35,mobile_recharge,out,50,OP-3,Operator C,operator,telecom,mobile_recharge,mobile_recharge,1234,1184,0,none,,,0
T0002631,D0003,shop_owner,2026-08-26 19:10:26,receive_money,in,380,01027349009,,person,none,income,,18275,18655,0,none,,,0
T0002632,D0002,student,2026-08-26 19:26:03,mobile_recharge,out,150,OP-2,Operator B,operator,telecom,mobile_recharge,mobile_recharge,1464,1314,0,none,,,0
T0002633,D0003,shop_owner,2026-08-26 19:28:25,receive_money,in,1323,01054372961,,person,none,income,,18655,19978,0,none,,,0
T0002634,D0004,irregular,2026-08-26 21:52:41,mobile_recharge,out,100,OP-3,Operator C,operator,telecom,mobile_recharge,mobile_recharge,1184,1084,0,none,,,0
T0002635,D0001,salaried,2026-08-26 22:55:45,cash_in,in,3500,A0130,Agent point A0130,agent,none,cash_in,,107,3607,0,none,,,0
T0002636,D0001,salaried,2026-08-26 23:15:45,merchant_payment,out,1865,M0347,Style Bazar (Khulna),merchant,online_shop,shopping,shopping,3607,1742,0,none,,,0
T0002637,D0003,shop_owner,2026-08-26 23:58:08,receive_money,in,447,01088189109,,person,none,income,,19978,20425,0,none,,,0
T0002638,D0004,irregular,2026-08-27 00:04:52,receive_money,in,900,01093614877,Hasib (client),person,none,income,,1084,1984,0,none,,,0
T0002639,D0004,irregular,2026-08-27 09:07:51,merchant_payment,out,406,M0012,Shapla General Store (Rajshahi),merchant,grocery,groceries,groceries,1984,1578,0,none,,,0
T0002640,D0003,shop_owner,2026-08-27 09:41:47,receive_money,in,75,01079447711,,person,none,income,,20425,20500,0,none,,,0
T0002641,D0003,shop_owner,2026-08-27 09:56:10,receive_money,in,473,01091316441,,person,none,income,,20500,20973,0,none,,,0
T0002642,D0001,salaried,2026-08-27 10:02:14,merchant_payment,out,184,M0268,Launch Ticket Desk (Mohammadpur),merchant,transport,other,transport,1742,1558,0,none,,,0
T0002643,D0003,shop_owner,2026-08-27 11:24:51,merchant_payment,out,9801,M0453,Mohajon Supply (Chattogram),merchant,wholesale,business_supplies,business_supplies,20973,11172,0,none,,,0
T0002644,D0003,shop_owner,2026-08-27 12:42:31,receive_money,in,620,01091871870,,person,none,income,,11172,11792,0,none,,,0
T0002645,D0002,student,2026-08-27 14:23:55,mobile_recharge,out,100,OP-2,Operator B,operator,telecom,mobile_recharge,mobile_recharge,1314,1214,0,none,,,0
T0002646,D0003,shop_owner,2026-08-27 16:16:32,receive_money,in,351,01032933416,,person,none,income,,11792,12143,0,none,,,0
T0002647,D0003,shop_owner,2026-08-27 17:30:56,receive_money,in,305,01054894582,,person,none,income,,12143,12448,0,none,,,0
T0002648,D0001,salaried,2026-08-27 17:37:36,merchant_payment,out,951,M0003,Shapla General Store (Uttara),merchant,grocery,groceries,groceries,1558,607,0,none,,,0
T0002649,D0004,irregular,2026-08-27 18:03:05,send_money,out,1300,01037459710,Ruma (family),person,none,family_support,family_support,1578,278,0,none,,,0
T0002650,D0004,irregular,2026-08-27 19:38:01,merchant_payment,out,181,M0221,City Ride (Banani),merchant,transport,transport,transport,278,97,0,none,,,0
T0002651,D0003,shop_owner,2026-08-27 22:13:22,receive_money,in,391,01088861398,,person,none,income,,12448,12839,0,none,,,0
T0002652,D0003,shop_owner,2026-08-27 22:30:44,cash_out,out,9000,A0241,Agent point A0241,agent,none,cash_withdrawal,cash_withdrawal,12839,3839,0,none,,,0
T0002653,D0001,salaried,2026-08-28 13:47:59,merchant_payment,out,465,M0216,Khichuri Kitchen (Rajshahi),merchant,restaurant,eating_out,eating_out,607,142,0,none,,,0
T0002654,D0001,salaried,2026-08-28 17:21:18,cash_in,in,4000,A0130,Agent point A0130,agent,none,cash_in,,142,4142,0,none,,,0
T0002655,D0001,salaried,2026-08-28 17:46:18,send_money,out,2400,01097753546,Shirin (friend),person,none,personal_transfer,friend,4142,1742,0,none,,,0
T0002656,D0004,irregular,2026-08-28 19:04:20,mobile_recharge,out,50,OP-3,Operator C,operator,telecom,mobile_recharge,mobile_recharge,97,47,0,none,,,0
T0002657,D0002,student,2026-08-29 08:59:11,merchant_payment,out,43,M0007,Shapla General Store (Gazipur),merchant,grocery,groceries,groceries,1214,1171,0,none,,,0
T0002658,D0003,shop_owner,2026-08-29 10:46:02,receive_money,in,911,01015657158,,person,none,income,,3839,4750,0,none,,,0
T0002659,D0003,shop_owner,2026-08-29 13:11:10,receive_money,in,106,01013959779,,person,none,income,,4750,4856,0,none,,,0
T0002660,D0003,shop_owner,2026-08-29 14:17:55,receive_money,in,367,01016526389,,person,none,income,,4856,5223,0,none,,,0
T0002661,D0003,shop_owner,2026-08-29 14:41:44,receive_money,in,174,01027305018,,person,none,income,,5223,5397,0,none,,,0
T0002662,D0003,shop_owner,2026-08-29 16:46:12,receive_money,in,411,01085055045,,person,none,income,,5397,5808,0,none,,,0
T0002663,D0004,irregular,2026-08-29 18:51:59,receive_money,in,1050,01061866158,Rubel (client),person,none,income,,47,1097,0,none,,,0
T0002664,D0003,shop_owner,2026-08-29 19:02:08,merchant_payment,out,1706,M0095,Jononi Traders (Khulna),merchant,grocery,groceries,groceries,5808,4102,0,none,,,0
T0002665,D0003,shop_owner,2026-08-29 19:08:11,receive_money,in,158,01045279170,,person,none,income,,4102,4260,0,none,,,0
T0002666,D0003,shop_owner,2026-08-29 20:00:03,receive_money,in,220,01049215113,,person,none,income,,4260,4480,0,none,,,0
T0002667,D0003,shop_owner,2026-08-29 20:07:37,merchant_payment,out,794,M0086,Jononi Traders (Dhanmondi),merchant,grocery,groceries,groceries,4480,3686,0,none,,,0
T0002668,D0001,salaried,2026-08-29 20:24:07,merchant_payment,out,341,M0104,Biryani Ghor (Narayanganj),merchant,restaurant,eating_out,eating_out,1742,1401,0,none,,,0
T0002669,D0003,shop_owner,2026-08-29 21:28:12,send_money,out,2700,01028951418,Faisal (supplier),person,none,other,business,3686,986,0,none,,,0
T0002670,D0003,shop_owner,2026-08-29 21:31:30,receive_money,in,501,01014863237,,person,none,income,,986,1487,0,none,,,0
T0002671,D0004,irregular,2026-08-30 07:07:51,cash_out,out,400,A0038,Agent point A0038,agent,none,cash_withdrawal,cash_withdrawal,1097,697,0,none,,,0
T0002672,D0003,shop_owner,2026-08-30 08:55:33,merchant_payment,out,59,M0262,Jatri Ride (Sylhet),merchant,transport,transport,transport,1487,1428,0,none,,,0
T0002673,D0003,shop_owner,2026-08-30 09:46:43,receive_money,in,470,01073387105,,person,none,income,,1428,1898,0,none,,,0
T0002674,D0003,shop_owner,2026-08-30 10:33:10,receive_money,in,332,01056289334,,person,none,income,,1898,2230,0,none,,,0
T0002675,D0003,shop_owner,2026-08-30 11:02:43,receive_money,in,480,01006535604,,person,none,income,,2230,2710,0,none,,,0
T0002676,D0003,shop_owner,2026-08-30 11:32:54,mobile_recharge,out,50,OP-2,Operator B,operator,telecom,mobile_recharge,mobile_recharge,2710,2660,0,none,,,0
T0002677,D0003,shop_owner,2026-08-30 12:07:20,cash_in,in,7500,A0241,Agent point A0241,agent,none,cash_in,,2660,10160,0,none,,,0
T0002678,D0004,irregular,2026-08-30 12:14:43,receive_money,in,1750,01060750274,Jahid (client),person,none,income,,697,2447,0,none,,,0
T0002679,D0003,shop_owner,2026-08-30 12:49:20,send_money,out,4300,01077793942,,person,none,business_supplies,business,10160,5860,0,none,,,0
T0002680,D0003,shop_owner,2026-08-30 16:29:50,receive_money,in,521,01076361092,,person,none,income,,5860,6381,0,none,,,0
T0002681,D0003,shop_owner,2026-08-30 16:38:43,send_money,out,2400,01044146813,Babul (supplier),person,none,business_supplies,business,6381,3981,0,none,,,0
T0002682,D0003,shop_owner,2026-08-30 17:02:40,receive_money,in,204,01032933416,,person,none,income,,3981,4185,0,none,,,0
T0002683,D0003,shop_owner,2026-08-30 17:14:46,receive_money,in,434,01051285383,,person,none,income,,4185,4619,0,none,,,0
T0002684,D0002,student,2026-08-30 17:17:46,merchant_payment,out,294,M0258,Jatri Ride (Savar),merchant,transport,transport,transport,1171,877,0,none,,,0
T0002685,D0003,shop_owner,2026-08-30 17:31:21,receive_money,in,104,01097798973,,person,none,income,,4619,4723,0,none,,,0
T0002686,D0003,shop_owner,2026-08-30 18:09:40,receive_money,in,246,01082372526,,person,none,income,,4723,4969,0,none,,,0
T0002687,D0003,shop_owner,2026-08-30 18:34:39,receive_money,in,523,01028960200,,person,none,income,,4969,5492,0,none,,,0
T0002688,D0003,shop_owner,2026-08-30 19:15:04,send_money,out,1700,01014602012,Poly (friend),person,none,personal_transfer,friend,5492,3792,0,none,,,0
T0002689,D0003,shop_owner,2026-08-30 19:19:37,receive_money,in,407,01004520110,,person,none,income,,3792,4199,0,none,,,0
T0002690,D0003,shop_owner,2026-08-30 19:40:38,receive_money,in,163,01037315535,,person,none,income,,4199,4362,0,none,,,0
T0002691,D0003,shop_owner,2026-08-31 09:34:28,receive_money,in,485,01050612933,,person,none,income,,4362,4847,0,none,,,0
T0002692,D0003,shop_owner,2026-08-31 10:31:43,receive_money,in,793,01008954623,,person,none,income,,4847,5640,0,none,,,0
T0002693,D0004,irregular,2026-08-31 10:38:47,receive_money,in,750,01020985059,Abdur (client),person,none,income,,2447,3197,0,none,,,0
T0002694,D0003,shop_owner,2026-08-31 12:30:40,mobile_recharge,out,150,OP-2,Operator B,operator,telecom,mobile_recharge,mobile_recharge,5640,5490,0,none,,,0
T0002695,D0003,shop_owner,2026-08-31 12:47:14,receive_money,in,1186,01089379182,,person,none,income,,5490,6676,0,none,,,0
T0002696,D0003,shop_owner,2026-08-31 12:53:23,receive_money,in,742,01089327077,,person,none,income,,6676,7418,0,none,,,0
T0002697,D0004,irregular,2026-08-31 16:30:47,mobile_recharge,out,50,OP-3,Operator C,operator,telecom,mobile_recharge,mobile_recharge,3197,3147,0,none,,,0
T0002698,D0003,shop_owner,2026-08-31 17:01:29,receive_money,in,1612,01061043570,,person,none,income,,7418,9030,0,none,,,0
T0002699,D0003,shop_owner,2026-08-31 17:24:22,receive_money,in,388,01006731212,,person,none,income,,9030,9418,0,none,,,0
T0002700,D0003,shop_owner,2026-08-31 18:34:36,receive_money,in,388,01097751184,,person,none,income,,9418,9806,0,none,,,0
T0002701,D0001,salaried,2026-08-31 18:39:00,merchant_payment,out,262,M0268,Launch Ticket Desk (Mohammadpur),merchant,transport,transport,transport,1401,1139,0,none,,,0
T0002702,D0003,shop_owner,2026-08-31 19:16:53,receive_money,in,533,01093179301,,person,none,income,,9806,10339,0,none,,,0
T0002703,D0001,salaried,2026-08-31 20:32:35,merchant_payment,out,342,M0117,Cha Adda (Chattogram),merchant,restaurant,eating_out,eating_out,1139,797,0,none,,,0
T0002704,D0002,student,2026-08-31 20:49:49,merchant_payment,out,193,M0168,Mishti Mukh (Rajshahi),merchant,restaurant,eating_out,eating_out,877,684,0,none,,,0
T0002705,D0003,shop_owner,2026-08-31 23:53:05,receive_money,in,891,01014099709,,person,none,income,,10339,11230,0,none,,,0
T0002706,D0003,shop_owner,2026-09-01 07:01:07,receive_money,in,330,01018271764,,person,none,income,,11230,11560,0,none,,,0
T0002707,D0003,shop_owner,2026-09-01 07:46:36,receive_money,in,579,01088169951,,person,none,income,,11560,12139,0,none,,,0
T0002708,D0003,shop_owner,2026-09-01 08:48:35,receive_money,in,932,01039451272,,person,none,income,,12139,13071,0,none,,,0
T0002709,D0003,shop_owner,2026-09-01 09:43:54,receive_money,in,298,01013503147,,person,none,income,,13071,13369,0,none,,,0
T0002710,D0003,shop_owner,2026-09-01 10:00:02,receive_money,in,495,01099333438,,person,none,income,,13369,13864,0,none,,,0
T0002711,D0003,shop_owner,2026-09-01 11:35:51,receive_money,in,226,01096199985,,person,none,income,,13864,14090,0,none,,,0
T0002712,D0003,shop_owner,2026-09-01 11:50:34,receive_money,in,325,01028781886,,person,none,income,,14090,14415,0,none,,,0
T0002713,D0001,salaried,2026-09-01 12:56:08,salary_in,in,45000,E0333,Employer E0333,employer,none,income,,797,45797,0,none,,,0
T0002714,D0003,shop_owner,2026-09-01 13:31:52,cash_out,out,5500,A0241,Agent point A0241,agent,none,cash_withdrawal,cash_withdrawal,14415,8915,0,none,,,0
T0002715,D0003,shop_owner,2026-09-01 14:20:29,receive_money,in,1821,01019051413,,person,none,income,,8915,10736,0,none,,,0
T0002716,D0003,shop_owner,2026-09-01 15:00:21,receive_money,in,1941,01041223682,,person,none,income,,10736,12677,0,none,,,0
T0002717,D0003,shop_owner,2026-09-01 17:49:47,receive_money,in,216,01061151523,,person,none,income,,12677,12893,0,none,,,0
T0002718,D0003,shop_owner,2026-09-01 18:19:32,receive_money,in,426,01079267161,,person,none,income,,12893,13319,0,none,,,0
T0002719,D0002,student,2026-09-01 20:11:10,merchant_payment,out,282,M0007,Shapla General Store (Gazipur),merchant,grocery,groceries,groceries,684,402,0,none,,,0
T0002720,D0003,shop_owner,2026-09-01 20:30:43,cash_out,out,10000,A0241,Agent point A0241,agent,none,cash_withdrawal,cash_withdrawal,13319,3319,0,none,,,0
T0002721,D0001,salaried,2026-09-01 21:31:48,merchant_payment,out,1149,M0003,Shapla General Store (Uttara),merchant,grocery,groceries,groceries,45797,44648,0,none,,,0
T0002722,D0003,shop_owner,2026-09-02 07:55:57,receive_money,in,312,01056425175,,person,none,income,,3319,3631,0,none,,,0
T0002723,D0003,shop_owner,2026-09-02 09:35:26,receive_money,in,418,01049112123,,person,none,income,,3631,4049,0,none,,,0
T0002724,D0003,shop_owner,2026-09-02 09:38:42,receive_money,in,128,01020462369,,person,none,income,,4049,4177,0,none,,,0
T0002725,D0003,shop_owner,2026-09-02 09:39:15,receive_money,in,455,01082605653,,person,none,income,,4177,4632,0,none,,,0
T0002726,D0003,shop_owner,2026-09-02 10:16:39,receive_money,in,253,01040902090,,person,none,income,,4632,4885,0,none,,,0
T0002727,D0004,irregular,2026-09-02 13:20:39,receive_money,in,550,01020985059,Abdur (client),person,none,income,,3147,3697,0,none,,,0
T0002728,D0003,shop_owner,2026-09-02 14:21:48,receive_money,in,219,01072508237,,person,none,income,,4885,5104,0,none,,,0
T0002729,D0003,shop_owner,2026-09-02 17:35:44,receive_money,in,388,01065635476,,person,none,income,,5104,5492,0,none,,,0
T0002730,D0004,irregular,2026-09-02 18:56:25,merchant_payment,out,120,M0163,Mishti Mukh (Gazipur),merchant,restaurant,eating_out,eating_out,3697,3577,0,none,,,0
T0002731,D0004,irregular,2026-09-02 19:21:43,receive_money,in,700,01020999024,,person,none,income,,3577,4277,0,none,,,0
T0002732,D0003,shop_owner,2026-09-02 19:51:04,receive_money,in,151,01017080010,,person,none,income,,5492,5643,0,none,,,0
T0002733,D0003,shop_owner,2026-09-02 20:27:37,receive_money,in,1795,01088551364,,person,none,income,,5643,7438,0,none,,,0
T0002734,D0001,salaried,2026-09-02 21:04:35,merchant_payment,out,361,M0216,Khichuri Kitchen (Rajshahi),merchant,restaurant,eating_out,eating_out,44648,44287,0,none,,,0
T0002735,D0003,shop_owner,2026-09-02 21:37:44,receive_money,in,581,01041452024,,person,none,income,,7438,8019,0,none,,,0
T0002736,D0002,student,2026-09-03 00:08:14,send_money,out,350,01068257606,Shirin (friend),person,none,personal_transfer,friend,402,52,0,none,,,0
T0002737,D0002,student,2026-09-03 00:56:29,cash_in,in,1000,A0036,Agent point A0036,agent,none,cash_in,,52,1052,0,none,,,0
T0002738,D0002,student,2026-09-03 01:02:29,merchant_payment,out,264,M0110,Cha Adda (Dhanmondi),merchant,restaurant,eating_out,eating_out,1052,788,0,none,,,0
T0002739,D0003,shop_owner,2026-09-03 08:09:00,receive_money,in,126,01075000971,,person,none,income,,8019,8145,0,none,,,0
T0002740,D0001,salaried,2026-09-03 09:06:29,merchant_payment,out,102,M0222,City Ride (Savar),merchant,transport,transport,transport,44287,44185,0,none,,,0
T0002741,D0003,shop_owner,2026-09-03 09:06:40,receive_money,in,692,01015543456,,person,none,income,,8145,8837,0,none,,,0
T0002742,D0003,shop_owner,2026-09-03 09:43:24,receive_money,in,730,01028781886,,person,none,income,,8837,9567,0,none,,,0
T0002743,D0003,shop_owner,2026-09-03 10:59:59,receive_money,in,210,01022091755,,person,none,income,,9567,9777,0,none,,,0
T0002744,D0002,student,2026-09-03 11:23:50,merchant_payment,out,167,M0151,Dhaba Express (Gazipur),merchant,restaurant,eating_out,eating_out,788,621,0,none,,,0
T0002745,D0003,shop_owner,2026-09-03 11:47:52,receive_money,in,283,01001208857,,person,none,income,,9777,10060,0,none,,,0
T0002746,D0003,shop_owner,2026-09-03 12:14:57,receive_money,in,210,01051834720,,person,none,income,,10060,10270,0,none,,,0
T0002747,D0001,salaried,2026-09-03 13:04:45,send_money,out,15000,01075294314,Lima (landlord),person,none,rent,rent,44185,29185,0,none,,,0
T0002748,D0003,shop_owner,2026-09-03 13:11:52,receive_money,in,318,01090198353,,person,none,income,,10270,10588,0,none,,,0
T0002749,D0003,shop_owner,2026-09-03 14:27:59,receive_money,in,183,01032203330,,person,none,income,,10588,10771,0,none,,,0
T0002750,D0003,shop_owner,2026-09-03 16:04:45,receive_money,in,572,01063058225,,person,none,income,,10771,11343,0,none,,,0
T0002751,D0003,shop_owner,2026-09-03 17:04:57,receive_money,in,831,01069678633,,person,none,income,,11343,12174,0,none,,,0
T0002752,D0003,shop_owner,2026-09-03 17:43:14,receive_money,in,410,01018380701,,person,none,income,,12174,12584,0,none,,,0
T0002753,D0003,shop_owner,2026-09-03 17:47:04,receive_money,in,358,01091129020,,person,none,income,,12584,12942,0,none,,,0
T0002754,D0003,shop_owner,2026-09-03 18:38:08,receive_money,in,125,01065484888,,person,none,income,,12942,13067,0,none,,,0
T0002755,D0003,shop_owner,2026-09-03 19:04:23,receive_money,in,744,01072909172,,person,none,income,,13067,13811,0,none,,,0
T0002756,D0004,irregular,2026-09-03 19:16:13,receive_money,in,700,01068492665,,person,none,income,,4277,4977,0,none,,,0
T0002757,D0002,student,2026-09-03 19:30:26,merchant_payment,out,78,M0151,Dhaba Express (Gazipur),merchant,restaurant,eating_out,eating_out,621,543,0,none,,,0
T0002758,D0003,shop_owner,2026-09-03 20:00:26,receive_money,in,318,01023102704,,person,none,income,,13811,14129,0,none,,,0
T0002759,D0003,shop_owner,2026-09-03 21:21:35,receive_money,in,1009,01000059615,,person,none,income,,14129,15138,0,none,,,0
T0002760,D0003,shop_owner,2026-09-03 21:26:22,receive_money,in,175,01023102704,,person,none,income,,15138,15313,0,none,,,0
T0002761,D0004,irregular,2026-09-03 22:15:46,mobile_recharge,out,50,OP-3,Operator C,operator,telecom,mobile_recharge,mobile_recharge,4977,4927,0,none,,,0
T0002762,D0002,student,2026-09-03 22:17:26,merchant_payment,out,308,M0191,Tehari House (Khulna),merchant,restaurant,eating_out,eating_out,543,235,0,none,,,0
T0002763,D0001,salaried,2026-09-04 08:39:57,send_money,out,1800,01015746624,Nipa (friend),person,none,personal_transfer,friend,29185,27385,0,none,,,0
T0002764,D0003,shop_owner,2026-09-04 10:42:20,merchant_payment,out,3606,M0453,Mohajon Supply (Chattogram),merchant,wholesale,business_supplies,business_supplies,15313,11707,0,none,,,0
T0002765,D0002,student,2026-09-04 15:03:06,merchant_payment,out,127,M0189,Tehari House (Chattogram),merchant,restaurant,eating_out,eating_out,235,108,0,none,,,0
T0002766,D0001,salaried,2026-09-04 16:23:55,merchant_payment,out,446,M0216,Khichuri Kitchen (Rajshahi),merchant,restaurant,eating_out,eating_out,27385,26939,0,none,,,0
T0002767,D0002,student,2026-09-04 19:26:02,merchant_payment,out,57,M0272,Launch Ticket Desk (Narayanganj),merchant,transport,transport,transport,108,51,0,none,,,0
T0002768,D0003,shop_owner,2026-09-04 20:54:11,merchant_payment,out,8643,M0453,Mohajon Supply (Chattogram),merchant,wholesale,business_supplies,business_supplies,11707,3064,0,none,,,0
T0002769,D0003,shop_owner,2026-09-05 07:03:29,mobile_recharge,out,300,OP-2,Operator B,operator,telecom,mobile_recharge,mobile_recharge,3064,2764,0,none,,,0
T0002770,D0003,shop_owner,2026-09-05 09:14:07,receive_money,in,112,01010366217,,person,none,income,,2764,2876,0,none,,,0
T0002771,D0003,shop_owner,2026-09-05 10:06:59,mobile_recharge,out,100,OP-2,Operator B,operator,telecom,mobile_recharge,mobile_recharge,2876,2776,0,none,,,0
T0002772,D0001,salaried,2026-09-05 10:31:48,send_money,out,8000,01060431815,Sumaiya (family),person,none,family_support,family_support,26939,18939,0,none,,,0
T0002773,D0003,shop_owner,2026-09-05 10:54:23,receive_money,in,876,01048869284,,person,none,income,,2776,3652,0,none,,,0
T0002774,D0003,shop_owner,2026-09-05 10:58:18,receive_money,in,713,01069678633,,person,none,income,,3652,4365,0,none,,,0
T0002775,D0004,irregular,2026-09-05 14:07:04,merchant_payment,out,316,M0082,Kacha Bazar Shop (Sylhet),merchant,grocery,groceries,groceries,4927,4611,0,none,,,0
T0002776,D0003,shop_owner,2026-09-05 14:31:37,receive_money,in,504,01013503147,,person,none,income,,4365,4869,0,none,,,0
T0002777,D0003,shop_owner,2026-09-05 15:28:30,receive_money,in,2317,01054972522,,person,none,income,,4869,7186,0,none,,,0
T0002778,D0003,shop_owner,2026-09-05 17:22:02,cash_in,in,1500,A0241,Agent point A0241,agent,none,cash_in,,7186,8686,0,none,,,0
T0002779,D0003,shop_owner,2026-09-05 17:46:02,cash_out,out,8000,A0241,Agent point A0241,agent,none,cash_withdrawal,cash_withdrawal,8686,686,0,none,,,0
T0002780,D0003,shop_owner,2026-09-05 17:46:20,receive_money,in,127,01049995844,,person,none,income,,686,813,0,none,,,0
T0002781,D0003,shop_owner,2026-09-05 19:38:38,cash_in,in,1000,A0137,Agent point A0137,agent,none,cash_in,,813,1813,0,none,,,0
T0002782,D0003,shop_owner,2026-09-05 20:21:38,send_money,out,1600,01014602012,Poly (friend),person,none,personal_transfer,friend,1813,213,0,none,,,0
T0002783,D0001,salaried,2026-09-05 22:18:22,send_money,out,1800,01094533718,Babul (friend),person,none,personal_transfer,friend,18939,17139,0,none,,,0
T0002784,D0001,salaried,2026-09-05 22:23:02,merchant_payment,out,344,M0216,Khichuri Kitchen (Rajshahi),merchant,restaurant,eating_out,eating_out,17139,16795,0,none,,,0
T0002785,D0003,shop_owner,2026-09-05 22:29:37,receive_money,in,470,01023330004,,person,none,income,,213,683,0,none,,,0
T0002786,D0003,shop_owner,2026-09-06 08:23:54,receive_money,in,477,01093744108,,person,none,income,,683,1160,0,none,,,0
T0002787,D0003,shop_owner,2026-09-06 11:02:20,receive_money,in,519,01075862596,,person,none,income,,1160,1679,0,none,,,0
T0002788,D0003,shop_owner,2026-09-06 11:50:37,receive_money,in,590,01048531514,,person,none,income,,1679,2269,0,none,,,0
T0002789,D0003,shop_owner,2026-09-06 13:17:37,receive_money,in,659,01032933416,,person,none,income,,2269,2928,0,none,,,0
T0002790,D0004,irregular,2026-09-06 13:32:09,receive_money,in,700,01060750274,Jahid (client),person,none,income,,4611,5311,0,none,,,0
T0002791,D0003,shop_owner,2026-09-06 16:05:41,receive_money,in,150,01014099709,,person,none,income,,2928,3078,0,none,,,0
T0002792,D0003,shop_owner,2026-09-06 16:27:34,receive_money,in,203,01028960200,,person,none,income,,3078,3281,0,none,,,0
T0002793,D0002,student,2026-09-06 16:39:28,cash_in,in,1000,A0036,Agent point A0036,agent,none,cash_in,,51,1051,0,none,,,0
T0002794,D0003,shop_owner,2026-09-06 16:46:16,receive_money,in,417,01041211498,,person,none,income,,3281,3698,0,none,,,0
T0002795,D0002,student,2026-09-06 16:52:28,merchant_payment,out,164,M0272,Launch Ticket Desk (Narayanganj),merchant,transport,transport,transport,1051,887,0,none,,,0
T0002796,D0003,shop_owner,2026-09-06 18:13:57,receive_money,in,819,01047752703,,person,none,income,,3698,4517,0,none,,,0
T0002797,D0004,irregular,2026-09-06 19:30:57,receive_money,in,1350,01013162662,,person,none,income,,5311,6661,0,none,,,0
T0002798,D0003,shop_owner,2026-09-06 19:55:57,receive_money,in,672,01083221969,,person,none,income,,4517,5189,0,none,,,0
T0002799,D0003,shop_owner,2026-09-06 20:23:06,receive_money,in,824,01032933416,,person,none,income,,5189,6013,0,none,,,0
T0002800,D0003,shop_owner,2026-09-06 20:45:40,receive_money,in,456,01000059615,,person,none,income,,6013,6469,0,none,,,0
T0002801,D0003,shop_owner,2026-09-06 21:30:01,receive_money,in,228,01020697894,,person,none,income,,6469,6697,0,none,,,0
T0002802,D0001,salaried,2026-09-06 21:42:24,merchant_payment,out,285,M0222,City Ride (Savar),merchant,transport,transport,transport,16795,16510,0,none,,,0
T0002803,D0003,shop_owner,2026-09-06 22:02:16,receive_money,in,195,01006535604,,person,none,income,,6697,6892,0,none,,,0
T0002804,D0004,irregular,2026-09-06 22:08:47,send_money,out,6500,01037459710,Ruma (family),person,none,family_support,family_support,6661,161,0,none,,,0
T0002805,D0003,shop_owner,2026-09-07 06:08:25,receive_money,in,1459,01052889414,,person,none,income,,6892,8351,0,none,,,0
T0002806,D0001,salaried,2026-09-07 07:08:30,merchant_payment,out,192,M0271,Launch Ticket Desk (Gazipur),merchant,transport,transport,transport,16510,16318,0,none,,,0
T0002807,D0003,shop_owner,2026-09-07 07:23:47,receive_money,in,646,01023102704,,person,none,income,,8351,8997,0,none,,,0
T0002808,D0003,shop_owner,2026-09-07 08:13:00,receive_money,in,458,01058137883,,person,none,income,,8997,9455,0,none,,,0
T0002809,D0003,shop_owner,2026-09-07 08:57:30,receive_money,in,192,01020836621,,person,none,income,,9455,9647,0,none,,,0
T0002810,D0003,shop_owner,2026-09-07 08:57:35,cash_in,in,8500,A0170,Agent point A0170,agent,none,cash_in,,9647,18147,0,none,,,0
T0002811,D0003,shop_owner,2026-09-07 09:12:55,send_money,out,17500,01062734169,Shanto (landlord),person,none,rent,rent,18147,647,0,none,,,0
T0002812,D0003,shop_owner,2026-09-07 09:23:26,receive_money,in,260,01099011692,,person,none,income,,647,907,0,none,,,0
T0002813,D0003,shop_owner,2026-09-07 10:03:40,receive_money,in,236,01018814723,,person,none,income,,907,1143,0,none,,,0
T0002814,D0003,shop_owner,2026-09-07 10:16:37,receive_money,in,1548,01070422014,,person,none,income,,1143,2691,0,none,,,0
T0002815,D0003,shop_owner,2026-09-07 10:34:36,receive_money,in,44,01023102704,,person,none,income,,2691,2735,0,none,,,0
T0002816,D0003,shop_owner,2026-09-07 11:52:20,receive_money,in,354,01026106854,,person,none,income,,2735,3089,0,none,,,0
T0002817,D0004,irregular,2026-09-07 12:50:42,mobile_recharge,out,50,OP-3,Operator C,operator,telecom,mobile_recharge,mobile_recharge,161,111,0,none,,,0
T0002818,D0003,shop_owner,2026-09-07 14:01:53,receive_money,in,1126,01062188499,,person,none,income,,3089,4215,0,none,,,0
T0002819,D0001,salaried,2026-09-07 14:31:44,merchant_payment,out,92,M0226,City Ride (Sylhet),merchant,transport,transport,transport,16318,16226,0,none,,,0
T0002820,D0003,shop_owner,2026-09-07 14:43:50,receive_money,in,509,01047094566,,person,none,income,,4215,4724,0,none,,,0
T0002821,D0003,shop_owner,2026-09-07 15:22:45,receive_money,in,985,01087565656,,person,none,income,,4724,5709,0,none,,,0
T0002822,D0004,irregular,2026-09-07 16:11:12,receive_money,in,850,01056705803,,person,none,income,,111,961,0,none,,,0
T0002823,D0003,shop_owner,2026-09-07 17:15:41,receive_money,in,243,01009459791,,person,none,income,,5709,5952,0,none,,,0
T0002824,D0001,salaried,2026-09-07 19:15:54,merchant_payment,out,882,M0304,Rong Fashion (Mohammadpur),merchant,online_shop,shopping,shopping,16226,15344,0,none,,,0
T0002825,D0001,salaried,2026-09-07 19:27:58,merchant_payment,out,410,M0216,Khichuri Kitchen (Rajshahi),merchant,restaurant,eating_out,eating_out,15344,14934,0,none,,,0
T0002826,D0003,shop_owner,2026-09-07 20:58:46,receive_money,in,119,01014033484,,person,none,income,,5952,6071,0,none,,,0
T0002827,D0003,shop_owner,2026-09-07 21:35:03,merchant_payment,out,257,M0262,Jatri Ride (Sylhet),merchant,transport,transport,transport,6071,5814,0,none,,,0
T0002828,D0002,student,2026-09-08 09:51:57,receive_money,in,13000,01090664167,Mamun (parent),person,none,income,,887,13887,0,none,,,0
T0002829,D0003,shop_owner,2026-09-08 10:27:58,receive_money,in,831,01049968486,,person,none,income,,5814,6645,0,none,,,0
T0002830,D0003,shop_owner,2026-09-08 10:45:18,receive_money,in,618,01050764031,,person,none,income,,6645,7263,0,none,,,0
T0002831,D0003,shop_owner,2026-09-08 10:47:32,receive_money,in,267,01008476285,,person,none,income,,7263,7530,0,none,,,0
T0002832,D0001,salaried,2026-09-08 10:48:07,mobile_recharge,out,100,OP-2,Operator B,operator,telecom,mobile_recharge,mobile_recharge,14934,14834,0,none,,,0
T0002833,D0003,shop_owner,2026-09-08 13:30:11,receive_money,in,199,01042617147,,person,none,income,,7530,7729,0,none,,,0
T0002834,D0001,salaried,2026-09-08 14:01:01,send_money,out,1800,01015746624,Nipa (friend),person,none,personal_transfer,friend,14834,13034,0,none,,,0
T0002835,D0003,shop_owner,2026-09-08 15:10:20,receive_money,in,342,01093819836,,person,none,income,,7729,8071,0,none,,,0
T0002836,D0004,irregular,2026-09-08 17:27:09,receive_money,in,800,01052944899,,person,none,income,,961,1761,0,none,,,0
T0002837,D0001,salaried,2026-09-08 19:18:51,send_money,out,1200,01015746624,Nipa (friend),person,none,personal_transfer,friend,13034,11834,0,none,,,0
T0002838,D0003,shop_owner,2026-09-08 19:21:13,receive_money,in,247,01089253119,,person,none,income,,8071,8318,0,none,,,0
T0002839,D0001,salaried,2026-09-08 20:25:10,bill_payment,out,1050,B-NET,FiberLink Internet,biller,utility,internet,internet,11834,10784,0,none,,,0
T0002840,D0003,shop_owner,2026-09-08 20:30:47,receive_money,in,596,01031682661,,person,none,income,,8318,8914,0,none,,,0
T0002841,D0003,shop_owner,2026-09-08 21:09:13,receive_money,in,80,01005956709,,person,none,income,,8914,8994,0,none,,,0
T0002842,D0001,salaried,2026-09-08 21:11:46,mobile_recharge,out,50,OP-2,Operator B,operator,telecom,mobile_recharge,mobile_recharge,10784,10734,0,none,,,0
T0002843,D0002,student,2026-09-08 21:42:08,merchant_payment,out,212,M0189,Tehari House (Chattogram),merchant,restaurant,eating_out,eating_out,13887,13675,0,none,,,0
T0002844,D0004,irregular,2026-09-08 22:45:40,receive_money,in,1150,01083019255,,person,none,income,,1761,2911,0,none,,,0
T0002845,D0003,shop_owner,2026-09-09 09:21:44,receive_money,in,889,01032933416,,person,none,income,,8994,9883,0,none,,,0
T0002846,D0003,shop_owner,2026-09-09 09:21:59,receive_money,in,952,01023555880,,person,none,income,,9883,10835,0,none,,,0
T0002847,D0001,salaried,2026-09-09 10:27:29,merchant_payment,out,527,M0374,Arogya Medicine Corner (Dhanmondi),merchant,pharmacy,health,health,10734,10207,0,none,,,0
T0002848,D0003,shop_owner,2026-09-09 11:31:31,receive_money,in,89,01046969452,,person,none,income,,10835,10924,0,none,,,0
T0002849,D0001,salaried,2026-09-09 11:34:18,merchant_payment,out,530,M0064,Poribar Mart (Mohammadpur),merchant,grocery,groceries,groceries,10207,9677,0,none,,,0
T0002850,D0004,irregular,2026-09-09 12:55:22,merchant_payment,out,182,M0018,Notun Bazar Mart (Savar),merchant,grocery,groceries,groceries,2911,2729,0,none,,,0
T0002851,D0003,shop_owner,2026-09-09 15:22:44,cash_in,in,6500,A0241,Agent point A0241,agent,none,cash_in,,10924,17424,0,none,,,0
T0002852,D0003,shop_owner,2026-09-09 15:51:44,merchant_payment,out,15216,M0453,Mohajon Supply (Chattogram),merchant,wholesale,business_supplies,business_supplies,17424,2208,0,none,,,0
T0002853,D0003,shop_owner,2026-09-09 17:36:50,receive_money,in,378,01095174108,,person,none,income,,2208,2586,0,none,,,0
T0002854,D0001,salaried,2026-09-09 17:39:04,merchant_payment,out,353,M0183,Tehari House (Uttara),merchant,restaurant,eating_out,eating_out,9677,9324,0,none,,,0
T0002855,D0003,shop_owner,2026-09-09 17:50:57,receive_money,in,108,01081302172,,person,none,income,,2586,2694,0,none,,,0
T0002856,D0001,salaried,2026-09-09 21:23:34,merchant_payment,out,766,M0064,Poribar Mart (Mohammadpur),merchant,grocery,groceries,groceries,9324,8558,0,none,,,0
T0002857,D0003,shop_owner,2026-09-09 21:59:44,receive_money,in,122,01018848554,,person,none,income,,2694,2816,0,none,,,0
T0002858,D0003,shop_owner,2026-09-09 23:03:05,receive_money,in,442,01020849930,,person,none,income,,2816,3258,0,none,,,0
T0002859,D0003,shop_owner,2026-09-10 02:16:48,cash_in,in,4000,A0241,Agent point A0241,agent,none,cash_in,,3258,7258,0,none,,,0
T0002860,D0003,shop_owner,2026-09-10 02:39:48,send_money,out,7000,01050188818,,person,none,family_support,family_support,7258,258,0,none,,emergency,0
T0002861,D0003,shop_owner,2026-09-10 10:31:10,receive_money,in,334,01020836621,,person,none,income,,258,592,0,none,,,0
T0002862,D0002,student,2026-09-10 11:37:52,send_money,out,450,01079187577,,person,none,personal_transfer,friend,13675,13225,0,none,,,0
T0002863,D0003,shop_owner,2026-09-10 12:49:10,receive_money,in,239,01043687032,,person,none,income,,592,831,0,none,,,0
T0002864,D0004,irregular,2026-09-10 13:34:35,mobile_recharge,out,30,OP-3,Operator C,operator,telecom,mobile_recharge,mobile_recharge,2729,2699,0,none,,,0
T0002865,D0003,shop_owner,2026-09-10 14:08:56,receive_money,in,704,01026537615,,person,none,income,,831,1535,0,none,,,0
T0002866,D0001,salaried,2026-09-10 16:12:06,bill_payment,out,2500,B-ELEC,City Electric Supply,biller,utility,electricity,electricity,8558,6058,0,none,,,0
T0002867,D0003,shop_owner,2026-09-10 19:08:07,receive_money,in,572,01030917008,,person,none,income,,1535,2107,0,none,,,0
T0002868,D0003,shop_owner,2026-09-10 20:04:39,receive_money,in,366,01072730094,,person,none,income,,2107,2473,0,none,,,0
T0002869,D0003,shop_owner,2026-09-10 22:04:41,receive_money,in,525,01069678633,,person,none,income,,2473,2998,0,none,,,0
T0002870,D0003,shop_owner,2026-09-11 10:17:37,send_money,out,600,01086180702,Sohel (friend),person,none,personal_transfer,friend,2998,2398,0,none,,,0
T0002871,D0002,student,2026-09-11 15:56:30,send_money,out,100,01032966672,Jahid (friend),person,none,personal_transfer,friend,13225,13125,0,none,,,0
T0002872,D0004,irregular,2026-09-11 20:14:24,receive_money,in,400,01020985059,Abdur (client),person,none,income,,2699,3099,0,none,,,0
T0002873,D0004,irregular,2026-09-11 20:24:04,receive_money,in,600,01020985059,Abdur (client),person,none,income,,3099,3699,0,none,,,0
T0002874,D0002,student,2026-09-11 21:11:48,merchant_payment,out,193,M0151,Dhaba Express (Gazipur),merchant,restaurant,eating_out,eating_out,13125,12932,0,none,,,0
T0002875,D0003,shop_owner,2026-09-11 21:22:26,merchant_payment,out,655,M0071,Poribar Mart (Khulna),merchant,grocery,groceries,groceries,2398,1743,0,none,,,0
T0002876,D0001,salaried,2026-09-11 21:33:47,merchant_payment,out,470,M0216,Khichuri Kitchen (Rajshahi),merchant,restaurant,eating_out,eating_out,6058,5588,0,none,,,0
T0002877,D0003,shop_owner,2026-09-12 07:06:30,receive_money,in,404,01035258795,,person,none,income,,1743,2147,0,none,,,0
T0002878,D0001,salaried,2026-09-12 07:07:28,merchant_payment,out,136,M0226,City Ride (Sylhet),merchant,transport,transport,transport,5588,5452,0,none,,,0
T0002879,D0003,shop_owner,2026-09-12 08:39:28,receive_money,in,505,01069678633,,person,none,income,,2147,2652,0,none,,,0
T0002880,D0001,salaried,2026-09-12 09:28:02,bill_payment,out,3000,B-DPS,Shonchoy DPS,biller,bank,savings,savings,5452,2452,0,none,,,0
T0002881,D0002,student,2026-09-12 09:59:49,merchant_payment,out,240,M0086,Jononi Traders (Dhanmondi),merchant,grocery,groceries,groceries,12932,12692,0,none,,,0
T0002882,D0003,shop_owner,2026-09-12 11:15:42,receive_money,in,286,01057351442,,person,none,income,,2652,2938,0,none,,,0
T0002883,D0003,shop_owner,2026-09-12 11:45:43,receive_money,in,665,01051370019,,person,none,income,,2938,3603,0,none,,,0
T0002884,D0003,shop_owner,2026-09-12 15:46:13,receive_money,in,2787,01007750713,,person,none,income,,3603,6390,0,none,,,0
T0002885,D0002,student,2026-09-12 16:37:09,receive_money,in,6000,01026757907,Rakib (client),person,none,income,,12692,18692,0,none,,,0
T0002886,D0003,shop_owner,2026-09-12 17:15:01,receive_money,in,233,01094480371,,person,none,income,,6390,6623,0,none,,,0
T0002887,D0003,shop_owner,2026-09-12 17:30:48,receive_money,in,297,01040753214,,person,none,income,,6623,6920,0,none,,,0
T0002888,D0003,shop_owner,2026-09-12 17:39:21,receive_money,in,346,01065311663,,person,none,income,,6920,7266,0,none,,,0
T0002889,D0003,shop_owner,2026-09-12 18:01:25,receive_money,in,816,01057041471,,person,none,income,,7266,8082,0,none,,,0
T0002890,D0003,shop_owner,2026-09-12 18:15:17,receive_money,in,330,01028960200,,person,none,income,,8082,8412,0,none,,,0
T0002891,D0003,shop_owner,2026-09-12 19:38:24,merchant_payment,out,228,M0252,Rail Ticket Counter (Rajshahi),merchant,transport,transport,transport,8412,8184,0,none,,,0
T0002892,D0004,irregular,2026-09-12 20:24:42,merchant_payment,out,237,M0012,Shapla General Store (Rajshahi),merchant,grocery,groceries,groceries,3699,3462,0,none,,,0
T0002893,D0003,shop_owner,2026-09-12 20:43:15,receive_money,in,102,01056874570,,person,none,income,,8184,8286,0,none,,,0
T0002894,D0003,shop_owner,2026-09-12 20:44:47,receive_money,in,405,01070117184,,person,none,income,,8286,8691,0,none,,,0
T0002895,D0001,salaried,2026-09-12 23:54:52,merchant_payment,out,359,M0183,Tehari House (Uttara),merchant,restaurant,eating_out,eating_out,2452,2093,0,none,,,0
T0002896,D0003,shop_owner,2026-09-13 07:57:32,receive_money,in,394,01091871870,,person,none,income,,8691,9085,0,none,,,0
T0002897,D0001,salaried,2026-09-13 08:51:27,merchant_payment,out,219,M0226,City Ride (Sylhet),merchant,transport,transport,transport,2093,1874,0,none,,,0
T0002898,D0003,shop_owner,2026-09-13 10:43:28,bill_payment,out,1190,B-NET,FiberLink Internet,biller,utility,internet,internet,9085,7895,0,none,,,0
T0002899,D0003,shop_owner,2026-09-13 11:06:09,receive_money,in,489,01049060805,,person,none,income,,7895,8384,0,none,,,0
T0002900,D0003,shop_owner,2026-09-13 11:33:04,receive_money,in,590,01029400295,,person,none,income,,8384,8974,0,none,,,0
T0002901,D0003,shop_owner,2026-09-13 13:55:30,receive_money,in,1393,01032933416,,person,none,income,,8974,10367,0,none,,,0
T0002902,D0003,shop_owner,2026-09-13 14:46:41,receive_money,in,315,01000059615,,person,none,income,,10367,10682,0,none,,,0
T0002903,D0003,shop_owner,2026-09-13 15:52:15,receive_money,in,270,01030747003,,person,none,income,,10682,10952,0,none,,,0
T0002904,D0003,shop_owner,2026-09-13 18:05:39,receive_money,in,485,01030655449,,person,none,income,,10952,11437,0,none,,,0
T0002905,D0003,shop_owner,2026-09-13 18:30:23,receive_money,in,608,01006727349,,person,none,income,,11437,12045,0,none,,,0
T0002906,D0003,shop_owner,2026-09-13 18:56:20,receive_money,in,320,01002959693,,person,none,income,,12045,12365,0,none,,,0
T0002907,D0003,shop_owner,2026-09-13 19:12:55,receive_money,in,313,01064982170,,person,none,income,,12365,12678,0,none,,,0
T0002908,D0004,irregular,2026-09-13 21:04:12,mobile_recharge,out,150,OP-3,Operator C,operator,telecom,mobile_recharge,mobile_recharge,3462,3312,0,none,,,0
T0002909,D0003,shop_owner,2026-09-13 21:11:37,receive_money,in,485,01051658497,,person,none,income,,12678,13163,0,none,,,0
T0002910,D0004,irregular,2026-09-13 21:13:27,cash_out,out,500,A0038,Agent point A0038,agent,none,cash_withdrawal,cash_withdrawal,3312,2812,0,none,,,0
T0002911,D0002,student,2026-09-13 21:36:37,cash_out,out,14500,A0036,Agent point A0036,agent,none,cash_withdrawal,cash_withdrawal,18692,4192,0,none,,,0
T0002912,D0003,shop_owner,2026-09-13 22:29:12,receive_money,in,1234,01060219015,,person,none,income,,13163,14397,0,none,,,0
T0002913,D0003,shop_owner,2026-09-13 22:29:22,receive_money,in,377,01088374662,,person,none,income,,14397,14774,0,none,,,0
T0002914,D0003,shop_owner,2026-09-14 10:02:29,receive_money,in,285,01040207356,,person,none,income,,14774,15059,0,none,,,0
T0002915,D0003,shop_owner,2026-09-14 10:17:54,receive_money,in,568,01006535604,,person,none,income,,15059,15627,0,none,,,0
T0002916,D0002,student,2026-09-14 11:18:45,mobile_recharge,out,50,OP-2,Operator B,operator,telecom,mobile_recharge,mobile_recharge,4192,4142,0,none,,,0
T0002917,D0003,shop_owner,2026-09-14 11:30:39,cash_out,out,7000,A0079,Agent point A0079,agent,none,cash_withdrawal,cash_withdrawal,15627,8627,0,none,,,0
T0002918,D0002,student,2026-09-14 14:36:28,send_money,out,1100,01072774469,,person,none,shopping,purchase,4142,3042,0,none,,,0
T0002919,D0003,shop_owner,2026-09-14 15:52:46,receive_money,in,242,01020836621,,person,none,income,,8627,8869,0,none,,,0
T0002920,D0003,shop_owner,2026-09-14 16:54:57,bill_payment,out,3618,B-ELEC,City Electric Supply,biller,utility,electricity,electricity,8869,5251,0,none,,,0
T0002921,D0003,shop_owner,2026-09-14 17:00:25,receive_money,in,420,01030085683,,person,none,income,,5251,5671,0,none,,,0
T0002922,D0003,shop_owner,2026-09-14 17:30:37,receive_money,in,467,01040651151,,person,none,income,,5671,6138,0,none,,,0
T0002923,D0003,shop_owner,2026-09-14 17:45:31,receive_money,in,546,01006308352,,person,none,income,,6138,6684,0,none,,,0
T0002924,D0004,irregular,2026-09-14 17:59:27,cash_out,out,1300,A0239,Agent point A0239,agent,none,cash_withdrawal,cash_withdrawal,2812,1512,0,none,,,0
T0002925,D0003,shop_owner,2026-09-14 19:42:52,cash_in,in,1000,A0241,Agent point A0241,agent,none,cash_in,,6684,7684,0,none,,,0
T0002926,D0003,shop_owner,2026-09-14 20:10:52,merchant_payment,out,6827,M0459,Bikroy Distributors (Uttara),merchant,wholesale,business_supplies,business_supplies,7684,857,0,none,,,0
T0002927,D0003,shop_owner,2026-09-14 20:42:42,receive_money,in,256,01023102704,,person,none,income,,857,1113,0,none,,,0
T0002928,D0003,shop_owner,2026-09-14 20:59:04,receive_money,in,326,01032943745,,person,none,income,,1113,1439,0,none,,,0
T0002929,D0003,shop_owner,2026-09-14 21:32:54,receive_money,in,1948,01073387105,,person,none,income,,1439,3387,0,none,,,0
T0002930,D0001,salaried,2026-09-14 21:39:31,merchant_payment,out,325,M0216,Khichuri Kitchen (Rajshahi),merchant,restaurant,eating_out,eating_out,1874,1549,0,none,,,0
T0002931,D0003,shop_owner,2026-09-14 22:45:23,receive_money,in,32,01028781886,,person,none,income,,3387,3419,0,none,,,0
T0002932,D0003,shop_owner,2026-09-15 06:53:06,receive_money,in,114,01049112123,,person,none,income,,3419,3533,0,none,,,0
T0002933,D0003,shop_owner,2026-09-15 08:41:39,receive_money,in,220,01055736199,,person,none,income,,3533,3753,0,none,,,0
T0002934,D0002,student,2026-09-15 08:55:03,merchant_payment,out,113,M0272,Launch Ticket Desk (Narayanganj),merchant,transport,transport,transport,3042,2929,0,none,,,0
T0002935,D0003,shop_owner,2026-09-15 09:48:17,cash_in,in,37500,A0241,Agent point A0241,agent,none,cash_in,,3753,41253,0,none,,,0
T0002936,D0003,shop_owner,2026-09-15 10:15:17,cash_out,out,36000,A0143,Agent point A0143,agent,none,cash_withdrawal,cash_withdrawal,41253,5253,0,none,,big_cashout,0
T0002937,D0003,shop_owner,2026-09-15 10:21:03,receive_money,in,843,01049112123,,person,none,income,,5253,6096,0,none,,,0
T0002938,D0003,shop_owner,2026-09-15 11:43:56,receive_money,in,179,01091871870,,person,none,income,,6096,6275,0,none,,,0
T0002939,D0003,shop_owner,2026-09-15 16:07:23,receive_money,in,175,01054353847,,person,none,income,,6275,6450,0,none,,,0
T0002940,D0001,salaried,2026-09-15 16:40:04,bill_payment,out,1080,B-GAS,Metro Gas,biller,utility,gas,gas,1549,469,0,none,,,0
T0002941,D0004,irregular,2026-09-15 16:56:52,mobile_recharge,out,50,OP-3,Operator C,operator,telecom,mobile_recharge,mobile_recharge,1512,1462,0,none,,,0
T0002942,D0004,irregular,2026-09-15 19:05:40,receive_money,in,1350,01039794523,,person,none,income,,1462,2812,0,none,,,0
T0002943,D0003,shop_owner,2026-09-15 20:01:32,receive_money,in,323,01014033484,,person,none,income,,6450,6773,0,none,,,0
T0002944,D0003,shop_owner,2026-09-15 20:12:07,receive_money,in,300,01011260972,,person,none,income,,6773,7073,0,none,,,0
T0002945,D0004,irregular,2026-09-15 20:17:38,mobile_recharge,out,100,OP-3,Operator C,operator,telecom,mobile_recharge,mobile_recharge,2812,2712,0,none,,,0
T0002946,D0003,shop_owner,2026-09-15 21:20:55,receive_money,in,516,01046123973,,person,none,income,,7073,7589,0,none,,,0
T0002947,D0003,shop_owner,2026-09-15 21:56:58,send_money,out,2000,01014602012,Poly (friend),person,none,personal_transfer,friend,7589,5589,0,none,,,0
T0002948,D0004,irregular,2026-09-16 00:07:13,mobile_recharge,out,30,OP-3,Operator C,operator,telecom,other,mobile_recharge,2712,2682,0,none,,,0
T0002949,D0004,irregular,2026-09-16 08:17:37,merchant_payment,out,109,M0221,City Ride (Banani),merchant,transport,transport,transport,2682,2573,0,none,,,0
T0002950,D0002,student,2026-09-16 10:00:01,merchant_payment,out,134,M0086,Jononi Traders (Dhanmondi),merchant,grocery,groceries,groceries,2929,2795,0,none,,,0
T0002951,D0003,shop_owner,2026-09-16 10:15:19,merchant_payment,out,1281,M0018,Notun Bazar Mart (Savar),merchant,grocery,groceries,groceries,5589,4308,0,none,,,0
T0002952,D0003,shop_owner,2026-09-16 11:10:57,receive_money,in,977,01000059615,,person,none,income,,4308,5285,0,none,,,0
T0002953,D0003,shop_owner,2026-09-16 11:20:04,receive_money,in,1653,01003792924,,person,none,income,,5285,6938,0,none,,,0
T0002954,D0003,shop_owner,2026-09-16 12:49:22,receive_money,in,615,01069678633,,person,none,income,,6938,7553,0,none,,,0
T0002955,D0003,shop_owner,2026-09-16 13:10:42,receive_money,in,959,01002124328,,person,none,income,,7553,8512,0,none,,,0
T0002956,D0003,shop_owner,2026-09-16 14:11:12,receive_money,in,186,01023102704,,person,none,income,,8512,8698,0,none,,,0
T0002957,D0003,shop_owner,2026-09-16 16:13:50,merchant_payment,out,392,M0071,Poribar Mart (Khulna),merchant,grocery,groceries,groceries,8698,8306,0,none,,,0
T0002958,D0003,shop_owner,2026-09-16 17:05:29,receive_money,in,470,01014033484,,person,none,income,,8306,8776,0,none,,,0
T0002959,D0003,shop_owner,2026-09-16 17:24:59,receive_money,in,155,01049112123,,person,none,income,,8776,8931,0,none,,,0
T0002960,D0003,shop_owner,2026-09-16 17:36:21,receive_money,in,151,01014099709,,person,none,income,,8931,9082,0,none,,,0
T0002961,D0003,shop_owner,2026-09-16 17:41:28,mobile_recharge,out,50,OP-2,Operator B,operator,telecom,mobile_recharge,mobile_recharge,9082,9032,0,none,,,0
T0002962,D0003,shop_owner,2026-09-16 18:47:29,receive_money,in,912,01013503147,,person,none,income,,9032,9944,0,none,,,0
T0002963,D0003,shop_owner,2026-09-16 18:59:33,receive_money,in,1287,01053360791,,person,none,income,,9944,11231,0,none,,,0
T0002964,D0003,shop_owner,2026-09-16 19:24:22,merchant_payment,out,457,M0107,Biryani Ghor (Khulna),merchant,restaurant,eating_out,eating_out,11231,10774,0,none,,,0
T0002965,D0003,shop_owner,2026-09-16 19:38:05,receive_money,in,481,01093557300,,person,none,income,,10774,11255,0,none,,,0
T0002966,D0003,shop_owner,2026-09-16 19:59:32,receive_money,in,163,01024256377,,person,none,income,,11255,11418,0,none,,,0
T0002967,D0003,shop_owner,2026-09-16 20:20:46,receive_money,in,115,01093135083,,person,none,income,,11418,11533,0,none,,,0
T0002968,D0004,irregular,2026-09-16 20:37:50,receive_money,in,450,01020985059,Abdur (client),person,none,income,,2573,3023,0,none,,,0
T0002969,D0003,shop_owner,2026-09-16 20:48:53,receive_money,in,354,01001769515,,person,none,income,,11533,11887,0,none,,,0
T0002970,D0002,student,2026-09-16 20:51:31,merchant_payment,out,100,M0272,Launch Ticket Desk (Narayanganj),merchant,transport,transport,transport,2795,2695,0,none,,,0
T0002971,D0003,shop_owner,2026-09-16 20:55:32,receive_money,in,613,01072887968,,person,none,income,,11887,12500,0,none,,,0
T0002972,D0001,salaried,2026-09-16 20:57:50,merchant_payment,out,363,M0216,Khichuri Kitchen (Rajshahi),merchant,restaurant,eating_out,eating_out,469,106,0,none,,,0
T0002973,D0001,salaried,2026-09-16 21:17:51,cash_in,in,4000,A0130,Agent point A0130,agent,none,cash_in,,106,4106,0,none,,,0
T0002974,D0003,shop_owner,2026-09-16 21:33:42,receive_money,in,208,01053743711,,person,none,income,,12500,12708,0,none,,,0
T0002975,D0001,salaried,2026-09-16 21:56:51,send_money,out,2300,01094533718,Babul (friend),person,none,personal_transfer,friend,4106,1806,0,none,,,0
T0002976,D0004,irregular,2026-09-17 09:22:53,send_money,out,1200,01039261745,Arif (friend),person,none,personal_transfer,friend,3023,1823,0,none,,,0
T0002977,D0003,shop_owner,2026-09-17 11:40:30,receive_money,in,383,01094856746,,person,none,income,,12708,13091,0,none,,,0
T0002978,D0003,shop_owner,2026-09-17 13:56:04,receive_money,in,215,01011862589,,person,none,income,,13091,13306,0,none,,,0
T0002979,D0002,student,2026-09-17 15:19:57,send_money,out,550,01068257606,Shirin (friend),person,none,personal_transfer,friend,2695,2145,0,none,,,0
T0002980,D0004,irregular,2026-09-17 16:40:07,receive_money,in,850,01079173674,,person,none,income,,1823,2673,0,none,,,0
T0002981,D0001,salaried,2026-09-17 17:00:05,merchant_payment,out,199,M0226,City Ride (Sylhet),merchant,transport,transport,transport,1806,1607,0,none,,,0
T0002982,D0003,shop_owner,2026-09-17 18:07:37,receive_money,in,355,01020836621,,person,none,income,,13306,13661,0,none,,,0
T0002983,D0003,shop_owner,2026-09-17 19:22:48,receive_money,in,546,01091871870,,person,none,income,,13661,14207,0,none,,,0
T0002984,D0003,shop_owner,2026-09-17 19:30:43,receive_money,in,1120,01000059615,,person,none,income,,14207,15327,0,none,,,0
T0002985,D0002,student,2026-09-17 21:57:49,mobile_recharge,out,50,OP-2,Operator B,operator,telecom,mobile_recharge,mobile_recharge,2145,2095,0,none,,,0
T0002986,D0003,shop_owner,2026-09-17 22:58:50,receive_money,in,203,01088189109,,person,none,income,,15327,15530,0,none,,,0
T0002987,D0001,salaried,2026-09-18 07:39:33,merchant_payment,out,132,M0222,City Ride (Savar),merchant,transport,transport,transport,1607,1475,0,none,,,0
T0002988,D0002,student,2026-09-18 18:36:23,send_money,out,2000,01000398726,,person,none,shopping,purchase,2095,95,0,none,,,0
T0002989,D0004,irregular,2026-09-18 21:34:04,mobile_recharge,out,30,OP-3,Operator C,operator,telecom,mobile_recharge,mobile_recharge,2673,2643,0,none,,,0
T0002990,D0001,salaried,2026-09-18 21:43:13,merchant_payment,out,351,M0183,Tehari House (Uttara),merchant,restaurant,eating_out,eating_out,1475,1124,0,none,,,0
T0002991,D0003,shop_owner,2026-09-19 08:18:42,receive_money,in,499,01066588010,,person,none,income,,15530,16029,0,none,,,0
T0002992,D0003,shop_owner,2026-09-19 08:35:16,receive_money,in,329,01025488267,,person,none,income,,16029,16358,0,none,,,0
T0002993,D0003,shop_owner,2026-09-19 08:40:55,receive_money,in,439,01080041372,,person,none,income,,16358,16797,0,none,,,0
T0002994,D0004,irregular,2026-09-19 09:53:50,receive_money,in,1250,01093614877,Hasib (client),person,none,income,,2643,3893,0,none,,,0
T0002995,D0003,shop_owner,2026-09-19 13:23:58,receive_money,in,150,01079948192,,person,none,income,,16797,16947,0,none,,,0
T0002996,D0003,shop_owner,2026-09-19 13:31:15,receive_money,in,233,01050625675,,person,none,income,,16947,17180,0,none,,,0
T0002997,D0004,irregular,2026-09-19 14:55:25,send_money,out,3500,01037459710,Ruma (family),person,none,family_support,family_support,3893,393,0,none,,,0
T0002998,D0003,shop_owner,2026-09-19 14:59:39,receive_money,in,551,01013503147,,person,none,income,,17180,17731,0,none,,,0
T0002999,D0003,shop_owner,2026-09-19 17:34:43,receive_money,in,575,01036398468,,person,none,income,,17731,18306,0,none,,,0
T0003000,D0003,shop_owner,2026-09-19 17:52:17,receive_money,in,692,01047482430,,person,none,income,,18306,18998,0,none,,,0
T0003001,D0001,salaried,2026-09-19 18:44:37,cash_in,in,1000,A0130,Agent point A0130,agent,none,cash_in,,1124,2124,0,none,,,0
T0003002,D0001,salaried,2026-09-19 18:50:37,merchant_payment,out,1207,M0003,Shapla General Store (Uttara),merchant,grocery,groceries,groceries,2124,917,0,none,,,0
T0003003,D0003,shop_owner,2026-09-19 19:17:59,receive_money,in,244,01047097081,,person,none,income,,18998,19242,0,none,,,0
T0003004,D0002,student,2026-09-19 19:24:09,cash_in,in,500,A0036,Agent point A0036,agent,none,cash_in,,95,595,0,none,,,0
T0003005,D0001,salaried,2026-09-19 19:25:40,merchant_payment,out,317,M0216,Khichuri Kitchen (Rajshahi),merchant,restaurant,eating_out,eating_out,917,600,0,none,,,0
T0003006,D0002,student,2026-09-19 19:45:09,merchant_payment,out,344,M0247,Rail Ticket Counter (Gazipur),merchant,transport,transport,transport,595,251,0,none,,,0
T0003007,D0003,shop_owner,2026-09-19 20:19:37,receive_money,in,606,01072863351,,person,none,income,,19242,19848,0,none,,,0
T0003008,D0003,shop_owner,2026-09-19 20:20:36,receive_money,in,231,01036389231,,person,none,income,,19848,20079,0,none,,,0
T0003009,D0003,shop_owner,2026-09-19 20:54:28,receive_money,in,753,01089006069,,person,none,income,,20079,20832,0,none,,,0
T0003010,D0003,shop_owner,2026-09-19 20:58:28,receive_money,in,2133,01077873097,,person,none,income,,20832,22965,0,none,,,0
T0003011,D0003,shop_owner,2026-09-19 21:22:39,receive_money,in,780,01057690111,,person,none,income,,22965,23745,0,none,,,0
T0003012,D0001,salaried,2026-09-19 21:25:23,cash_in,in,2000,A0130,Agent point A0130,agent,none,cash_in,,600,2600,0,none,,,0
T0003013,D0003,shop_owner,2026-09-19 21:54:14,receive_money,in,5072,01028960200,,person,none,income,,23745,28817,0,none,,,0
T0003014,D0001,salaried,2026-09-19 22:01:23,merchant_payment,out,683,M0064,Poribar Mart (Mohammadpur),merchant,grocery,groceries,groceries,2600,1917,0,none,,,0
T0003015,D0001,salaried,2026-09-19 22:35:13,merchant_payment,out,563,M0064,Poribar Mart (Mohammadpur),merchant,grocery,groceries,groceries,1917,1354,0,none,,,0
T0003016,D0002,student,2026-09-19 22:38:41,cash_in,in,1000,A0036,Agent point A0036,agent,none,cash_in,,251,1251,0,none,,,0
T0003017,D0002,student,2026-09-19 22:45:41,merchant_payment,out,292,M0189,Tehari House (Chattogram),merchant,restaurant,eating_out,eating_out,1251,959,0,none,,,0
T0003018,D0004,irregular,2026-09-19 23:31:44,receive_money,in,250,01003072603,,person,none,income,,393,643,0,none,,,0
T0003019,D0003,shop_owner,2026-09-20 08:08:56,receive_money,in,271,01091871870,,person,none,income,,28817,29088,0,none,,,0
T0003020,D0003,shop_owner,2026-09-20 08:30:27,receive_money,in,470,01009041477,,person,none,income,,29088,29558,0,none,,,0
T0003021,D0003,shop_owner,2026-09-20 09:14:01,receive_money,in,299,01042677229,,person,none,income,,29558,29857,0,none,,,0
T0003022,D0003,shop_owner,2026-09-20 13:41:27,merchant_payment,out,4713,M0446,Mohajon Supply (Dhanmondi),merchant,wholesale,business_supplies,business_supplies,29857,25144,0,none,,,0
T0003023,D0003,shop_owner,2026-09-20 15:13:49,receive_money,in,256,01092032409,,person,none,income,,25144,25400,0,none,,,0
T0003024,D0003,shop_owner,2026-09-20 15:27:06,receive_money,in,307,01006535604,,person,none,income,,25400,25707,0,none,,,0
T0003025,D0003,shop_owner,2026-09-20 15:44:59,receive_money,in,433,01094480371,,person,none,income,,25707,26140,0,none,,,0
T0003026,D0004,irregular,2026-09-20 16:03:07,cash_out,out,200,A0040,Agent point A0040,agent,none,cash_withdrawal,cash_withdrawal,643,443,0,none,,,0
T0003027,D0001,salaried,2026-09-20 16:16:04,bill_payment,out,617,B-WATER,City Water Authority,biller,utility,water,water,1354,737,0,none,,,0
T0003028,D0003,shop_owner,2026-09-20 16:24:18,receive_money,in,538,01087363414,,person,none,income,,26140,26678,0,none,,,0
T0003029,D0003,shop_owner,2026-09-20 16:53:16,receive_money,in,339,01001769515,,person,none,income,,26678,27017,0,none,,,0
T0003030,D0003,shop_owner,2026-09-20 18:25:30,receive_money,in,158,01039847431,,person,none,income,,27017,27175,0,none,,,0
T0003031,D0003,shop_owner,2026-09-20 18:31:03,merchant_payment,out,277,M0262,Jatri Ride (Sylhet),merchant,transport,transport,transport,27175,26898,0,none,,,0
T0003032,D0003,shop_owner,2026-09-20 19:15:40,receive_money,in,327,01073387105,,person,none,income,,26898,27225,0,none,,,0
T0003033,D0004,irregular,2026-09-20 19:19:57,mobile_recharge,out,50,OP-3,Operator C,operator,telecom,mobile_recharge,mobile_recharge,443,393,0,none,,,0
T0003034,D0001,salaried,2026-09-20 19:34:17,cash_in,in,2500,A0130,Agent point A0130,agent,none,cash_in,,737,3237,0,none,,,0
T0003035,D0001,salaried,2026-09-20 19:46:17,send_money,out,1500,01015746624,Nipa (friend),person,none,personal_transfer,friend,3237,1737,0,none,,,0
T0003036,D0004,irregular,2026-09-20 22:49:10,mobile_recharge,out,150,OP-3,Operator C,operator,telecom,mobile_recharge,mobile_recharge,393,243,0,none,,,0
T0003037,D0003,shop_owner,2026-09-20 23:23:49,receive_money,in,520,01071417421,,person,none,income,,27225,27745,0,none,,,0
T0003038,D0003,shop_owner,2026-09-21 08:43:25,receive_money,in,504,01074539591,,person,none,income,,27745,28249,0,none,,,0
T0003039,D0003,shop_owner,2026-09-21 11:55:03,receive_money,in,212,01069705666,,person,none,income,,28249,28461,0,none,,,0
T0003040,D0003,shop_owner,2026-09-21 13:05:13,receive_money,in,694,01032933416,,person,none,income,,28461,29155,0,none,,,0
T0003041,D0003,shop_owner,2026-09-21 14:09:30,receive_money,in,108,01031882807,,person,none,income,,29155,29263,0,none,,,0
T0003042,D0003,shop_owner,2026-09-21 15:49:44,receive_money,in,550,01081500092,,person,none,income,,29263,29813,0,none,,,0
T0003043,D0003,shop_owner,2026-09-21 16:26:06,merchant_payment,out,601,M0079,Kacha Bazar Shop (Gazipur),merchant,grocery,groceries,groceries,29813,29212,0,none,,,0
T0003044,D0003,shop_owner,2026-09-21 17:17:46,receive_money,in,1192,01035798773,,person,none,income,,29212,30404,0,none,,,0
T0003045,D0003,shop_owner,2026-09-21 18:01:49,receive_money,in,501,01075023481,,person,none,income,,30404,30905,0,none,,,0
T0003046,D0003,shop_owner,2026-09-21 18:32:27,receive_money,in,514,01092768835,,person,none,income,,30905,31419,0,none,,,0
T0003047,D0003,shop_owner,2026-09-21 18:34:30,receive_money,in,494,01048443831,,person,none,income,,31419,31913,0,none,,,0
T0003048,D0003,shop_owner,2026-09-21 18:37:54,receive_money,in,298,01006535604,,person,none,income,,31913,32211,0,none,,,0
T0003049,D0003,shop_owner,2026-09-21 18:42:03,receive_money,in,142,01047752703,,person,none,income,,32211,32353,0,none,,,0
T0003050,D0001,salaried,2026-09-21 18:42:36,merchant_payment,out,368,M0216,Khichuri Kitchen (Rajshahi),merchant,restaurant,eating_out,eating_out,1737,1369,0,none,,,0
T0003051,D0003,shop_owner,2026-09-21 19:43:42,receive_money,in,803,01014033484,,person,none,income,,32353,33156,0,none,,,0
T0003052,D0004,irregular,2026-09-21 19:52:32,send_money,out,150,01016485428,Mamun (friend),person,none,personal_transfer,friend,243,93,0,none,,,0
T0003053,D0004,irregular,2026-09-21 20:39:26,receive_money,in,750,01013933100,,person,none,income,,93,843,0,none,,,0
T0003054,D0003,shop_owner,2026-09-21 20:50:57,receive_money,in,331,01054815727,,person,none,income,,33156,33487,0,none,,,0
T0003055,D0003,shop_owner,2026-09-21 21:17:59,receive_money,in,518,01034623394,,person,none,income,,33487,34005,0,none,,,0
T0003056,D0003,shop_owner,2026-09-22 08:32:55,receive_money,in,299,01000059615,,person,none,income,,34005,34304,0,none,,,0
T0003057,D0003,shop_owner,2026-09-22 08:45:10,receive_money,in,343,01020836621,,person,none,income,,34304,34647,0,none,,,0
T0003058,D0003,shop_owner,2026-09-22 09:42:57,receive_money,in,119,01025546316,,person,none,income,,34647,34766,0,none,,,0
T0003059,D0003,shop_owner,2026-09-22 10:24:05,receive_money,in,310,01053316915,,person,none,income,,34766,35076,0,none,,,0
T0003060,D0003,shop_owner,2026-09-22 10:41:47,receive_money,in,308,01037103810,,person,none,income,,35076,35384,0,none,,,0
T0003061,D0003,shop_owner,2026-09-22 10:43:14,receive_money,in,89,01064061471,,person,none,income,,35384,35473,0,none,,,0
T0003062,D0004,irregular,2026-09-22 11:09:43,cash_out,out,400,A0239,Agent point A0239,agent,none,cash_withdrawal,cash_withdrawal,843,443,0,none,,,0
T0003063,D0003,shop_owner,2026-09-22 13:27:04,receive_money,in,1229,01081395190,,person,none,income,,35473,36702,0,none,,,0
T0003064,D0004,irregular,2026-09-22 15:55:55,mobile_recharge,out,20,OP-3,Operator C,operator,telecom,mobile_recharge,mobile_recharge,443,423,0,none,,,0
T0003065,D0004,irregular,2026-09-22 19:23:04,merchant_payment,out,269,M0018,Notun Bazar Mart (Savar),merchant,grocery,groceries,groceries,423,154,0,none,,,0
T0003066,D0003,shop_owner,2026-09-22 19:23:09,send_money,out,12500,01061394525,Arif (supplier),person,none,business_supplies,business,36702,24202,0,none,,,0
T0003067,D0003,shop_owner,2026-09-22 20:19:23,receive_money,in,1709,01025906389,,person,none,income,,24202,25911,0,none,,,0
T0003068,D0003,shop_owner,2026-09-22 21:31:41,receive_money,in,540,01028943543,,person,none,income,,25911,26451,0,none,,,0
T0003069,D0003,shop_owner,2026-09-22 21:59:06,receive_money,in,424,01028781886,,person,none,income,,26451,26875,0,none,,,0
T0003070,D0002,student,2026-09-23 01:33:46,merchant_payment,out,95,M0151,Dhaba Express (Gazipur),merchant,restaurant,eating_out,eating_out,959,864,0,none,,,0
T0003071,D0003,shop_owner,2026-09-23 06:25:27,receive_money,in,163,01007997525,,person,none,income,,26875,27038,0,none,,,0
T0003072,D0003,shop_owner,2026-09-23 08:32:19,receive_money,in,360,01069007153,,person,none,income,,27038,27398,0,none,,,0
T0003073,D0004,irregular,2026-09-23 09:00:28,receive_money,in,850,01020985059,Abdur (client),person,none,income,,154,1004,0,none,,,0
T0003074,D0003,shop_owner,2026-09-23 10:26:46,receive_money,in,722,01069678633,,person,none,income,,27398,28120,0,none,,,0
T0003075,D0003,shop_owner,2026-09-23 10:32:05,receive_money,in,236,01012668614,,person,none,income,,28120,28356,0,none,,,0
T0003076,D0003,shop_owner,2026-09-23 11:36:50,receive_money,in,423,01042147009,,person,none,income,,28356,28779,0,none,,,0
T0003077,D0003,shop_owner,2026-09-23 12:51:28,receive_money,in,927,01042026924,,person,none,income,,28779,29706,0,none,,,0
T0003078,D0003,shop_owner,2026-09-23 13:54:29,receive_money,in,305,01024590627,,person,none,income,,29706,30011,0,none,,,0
T0003079,D0001,salaried,2026-09-23 15:03:18,merchant_payment,out,388,M0216,Khichuri Kitchen (Rajshahi),merchant,restaurant,eating_out,eating_out,1369,981,0,none,,,0
T0003080,D0003,shop_owner,2026-09-23 15:13:50,receive_money,in,356,01031984211,,person,none,income,,30011,30367,0,none,,,0
T0003081,D0003,shop_owner,2026-09-23 15:34:36,receive_money,in,196,01070981578,,person,none,income,,30367,30563,0,none,,,0
T0003082,D0003,shop_owner,2026-09-23 16:26:59,receive_money,in,145,01098117916,,person,none,income,,30563,30708,0,none,,,0
T0003083,D0003,shop_owner,2026-09-23 17:52:28,merchant_payment,out,2694,M0456,Mohajon Supply (Rajshahi),merchant,wholesale,business_supplies,business_supplies,30708,28014,0,none,,,0
T0003084,D0003,shop_owner,2026-09-23 17:54:01,merchant_payment,out,5108,M0459,Bikroy Distributors (Uttara),merchant,wholesale,business_supplies,business_supplies,28014,22906,0,none,,,0
T0003085,D0004,irregular,2026-09-23 18:13:29,mobile_recharge,out,100,OP-3,Operator C,operator,telecom,mobile_recharge,mobile_recharge,1004,904,0,none,,,0
T0003086,D0003,shop_owner,2026-09-23 18:58:37,receive_money,in,128,01015910733,,person,none,income,,22906,23034,0,none,,,0
T0003087,D0003,shop_owner,2026-09-23 20:26:21,merchant_payment,out,5031,M0453,Mohajon Supply (Chattogram),merchant,wholesale,other,business_supplies,23034,18003,0,none,,,0
T0003088,D0002,student,2026-09-23 22:50:55,merchant_payment,out,524,M0191,Tehari House (Khulna),merchant,restaurant,eating_out,eating_out,864,340,0,none,,,0
T0003089,D0003,shop_owner,2026-09-24 07:20:38,receive_money,in,1227,01006535604,,person,none,income,,18003,19230,0,none,,,0
T0003090,D0001,salaried,2026-09-24 08:10:18,mobile_recharge,out,150,OP-2,Operator B,operator,telecom,mobile_recharge,mobile_recharge,981,831,0,none,,,0
T0003091,D0003,shop_owner,2026-09-24 09:23:20,receive_money,in,252,01057527245,,person,none,income,,19230,19482,0,none,,,0
T0003092,D0003,shop_owner,2026-09-24 11:58:37,receive_money,in,180,01012168393,,person,none,income,,19482,19662,0,none,,,0
T0003093,D0003,shop_owner,2026-09-24 13:32:15,receive_money,in,477,01055543414,,person,none,income,,19662,20139,0,none,,,0
T0003094,D0003,shop_owner,2026-09-24 16:28:10,receive_money,in,565,01067804057,,person,none,income,,20139,20704,0,none,,,0
T0003095,D0003,shop_owner,2026-09-24 16:34:58,receive_money,in,251,01059445320,,person,none,income,,20704,20955,0,none,,,0
T0003096,D0003,shop_owner,2026-09-24 16:57:25,receive_money,in,344,01048450926,,person,none,income,,20955,21299,0,none,,,0
T0003097,D0003,shop_owner,2026-09-24 17:39:21,merchant_payment,out,4028,M0453,Mohajon Supply (Chattogram),merchant,wholesale,business_supplies,business_supplies,21299,17271,0,none,,,0
T0003098,D0003,shop_owner,2026-09-24 18:10:56,receive_money,in,443,01052551899,,person,none,income,,17271,17714,0,none,,,0
T0003099,D0001,salaried,2026-09-24 18:15:56,merchant_payment,out,74,M0268,Launch Ticket Desk (Mohammadpur),merchant,transport,transport,transport,831,757,0,none,,,0
T0003100,D0003,shop_owner,2026-09-24 20:16:38,receive_money,in,264,01076732540,,person,none,income,,17714,17978,0,none,,,0
T0003101,D0003,shop_owner,2026-09-24 21:36:21,receive_money,in,315,01069678633,,person,none,income,,17978,18293,0,none,,,0
T0003102,D0002,student,2026-09-25 08:22:36,merchant_payment,out,222,M0151,Dhaba Express (Gazipur),merchant,restaurant,eating_out,eating_out,340,118,0,none,,,0
T0003103,D0001,salaried,2026-09-25 11:21:22,merchant_payment,out,411,M0001,Shapla General Store (Mirpur),merchant,grocery,groceries,groceries,757,346,0,none,,,0
T0003104,D0001,salaried,2026-09-25 12:26:27,cash_in,in,1500,A0119,Agent point A0119,agent,none,cash_in,,346,1846,0,none,,,0
T0003105,D0001,salaried,2026-09-25 12:42:27,merchant_payment,out,389,M0216,Khichuri Kitchen (Rajshahi),merchant,restaurant,eating_out,eating_out,1846,1457,0,none,,,0
T0003106,D0003,shop_owner,2026-09-25 14:04:00,send_money,out,5000,01028951418,Faisal (supplier),person,none,business_supplies,business,18293,13293,0,none,,,0
T0003107,D0004,irregular,2026-09-25 16:49:24,receive_money,in,400,01088691446,,person,none,income,,904,1304,0,none,,,0
T0003108,D0004,irregular,2026-09-25 18:05:51,mobile_recharge,out,50,OP-3,Operator C,operator,telecom,mobile_recharge,mobile_recharge,1304,1254,0,none,,,0
T0003109,D0004,irregular,2026-09-25 19:00:11,cash_out,out,400,A0038,Agent point A0038,agent,none,cash_withdrawal,cash_withdrawal,1254,854,0,none,,,0
T0003110,D0004,irregular,2026-09-25 19:18:31,cash_out,out,300,A0239,Agent point A0239,agent,none,cash_withdrawal,cash_withdrawal,854,554,0,none,,,0
T0003111,D0003,shop_owner,2026-09-26 08:30:15,receive_money,in,242,01027244534,,person,none,income,,13293,13535,0,none,,,0
T0003112,D0003,shop_owner,2026-09-26 09:01:49,receive_money,in,210,01083678502,,person,none,income,,13535,13745,0,none,,,0
T0003113,D0002,student,2026-09-26 09:07:01,merchant_payment,out,107,M0272,Launch Ticket Desk (Narayanganj),merchant,transport,transport,transport,118,11,0,none,,,0
T0003114,D0003,shop_owner,2026-09-26 09:47:31,send_money,out,450,01086180702,Sohel (friend),person,none,personal_transfer,friend,13745,13295,0,none,,,0
T0003115,D0003,shop_owner,2026-09-26 10:46:47,receive_money,in,229,01014033484,,person,none,income,,13295,13524,0,none,,,0
T0003116,D0004,irregular,2026-09-26 12:02:14,receive_money,in,1250,01027132612,,person,none,income,,554,1804,0,none,,,0
T0003117,D0004,irregular,2026-09-26 12:03:34,mobile_recharge,out,30,OP-3,Operator C,operator,telecom,mobile_recharge,mobile_recharge,1804,1774,0,none,,,0
T0003118,D0003,shop_owner,2026-09-26 12:40:31,receive_money,in,358,01093144952,,person,none,income,,13524,13882,0,none,,,0
T0003119,D0003,shop_owner,2026-09-26 13:12:53,receive_money,in,499,01030456247,,person,none,income,,13882,14381,0,none,,,0
T0003120,D0001,salaried,2026-09-26 17:57:59,merchant_payment,out,380,M0165,Mishti Mukh (Chattogram),merchant,restaurant,eating_out,eating_out,1457,1077,0,none,,,0
T0003121,D0003,shop_owner,2026-09-26 18:24:34,receive_money,in,826,01039635135,,person,none,income,,14381,15207,0,none,,,0
T0003122,D0003,shop_owner,2026-09-26 18:49:54,receive_money,in,97,01013503147,,person,none,income,,15207,15304,0,none,,,0
T0003123,D0003,shop_owner,2026-09-26 18:59:37,receive_money,in,233,01024368508,,person,none,income,,15304,15537,0,none,,,0
T0003124,D0003,shop_owner,2026-09-26 19:30:09,send_money,out,650,01014602012,Poly (friend),person,none,personal_transfer,friend,15537,14887,0,none,,,0
T0003125,D0003,shop_owner,2026-09-26 19:50:39,receive_money,in,580,01091871870,,person,none,income,,14887,15467,0,none,,,0
T0003126,D0003,shop_owner,2026-09-26 20:20:10,merchant_payment,out,589,M0071,Poribar Mart (Khulna),merchant,grocery,groceries,groceries,15467,14878,0,none,,,0
T0003127,D0003,shop_owner,2026-09-26 22:10:47,receive_money,in,336,01068093915,,person,none,income,,14878,15214,0,none,,,0
T0003128,D0003,shop_owner,2026-09-27 06:31:45,merchant_payment,out,2472,M0071,Poribar Mart (Khulna),merchant,grocery,groceries,groceries,15214,12742,0,none,,,0
T0003129,D0003,shop_owner,2026-09-27 07:10:49,receive_money,in,301,01025153390,,person,none,income,,12742,13043,0,none,,,0
T0003130,D0003,shop_owner,2026-09-27 09:44:47,receive_money,in,441,01006535604,,person,none,income,,13043,13484,0,none,,,0
T0003131,D0003,shop_owner,2026-09-27 10:13:13,receive_money,in,1164,01052389203,,person,none,income,,13484,14648,0,none,,,0
T0003132,D0001,salaried,2026-09-27 10:29:55,merchant_payment,out,696,M0001,Shapla General Store (Mirpur),merchant,grocery,groceries,groceries,1077,381,0,none,,,0
T0003133,D0003,shop_owner,2026-09-27 11:05:18,receive_money,in,408,01088189109,,person,none,income,,14648,15056,0,none,,,0
T0003134,D0003,shop_owner,2026-09-27 12:14:26,receive_money,in,252,01032933416,,person,none,income,,15056,15308,0,none,,,0
T0003135,D0003,shop_owner,2026-09-27 15:59:35,receive_money,in,634,01083289964,,person,none,income,,15308,15942,0,none,,,0
T0003136,D0003,shop_owner,2026-09-27 17:23:55,receive_money,in,171,01063944165,,person,none,income,,15942,16113,0,none,,,0
T0003137,D0002,student,2026-09-27 17:51:14,cash_in,in,500,A0036,Agent point A0036,agent,none,cash_in,,11,511,0,none,,,0
T0003138,D0002,student,2026-09-27 18:00:14,merchant_payment,out,166,M0151,Dhaba Express (Gazipur),merchant,restaurant,eating_out,eating_out,511,345,0,none,,,0
T0003139,D0003,shop_owner,2026-09-27 18:27:10,receive_money,in,338,01051490090,,person,none,income,,16113,16451,0,none,,,0
T0003140,D0003,shop_owner,2026-09-27 18:56:46,receive_money,in,156,01028781886,,person,none,income,,16451,16607,0,none,,,0
T0003141,D0003,shop_owner,2026-09-27 19:54:25,receive_money,in,302,01000059615,,person,none,income,,16607,16909,0,none,,,0
T0003142,D0002,student,2026-09-27 21:20:35,mobile_recharge,out,100,OP-2,Operator B,operator,telecom,mobile_recharge,mobile_recharge,345,245,0,none,,,0
T0003143,D0003,shop_owner,2026-09-27 21:40:03,receive_money,in,234,01023102704,,person,none,income,,16909,17143,0,none,,,0
T0003144,D0003,shop_owner,2026-09-27 23:04:38,receive_money,in,123,01061205212,,person,none,income,,17143,17266,0,none,,,0
T0003145,D0002,student,2026-09-28 06:50:12,merchant_payment,out,242,M0272,Launch Ticket Desk (Narayanganj),merchant,transport,transport,transport,245,3,0,none,,,0
T0003146,D0003,shop_owner,2026-09-28 09:33:30,receive_money,in,92,01085509818,,person,none,income,,17266,17358,0,none,,,0
T0003147,D0001,salaried,2026-09-28 10:20:24,merchant_payment,out,367,M0381,Arogya Medicine Corner (Chattogram),merchant,pharmacy,health,health,381,14,0,none,,,0
T0003148,D0001,salaried,2026-09-28 10:20:29,cash_in,in,3500,A0130,Agent point A0130,agent,none,cash_in,,14,3514,0,none,,,0
T0003149,D0004,irregular,2026-09-28 10:25:07,mobile_recharge,out,50,OP-3,Operator C,operator,telecom,mobile_recharge,mobile_recharge,1774,1724,0,none,,,0
T0003150,D0003,shop_owner,2026-09-28 10:35:22,receive_money,in,639,01020502241,,person,none,income,,17358,17997,0,none,,,0
T0003151,D0001,salaried,2026-09-28 10:58:09,merchant_payment,out,794,M0003,Shapla General Store (Uttara),merchant,grocery,groceries,groceries,3514,2720,0,none,,,0
T0003152,D0001,salaried,2026-09-28 11:55:21,merchant_payment,out,622,M0001,Shapla General Store (Mirpur),merchant,grocery,groceries,groceries,2720,2098,0,none,,,0
T0003153,D0003,shop_owner,2026-09-28 12:16:53,receive_money,in,332,01002938252,,person,none,income,,17997,18329,0,none,,,0
T0003154,D0003,shop_owner,2026-09-28 14:23:45,receive_money,in,567,01015804541,,person,none,income,,18329,18896,0,none,,,0
T0003155,D0003,shop_owner,2026-09-28 16:26:07,receive_money,in,1661,01070740654,,person,none,income,,18896,20557,0,none,,,0
T0003156,D0003,shop_owner,2026-09-28 17:54:00,receive_money,in,559,01062597508,,person,none,income,,20557,21116,0,none,,,0
T0003157,D0003,shop_owner,2026-09-28 18:36:26,receive_money,in,266,01064670995,,person,none,income,,21116,21382,0,none,,,0
T0003158,D0004,irregular,2026-09-28 18:39:19,mobile_recharge,out,50,OP-3,Operator C,operator,telecom,mobile_recharge,mobile_recharge,1724,1674,0,none,,,0
T0003159,D0003,shop_owner,2026-09-28 19:26:27,send_money,out,3000,01013315065,Abdur (friend),person,none,personal_transfer,friend,21382,18382,0,none,,,0
T0003160,D0003,shop_owner,2026-09-28 20:54:17,receive_money,in,730,01051785468,,person,none,income,,18382,19112,0,none,,,0
T0003161,D0004,irregular,2026-09-28 21:14:34,merchant_payment,out,333,M0082,Kacha Bazar Shop (Sylhet),merchant,grocery,groceries,groceries,1674,1341,0,none,,,0
T0003162,D0001,salaried,2026-09-28 21:24:11,merchant_payment,out,396,M0183,Tehari House (Uttara),merchant,restaurant,eating_out,eating_out,2098,1702,0,none,,,0
T0003163,D0003,shop_owner,2026-09-28 22:05:22,receive_money,in,644,01088189109,,person,none,income,,19112,19756,0,none,,,0
T0003164,D0004,irregular,2026-09-28 22:22:42,receive_money,in,600,01093614877,Hasib (client),person,none,income,,1341,1941,0,none,,,0
T0003165,D0004,irregular,2026-09-28 22:38:15,receive_money,in,1350,01003214842,,person,none,income,,1941,3291,0,none,,,0
T0003166,D0004,irregular,2026-09-28 22:39:44,cash_out,out,1500,A0038,Agent point A0038,agent,none,cash_withdrawal,cash_withdrawal,3291,1791,0,none,,,0
T0003167,D0002,student,2026-09-29 07:18:09,cash_in,in,500,A0036,Agent point A0036,agent,none,cash_in,,3,503,0,none,,,0
T0003168,D0002,student,2026-09-29 07:55:09,merchant_payment,out,209,M0258,Jatri Ride (Savar),merchant,transport,transport,transport,503,294,0,none,,,0
T0003169,D0004,irregular,2026-09-29 08:49:32,receive_money,in,500,01005144787,,person,none,income,,1791,2291,0,none,,,0
T0003170,D0003,shop_owner,2026-09-29 09:06:57,receive_money,in,116,01024289435,,person,none,income,,19756,19872,0,none,,,0
T0003171,D0003,shop_owner,2026-09-29 09:15:47,send_money,out,9000,01044146813,Babul (supplier),person,none,business_supplies,business,19872,10872,0,none,,,0
T0003172,D0003,shop_owner,2026-09-29 09:43:49,receive_money,in,717,01018610121,,person,none,income,,10872,11589,0,none,,,0
T0003173,D0003,shop_owner,2026-09-29 11:53:45,cash_in,in,8000,A0241,Agent point A0241,agent,none,cash_in,,11589,19589,0,none,,,0
T0003174,D0003,shop_owner,2026-09-29 12:18:45,send_money,out,16500,01044146813,Babul (supplier),person,none,other,business,19589,3089,0,none,,,0
T0003175,D0003,shop_owner,2026-09-29 13:18:35,receive_money,in,1054,01067848722,,person,none,income,,3089,4143,0,none,,,0
T0003176,D0003,shop_owner,2026-09-29 13:52:32,receive_money,in,84,01028781886,,person,none,income,,4143,4227,0,none,,,0
T0003177,D0004,irregular,2026-09-29 14:37:53,cash_out,out,1000,A0076,Agent point A0076,agent,none,cash_withdrawal,cash_withdrawal,2291,1291,0,none,,,0
T0003178,D0004,irregular,2026-09-29 14:59:53,send_money,out,100,01016485428,Mamun (friend),person,none,personal_transfer,friend,1291,1191,0,none,,,0
T0003179,D0003,shop_owner,2026-09-29 16:07:29,receive_money,in,41,01013503147,,person,none,income,,4227,4268,0,none,,,0
T0003180,D0002,student,2026-09-29 16:55:09,merchant_payment,out,269,M0189,Tehari House (Chattogram),merchant,restaurant,eating_out,eating_out,294,25,0,none,,,0
T0003181,D0003,shop_owner,2026-09-29 17:27:29,receive_money,in,321,01019548060,,person,none,income,,4268,4589,0,none,,,0
T0003182,D0003,shop_owner,2026-09-29 18:13:58,receive_money,in,377,01017293596,,person,none,income,,4589,4966,0,none,,,0
T0003183,D0003,shop_owner,2026-09-29 18:30:53,receive_money,in,294,01014099709,,person,none,income,,4966,5260,0,none,,,0
T0003184,D0003,shop_owner,2026-09-29 18:41:11,receive_money,in,223,01056761118,,person,none,income,,5260,5483,0,none,,,0
T0003185,D0003,shop_owner,2026-09-29 19:28:57,receive_money,in,987,01008001366,,person,none,income,,5483,6470,0,none,,,0
T0003186,D0003,shop_owner,2026-09-29 19:43:32,receive_money,in,402,01069623941,,person,none,income,,6470,6872,0,none,,,0
T0003187,D0003,shop_owner,2026-09-29 20:47:06,receive_money,in,180,01039452852,,person,none,income,,6872,7052,0,none,,,0
T0003188,D0004,irregular,2026-09-29 20:51:40,receive_money,in,850,01038975887,,person,none,income,,1191,2041,0,none,,,0
T0003189,D0003,shop_owner,2026-09-29 22:24:31,cash_out,out,7000,A0145,Agent point A0145,agent,none,cash_withdrawal,cash_withdrawal,7052,52,0,none,,,0
T0003190,D0003,shop_owner,2026-09-30 06:15:59,receive_money,in,486,01099221420,,person,none,income,,52,538,0,none,,,0
T0003191,D0001,salaried,2026-09-30 08:47:36,merchant_payment,out,148,M0226,City Ride (Sylhet),merchant,transport,transport,transport,1702,1554,0,none,,,0
T0003192,D0001,salaried,2026-09-30 10:14:11,merchant_payment,out,86,M0228,City Ride (Rajshahi),merchant,transport,transport,transport,1554,1468,0,none,,,0
T0003193,D0003,shop_owner,2026-09-30 10:36:46,receive_money,in,121,01047752703,,person,none,income,,538,659,0,none,,,0
T0003194,D0001,salaried,2026-09-30 11:30:36,merchant_payment,out,379,M0165,Mishti Mukh (Chattogram),merchant,restaurant,eating_out,eating_out,1468,1089,0,none,,,0
T0003195,D0003,shop_owner,2026-09-30 13:02:15,cash_in,in,15000,A0241,Agent point A0241,agent,none,cash_in,,659,15659,0,none,,,0
T0003196,D0003,shop_owner,2026-09-30 13:29:15,cash_out,out,11000,A0145,Agent point A0145,agent,none,cash_withdrawal,cash_withdrawal,15659,4659,0,none,,,0
T0003197,D0003,shop_owner,2026-09-30 13:33:09,receive_money,in,299,01088528492,,person,none,income,,4659,4958,0,none,,,0
T0003198,D0004,irregular,2026-09-30 14:32:07,receive_money,in,300,01020985059,Abdur (client),person,none,income,,2041,2341,0,none,,,0
T0003199,D0003,shop_owner,2026-09-30 15:55:40,receive_money,in,854,01088189109,,person,none,income,,4958,5812,0,none,,,0
T0003200,D0003,shop_owner,2026-09-30 16:55:33,receive_money,in,113,01000059615,,person,none,income,,5812,5925,0,none,,,0
T0003201,D0003,shop_owner,2026-09-30 17:25:22,receive_money,in,387,01000059615,,person,none,income,,5925,6312,0,none,,,0
T0003202,D0003,shop_owner,2026-09-30 17:27:20,receive_money,in,339,01015886657,,person,none,income,,6312,6651,0,none,,,0
T0003203,D0003,shop_owner,2026-09-30 17:53:01,receive_money,in,400,01027857627,,person,none,income,,6651,7051,0,none,,,0
T0003204,D0003,shop_owner,2026-09-30 20:29:58,receive_money,in,299,01071989647,,person,none,income,,7051,7350,0,none,,,0
T0003205,D0003,shop_owner,2026-09-30 20:43:58,receive_money,in,807,01001769515,,person,none,income,,7350,8157,0,none,,,0
T0003206,D0003,shop_owner,2026-09-30 23:31:12,receive_money,in,372,01097931232,,person,none,income,,8157,8529,0,none,,,0
T0003207,D0003,shop_owner,2026-09-30 23:38:11,receive_money,in,866,01059782082,,person,none,income,,8529,9395,0,none,,,0
T0003208,D0003,shop_owner,2026-09-30 23:54:01,receive_money,in,492,01029434004,,person,none,income,,9395,9887,0,none,,,0
T0003209,D0003,shop_owner,2026-10-01 09:12:35,receive_money,in,277,01017738410,,person,none,income,,9887,10164,0,none,,,0
T0003210,D0001,salaried,2026-10-01 12:36:15,salary_in,in,45000,E0333,Employer E0333,employer,none,income,,1089,46089,0,none,,,0
T0003211,D0003,shop_owner,2026-10-01 16:14:58,receive_money,in,301,01001640249,,person,none,income,,10164,10465,0,none,,,0
T0003212,D0003,shop_owner,2026-10-01 16:16:17,receive_money,in,648,01051285383,,person,none,income,,10465,11113,0,none,,,0
T0003213,D0003,shop_owner,2026-10-01 19:09:44,receive_money,in,345,01090697759,,person,none,income,,11113,11458,0,none,,,0
T0003214,D0001,salaried,2026-10-01 20:21:16,send_money,out,1600,01094533718,Babul (friend),person,none,personal_transfer,friend,46089,44489,0,none,,,0
T0003215,D0003,shop_owner,2026-10-01 21:10:52,merchant_payment,out,326,M0159,Mishti Mukh (Uttara),merchant,restaurant,eating_out,eating_out,11458,11132,0,none,,,0
T0003216,D0004,irregular,2026-10-01 21:17:07,merchant_payment,out,490,M0082,Kacha Bazar Shop (Sylhet),merchant,grocery,groceries,groceries,2341,1851,0,none,,,0
T0003217,D0003,shop_owner,2026-10-01 21:37:16,receive_money,in,128,01091871870,,person,none,income,,11132,11260,0,none,,,0
T0003218,D0001,salaried,2026-10-02 09:21:28,merchant_payment,out,675,M0003,Shapla General Store (Uttara),merchant,grocery,groceries,groceries,44489,43814,0,none,,,0
T0003219,D0001,salaried,2026-10-02 11:08:21,merchant_payment,out,380,M0216,Khichuri Kitchen (Rajshahi),merchant,restaurant,eating_out,eating_out,43814,43434,0,none,,,0
T0003220,D0004,irregular,2026-10-02 16:36:53,send_money,out,400,01078119998,,person,none,personal_transfer,friend,1851,1451,0,none,,,0
T0003221,D0004,irregular,2026-10-02 22:22:41,receive_money,in,1050,01020985059,Abdur (client),person,none,income,,1451,2501,0,none,,,0
T0003222,D0003,shop_owner,2026-10-03 06:05:57,receive_money,in,871,01067649501,,person,none,income,,11260,12131,0,none,,,0
T0003223,D0003,shop_owner,2026-10-03 09:37:31,receive_money,in,483,01041469829,,person,none,income,,12131,12614,0,none,,,0
T0003224,D0002,student,2026-10-03 10:13:56,cash_in,in,1000,A0036,Agent point A0036,agent,none,cash_in,,25,1025,0,none,,,0
T0003225,D0003,shop_owner,2026-10-03 10:21:30,receive_money,in,794,01020836621,,person,none,income,,12614,13408,0,none,,,0
T0003226,D0002,student,2026-10-03 10:37:56,merchant_payment,out,348,M0028,Rahman Store (Mohammadpur),merchant,grocery,groceries,groceries,1025,677,0,none,,,0
T0003227,D0003,shop_owner,2026-10-03 11:00:46,receive_money,in,201,01094431555,,person,none,income,,13408,13609,0,none,,,0
T0003228,D0003,shop_owner,2026-10-03 11:18:51,receive_money,in,345,01028781886,,person,none,income,,13609,13954,0,none,,,0
T0003229,D0001,salaried,2026-10-03 16:31:05,merchant_payment,out,389,M0165,Mishti Mukh (Chattogram),merchant,restaurant,eating_out,eating_out,43434,43045,0,none,,,0
T0003230,D0003,shop_owner,2026-10-03 18:23:59,receive_money,in,263,01045877398,,person,none,income,,13954,14217,0,none,,,0
T0003231,D0002,student,2026-10-03 18:45:23,merchant_payment,out,292,M0086,Jononi Traders (Dhanmondi),merchant,grocery,groceries,groceries,677,385,0,none,,,0
T0003232,D0003,shop_owner,2026-10-03 18:52:16,receive_money,in,441,01027530302,,person,none,income,,14217,14658,0,none,,,0
T0003233,D0003,shop_owner,2026-10-03 19:39:52,receive_money,in,882,01034197846,,person,none,income,,14658,15540,0,none,,,0
T0003234,D0003,shop_owner,2026-10-03 19:44:19,receive_money,in,243,01095949624,,person,none,income,,15540,15783,0,none,,,0
T0003235,D0004,irregular,2026-10-03 19:48:03,send_money,out,1400,01065520432,,person,none,personal_transfer,friend,2501,1101,0,none,,,0
T0003236,D0003,shop_owner,2026-10-03 19:54:59,receive_money,in,986,01077818257,,person,none,income,,15783,16769,0,none,,,0
T0003237,D0003,shop_owner,2026-10-03 20:32:08,receive_money,in,648,01097289025,,person,none,income,,16769,17417,0,none,,,0
T0003238,D0003,shop_owner,2026-10-03 20:32:51,receive_money,in,246,01082962776,,person,none,income,,17417,17663,0,none,,,0
T0003239,D0003,shop_owner,2026-10-03 20:40:25,receive_money,in,381,01076299470,,person,none,income,,17663,18044,0,none,,,0
T0003240,D0001,salaried,2026-10-03 20:46:57,send_money,out,15000,01075294314,Lima (landlord),person,none,rent,rent,43045,28045,0,none,,,0
T0003241,D0003,shop_owner,2026-10-03 22:00:41,receive_money,in,186,01081515069,,person,none,income,,18044,18230,0,none,,,0
T0003242,D0003,shop_owner,2026-10-04 06:24:46,receive_money,in,240,01062863333,,person,none,income,,18230,18470,0,none,,,0
T0003243,D0003,shop_owner,2026-10-04 07:03:05,receive_money,in,487,01001769515,,person,none,income,,18470,18957,0,none,,,0
T0003244,D0003,shop_owner,2026-10-04 08:25:16,receive_money,in,1059,01030355383,,person,none,income,,18957,20016,0,none,,,0
T0003245,D0003,shop_owner,2026-10-04 09:35:39,receive_money,in,522,01081062344,,person,none,income,,20016,20538,0,none,,,0
T0003246,D0003,shop_owner,2026-10-04 13:04:13,receive_money,in,177,01083647234,,person,none,income,,20538,20715,0,none,,,0
T0003247,D0004,irregular,2026-10-04 13:43:45,receive_money,in,1350,01093614877,Hasib (client),person,none,income,,1101,2451,0,none,,,0
T0003248,D0003,shop_owner,2026-10-04 14:42:59,receive_money,in,882,01051285383,,person,none,income,,20715,21597,0,none,,,0
T0003249,D0003,shop_owner,2026-10-04 14:52:16,receive_money,in,181,01007545296,,person,none,income,,21597,21778,0,none,,,0
T0003250,D0003,shop_owner,2026-10-04 17:18:09,merchant_payment,out,232,M0262,Jatri Ride (Sylhet),merchant,transport,transport,transport,21778,21546,0,none,,,0
T0003251,D0003,shop_owner,2026-10-04 19:55:16,receive_money,in,378,01030610314,,person,none,income,,21546,21924,0,none,,,0
T0003252,D0003,shop_owner,2026-10-04 20:05:24,receive_money,in,529,01072506798,,person,none,income,,21924,22453,0,none,,,0
T0003253,D0001,salaried,2026-10-04 20:10:31,mobile_recharge,out,100,OP-2,Operator B,operator,telecom,mobile_recharge,mobile_recharge,28045,27945,0,none,,,0
T0003254,D0003,shop_owner,2026-10-04 20:39:44,receive_money,in,273,01085231276,,person,none,income,,22453,22726,0,none,,,0
T0003255,D0003,shop_owner,2026-10-04 21:10:57,cash_in,in,12500,A0241,Agent point A0241,agent,none,cash_in,,22726,35226,0,none,,,0
T0003256,D0003,shop_owner,2026-10-04 21:18:57,cash_out,out,30000,A0241,Agent point A0241,agent,none,cash_withdrawal,cash_withdrawal,35226,5226,0,none,,,0
T0003257,D0003,shop_owner,2026-10-04 23:44:44,cash_out,out,4000,A0241,Agent point A0241,agent,none,cash_withdrawal,cash_withdrawal,5226,1226,0,none,,,0
T0003258,D0001,salaried,2026-10-05 07:18:57,merchant_payment,out,550,M0064,Poribar Mart (Mohammadpur),merchant,grocery,groceries,groceries,27945,27395,0,none,,,0
T0003259,D0003,shop_owner,2026-10-05 07:50:41,receive_money,in,317,01051285383,,person,none,income,,1226,1543,0,none,,,0
T0003260,D0003,shop_owner,2026-10-05 09:28:01,cash_in,in,14500,A0241,Agent point A0241,agent,none,cash_in,,1543,16043,0,none,,,0
T0003261,D0003,shop_owner,2026-10-05 09:36:01,merchant_payment,out,12473,M0456,Mohajon Supply (Rajshahi),merchant,wholesale,business_supplies,business_supplies,16043,3570,0,none,,,0
T0003262,D0003,shop_owner,2026-10-05 09:45:22,receive_money,in,718,01069036935,,person,none,income,,3570,4288,0,none,,,0
T0003263,D0001,salaried,2026-10-05 10:05:55,mobile_recharge,out,150,OP-2,Operator B,operator,telecom,mobile_recharge,mobile_recharge,27395,27245,0,none,,,0
T0003264,D0003,shop_owner,2026-10-05 10:12:16,receive_money,in,243,01088181029,,person,none,income,,4288,4531,0,none,,,0
T0003265,D0003,shop_owner,2026-10-05 10:48:50,receive_money,in,214,01013503147,,person,none,income,,4531,4745,0,none,,,0
T0003266,D0001,salaried,2026-10-05 11:27:49,send_money,out,8000,01060431815,Sumaiya (family),person,none,family_support,family_support,27245,19245,0,none,,,0
T0003267,D0003,shop_owner,2026-10-05 11:57:16,receive_money,in,947,01032933416,,person,none,income,,4745,5692,0,none,,,0
T0003268,D0003,shop_owner,2026-10-05 12:08:40,cash_out,out,5500,A0286,Agent point A0286,agent,none,cash_withdrawal,cash_withdrawal,5692,192,0,none,,,0
T0003269,D0003,shop_owner,2026-10-05 13:02:25,cash_in,in,6500,A0241,Agent point A0241,agent,none,cash_in,,192,6692,0,none,,,0
T0003270,D0001,salaried,2026-10-05 13:12:00,merchant_payment,out,380,M0216,Khichuri Kitchen (Rajshahi),merchant,restaurant,eating_out,eating_out,19245,18865,0,none,,,0
T0003271,D0003,shop_owner,2026-10-05 13:17:25,send_money,out,4400,01044146813,Babul (supplier),person,none,business_supplies,business,6692,2292,0,none,,,0
T0003272,D0003,shop_owner,2026-10-05 13:34:41,receive_money,in,153,01069576085,,person,none,income,,2292,2445,0,none,,,0
T0003273,D0003,shop_owner,2026-10-05 14:15:42,receive_money,in,180,01086075391,,person,none,income,,2445,2625,0,none,,,0
T0003274,D0004,irregular,2026-10-05 15:19:48,receive_money,in,1000,01061866158,Rubel (client),person,none,income,,2451,3451,0,none,,,0
T0003275,D0003,shop_owner,2026-10-05 16:09:59,receive_money,in,317,01073267285,,person,none,income,,2625,2942,0,none,,,0
T0003276,D0003,shop_owner,2026-10-05 18:32:24,receive_money,in,636,01013503147,,person,none,income,,2942,3578,0,none,,,0
T0003277,D0003,shop_owner,2026-10-05 18:36:36,receive_money,in,473,01005202846,,person,none,income,,3578,4051,0,none,,,0
T0003278,D0001,salaried,2026-10-05 20:45:43,merchant_payment,out,359,M0064,Poribar Mart (Mohammadpur),merchant,grocery,groceries,groceries,18865,18506,0,none,,,0
T0003279,D0003,shop_owner,2026-10-05 20:54:51,receive_money,in,302,01007565584,,person,none,income,,4051,4353,0,none,,,0
T0003280,D0003,shop_owner,2026-10-06 08:59:31,receive_money,in,471,01021029234,,person,none,income,,4353,4824,0,none,,,0
T0003281,D0003,shop_owner,2026-10-06 09:52:38,receive_money,in,1475,01001769515,,person,none,income,,4824,6299,0,none,,,0
T0003282,D0003,shop_owner,2026-10-06 09:53:16,merchant_payment,out,81,M0262,Jatri Ride (Sylhet),merchant,transport,transport,transport,6299,6218,0,none,,,0
T0003283,D0003,shop_owner,2026-10-06 09:53:21,cash_in,in,8500,A0241,Agent point A0241,agent,none,cash_in,,6218,14718,0,none,,,0
T0003284,D0003,shop_owner,2026-10-06 09:59:29,send_money,out,8000,01061394525,Arif (supplier),person,none,business_supplies,business,14718,6718,0,none,,,0
T0003285,D0003,shop_owner,2026-10-06 10:17:44,merchant_payment,out,344,M0018,Notun Bazar Mart (Savar),merchant,grocery,groceries,groceries,6718,6374,0,none,,,0
T0003286,D0003,shop_owner,2026-10-06 10:35:32,receive_money,in,1163,01014982188,,person,none,income,,6374,7537,0,none,,,0
T0003287,D0001,salaried,2026-10-06 13:19:00,merchant_payment,out,420,M0183,Tehari House (Uttara),merchant,restaurant,eating_out,eating_out,18506,18086,0,none,,,0
T0003288,D0003,shop_owner,2026-10-06 16:10:34,receive_money,in,372,01061793195,,person,none,income,,7537,7909,0,none,,,0
T0003289,D0003,shop_owner,2026-10-06 16:18:44,receive_money,in,307,01069833537,,person,none,income,,7909,8216,0,none,,,0
T0003290,D0003,shop_owner,2026-10-06 16:25:04,receive_money,in,716,01040566943,,person,none,income,,8216,8932,0,none,,,0
T0003291,D0003,shop_owner,2026-10-06 18:22:16,receive_money,in,407,01006892084,,person,none,income,,8932,9339,0,none,,,0
T0003292,D0001,salaried,2026-10-06 18:30:00,cash_out,out,4000,A0130,Agent point A0130,agent,none,cash_withdrawal,cash_withdrawal,18086,14086,0,none,,,0
T0003293,D0003,shop_owner,2026-10-06 18:52:51,receive_money,in,579,01091871870,,person,none,income,,9339,9918,0,none,,,0
T0003294,D0001,salaried,2026-10-06 19:53:30,send_money,out,2200,01015746624,Nipa (friend),person,none,personal_transfer,friend,14086,11886,0,none,,,0
T0003295,D0003,shop_owner,2026-10-06 20:03:07,receive_money,in,786,01041295653,,person,none,income,,9918,10704,0,none,,,0
T0003296,D0004,irregular,2026-10-06 20:44:14,receive_money,in,850,01020985059,Abdur (client),person,none,income,,3451,4301,0,none,,,0
T0003297,D0004,irregular,2026-10-06 20:58:24,mobile_recharge,out,50,OP-3,Operator C,operator,telecom,mobile_recharge,mobile_recharge,4301,4251,0,none,,,0
T0003298,D0002,student,2026-10-07 08:57:00,merchant_payment,out,144,M0258,Jatri Ride (Savar),merchant,transport,transport,transport,385,241,0,none,,,0
T0003299,D0003,shop_owner,2026-10-07 09:08:28,receive_money,in,656,01081500092,,person,none,income,,10704,11360,0,none,,,0
T0003300,D0003,shop_owner,2026-10-07 09:24:21,receive_money,in,239,01050703347,,person,none,income,,11360,11599,0,none,,,0
T0003301,D0003,shop_owner,2026-10-07 10:19:08,receive_money,in,160,01064908980,,person,none,income,,11599,11759,0,none,,,0
T0003302,D0003,shop_owner,2026-10-07 11:44:13,receive_money,in,306,01069678633,,person,none,income,,11759,12065,0,none,,,0
T0003303,D0003,shop_owner,2026-10-07 12:14:07,receive_money,in,352,01020836621,,person,none,income,,12065,12417,0,none,,,0
T0003304,D0003,shop_owner,2026-10-07 16:32:54,receive_money,in,322,01037606510,,person,none,income,,12417,12739,0,none,,,0
T0003305,D0003,shop_owner,2026-10-07 16:32:59,cash_in,in,8500,A0241,Agent point A0241,agent,none,cash_in,,12739,21239,0,none,,,0
T0003306,D0003,shop_owner,2026-10-07 16:51:19,send_money,out,17500,01062734169,Shanto (landlord),person,none,rent,rent,21239,3739,0,none,,,0
T0003307,D0004,irregular,2026-10-07 16:53:29,mobile_recharge,out,50,OP-3,Operator C,operator,telecom,mobile_recharge,mobile_recharge,4251,4201,0,none,,,0
T0003308,D0001,salaried,2026-10-07 17:40:00,cash_in,in,600,A0130,Agent point A0130,agent,none,cash_in,,11886,12486,0,none,,,0
T0003309,D0004,irregular,2026-10-07 17:57:46,cash_out,out,2500,A0038,Agent point A0038,agent,none,cash_withdrawal,cash_withdrawal,4201,1701,0,none,,,0
T0003310,D0001,salaried,2026-10-07 18:05:00,merchant_payment,out,836,M0064,Poribar Mart (Mohammadpur),merchant,grocery,groceries,groceries,12486,11650,0,none,,,0
T0003311,D0003,shop_owner,2026-10-07 19:03:25,cash_in,in,13500,A0231,Agent point A0231,agent,none,cash_in,,3739,17239,0,none,,,0
T0003312,D0003,shop_owner,2026-10-07 19:42:25,merchant_payment,out,12590,M0456,Mohajon Supply (Rajshahi),merchant,wholesale,business_supplies,business_supplies,17239,4649,0,none,,,0
T0003313,D0001,salaried,2026-10-07 20:26:00,merchant_payment,out,450,M0165,Mishti Mukh (Chattogram),merchant,restaurant,eating_out,eating_out,11650,11200,0,none,,,0
T0003314,D0004,irregular,2026-10-07 20:43:06,merchant_payment,out,152,M0191,Tehari House (Khulna),merchant,restaurant,eating_out,eating_out,1701,1549,0,none,,,0
T0003315,D0004,irregular,2026-10-07 22:12:02,mobile_recharge,out,50,OP-3,Operator C,operator,telecom,mobile_recharge,mobile_recharge,1549,1499,0,none,,,0
T0003316,D0001,salaried,2026-10-08 09:33:00,merchant_payment,out,400,M0131,Kabab Corner (Khulna),merchant,restaurant,eating_out,eating_out,11200,10800,0,none,,,0
T0003317,D0003,shop_owner,2026-10-08 10:07:08,receive_money,in,597,01026521238,,person,none,income,,4649,5246,0,none,,,0
T0003318,D0003,shop_owner,2026-10-08 10:18:32,receive_money,in,990,01081079654,,person,none,income,,5246,6236,0,none,,,0
T0003319,D0003,shop_owner,2026-10-08 11:34:22,receive_money,in,578,01013001993,,person,none,income,,6236,6814,0,none,,,0
T0003320,D0002,student,2026-10-08 11:35:00,cash_in,in,6300,A0036,Agent point A0036,agent,none,cash_in,,241,6541,0,none,,,0
T0003321,D0003,shop_owner,2026-10-08 11:35:00,cash_in,in,31000,A0241,Agent point A0241,agent,none,cash_in,,6814,37814,0,none,,,0
T0003322,D0004,irregular,2026-10-08 11:35:00,cash_in,in,2800,A0038,Agent point A0038,agent,none,cash_in,,1499,4299,0,none,,,0
T0003323,D0003,shop_owner,2026-10-08 11:42:02,receive_money,in,191,01069678633,,person,none,income,,37814,38005,0,none,,,0
